store_code,schedule_date,employee_id,slot_index,slot_start,slot_end,status_code,status_cn
US00001,2026-06-08,US202506260003,12,06:00,06:30,班,on_duty
US00001,2026-06-08,US202506260003,13,06:30,07:00,班,on_duty
US00001,2026-06-08,US202506260003,14,07:00,07:30,班,on_duty
US00001,2026-06-08,US202506260003,15,07:30,08:00,班,on_duty
US00001,2026-06-08,US202506260003,16,08:00,08:30,班,on_duty
US00001,2026-06-08,US202506260003,17,08:30,09:00,班,on_duty
US00001,2026-06-08,US202506260003,18,09:00,09:30,班,on_duty
US00001,2026-06-08,US202506260003,19,09:30,10:00,班,on_duty
US00001,2026-06-08,US202506260003,20,10:00,10:30,班,on_duty
US00001,2026-06-08,US202506260003,21,10:30,11:00,休,rest
US00001,2026-06-08,US202506260003,22,11:00,11:30,休,rest
US00001,2026-06-08,US202506260003,23,11:30,12:00,班,on_duty
US00001,2026-06-08,US202506260003,24,12:00,12:30,班,on_duty
US00001,2026-06-08,US202506260003,25,12:30,13:00,班,on_duty
US00001,2026-06-08,US202506260003,26,13:00,13:30,班,on_duty
US00001,2026-06-08,US202506260003,27,13:30,14:00,班,on_duty
US00001,2026-06-08,US202506260003,28,14:00,14:30,班,on_duty
US00001,2026-06-08,US202507090006,12,06:00,06:30,班,on_duty
US00001,2026-06-08,US202507090006,13,06:30,07:00,班,on_duty
US00001,2026-06-08,US202507090006,14,07:00,07:30,班,on_duty
US00001,2026-06-08,US202507090006,15,07:30,08:00,班,on_duty
US00001,2026-06-08,US202507090006,16,08:00,08:30,班,on_duty
US00001,2026-06-08,US202507090006,17,08:30,09:00,班,on_duty
US00001,2026-06-08,US202507090006,18,09:00,09:30,班,on_duty
US00001,2026-06-08,US202507090006,19,09:30,10:00,班,on_duty
US00001,2026-06-08,US202507090006,20,10:00,10:30,班,on_duty
US00001,2026-06-08,US202509160006,12,06:00,06:30,班,on_duty
US00001,2026-06-08,US202509160006,13,06:30,07:00,班,on_duty
US00001,2026-06-08,US202509160006,14,07:00,07:30,班,on_duty
US00001,2026-06-08,US202509160006,15,07:30,08:00,班,on_duty
US00001,2026-06-08,US202509160006,16,08:00,08:30,班,on_duty
US00001,2026-06-08,US202509160006,17,08:30,09:00,班,on_duty
US00001,2026-06-08,US202509160006,18,09:00,09:30,休,rest
US00001,2026-06-08,US202509160006,19,09:30,10:00,休,rest
US00001,2026-06-08,US202509160006,20,10:00,10:30,班,on_duty
US00001,2026-06-08,US202509160006,21,10:30,11:00,班,on_duty
US00001,2026-06-08,US202509160006,22,11:00,11:30,班,on_duty
US00001,2026-06-08,US202509160006,23,11:30,12:00,班,on_duty
US00001,2026-06-08,US202509160006,24,12:00,12:30,班,on_duty
US00001,2026-06-08,US202509160006,25,12:30,13:00,班,on_duty
US00001,2026-06-08,US202509160006,26,13:00,13:30,班,on_duty
US00001,2026-06-08,US202510140004,27,13:30,14:00,班,on_duty
US00001,2026-06-08,US202510140004,28,14:00,14:30,班,on_duty
US00001,2026-06-08,US202510140004,29,14:30,15:00,班,on_duty
US00001,2026-06-08,US202510140004,30,15:00,15:30,班,on_duty
US00001,2026-06-08,US202510140004,31,15:30,16:00,班,on_duty
US00001,2026-06-08,US202510140004,32,16:00,16:30,班,on_duty
US00001,2026-06-08,US202510140004,33,16:30,17:00,休,rest
US00001,2026-06-08,US202510140004,34,17:00,17:30,休,rest
US00001,2026-06-08,US202510140004,35,17:30,18:00,班,on_duty
US00001,2026-06-08,US202510140004,36,18:00,18:30,班,on_duty
US00001,2026-06-08,US202510140004,37,18:30,19:00,班,on_duty
US00001,2026-06-08,US202510140004,38,19:00,19:30,班,on_duty
US00001,2026-06-08,US202510140004,39,19:30,20:00,班,on_duty
US00001,2026-06-08,US202510140004,40,20:00,20:30,班,on_duty
US00001,2026-06-08,US202510140004,41,20:30,21:00,班,on_duty
US00001,2026-06-08,US202510140004,42,21:00,21:30,班,on_duty
US00001,2026-06-08,US202510140004,43,21:30,22:00,班,on_duty
US00001,2026-06-08,US202512220008,27,13:30,14:00,班,on_duty
US00001,2026-06-08,US202512220008,28,14:00,14:30,班,on_duty
US00001,2026-06-08,US202512220008,29,14:30,15:00,班,on_duty
US00001,2026-06-08,US202512220008,30,15:00,15:30,班,on_duty
US00001,2026-06-08,US202512220008,31,15:30,16:00,班,on_duty
US00001,2026-06-08,US202512220008,32,16:00,16:30,休,rest
US00001,2026-06-08,US202512220008,33,16:30,17:00,休,rest
US00001,2026-06-08,US202512220008,34,17:00,17:30,班,on_duty
US00001,2026-06-08,US202512220008,35,17:30,18:00,班,on_duty
US00001,2026-06-08,US202512220008,36,18:00,18:30,班,on_duty
US00001,2026-06-08,US202512220008,37,18:30,19:00,班,on_duty
US00001,2026-06-08,US202512220008,38,19:00,19:30,班,on_duty
US00001,2026-06-08,US202512220008,39,19:30,20:00,班,on_duty
US00001,2026-06-08,US202512220008,40,20:00,20:30,班,on_duty
US00001,2026-06-08,US202512220008,41,20:30,21:00,班,on_duty
US00001,2026-06-08,US202512220008,42,21:00,21:30,班,on_duty
US00001,2026-06-08,US202512220008,43,21:30,22:00,班,on_duty
US00001,2026-06-08,US202605120007,27,13:30,14:00,班,on_duty
US00001,2026-06-08,US202605120007,28,14:00,14:30,班,on_duty
US00001,2026-06-08,US202605120007,29,14:30,15:00,班,on_duty
US00001,2026-06-08,US202605120007,30,15:00,15:30,班,on_duty
US00001,2026-06-08,US202605120007,31,15:30,16:00,班,on_duty
US00001,2026-06-08,US202605120007,32,16:00,16:30,班,on_duty
US00001,2026-06-08,US202605120007,33,16:30,17:00,班,on_duty
US00001,2026-06-08,US202605120007,34,17:00,17:30,班,on_duty
US00001,2026-06-08,US202605120007,35,17:30,18:00,休,rest
US00001,2026-06-08,US202605120007,36,18:00,18:30,休,rest
US00001,2026-06-08,US202605120007,37,18:30,19:00,班,on_duty
US00001,2026-06-08,US202605120007,38,19:00,19:30,班,on_duty
US00001,2026-06-08,US202605120007,39,19:30,20:00,班,on_duty
US00001,2026-06-08,US202605120007,40,20:00,20:30,班,on_duty
US00001,2026-06-08,US202605120007,41,20:30,21:00,班,on_duty
US00001,2026-06-08,US202605120007,42,21:00,21:30,班,on_duty
US00001,2026-06-08,US202605120007,43,21:30,22:00,班,on_duty
US00001,2026-06-08,US202605260005,16,08:00,08:30,班,on_duty
US00001,2026-06-08,US202605260005,17,08:30,09:00,班,on_duty
US00001,2026-06-08,US202605260005,18,09:00,09:30,班,on_duty
US00001,2026-06-08,US202605260005,19,09:30,10:00,班,on_duty
US00001,2026-06-08,US202605260005,20,10:00,10:30,班,on_duty
US00001,2026-06-08,US202605260005,21,10:30,11:00,班,on_duty
US00001,2026-06-08,US202605260005,22,11:00,11:30,班,on_duty
US00001,2026-06-08,US202605260005,23,11:30,12:00,班,on_duty
US00001,2026-06-08,US202605260005,24,12:00,12:30,班,on_duty
US00001,2026-06-08,US202605260005,25,12:30,13:00,班,on_duty
US00001,2026-06-08,US202605260005,26,13:00,13:30,班,on_duty
US00001,2026-06-08,US202605260005,27,13:30,14:00,休,rest
US00001,2026-06-08,US202605260005,28,14:00,14:30,休,rest
US00001,2026-06-08,US202605260005,29,14:30,15:00,班,on_duty
US00001,2026-06-08,US202605260005,30,15:00,15:30,班,on_duty
US00001,2026-06-08,US202605260005,31,15:30,16:00,班,on_duty
US00001,2026-06-08,US202605260005,32,16:00,16:30,班,on_duty
US00001,2026-06-09,US202509300010,12,06:00,06:30,班,on_duty
US00001,2026-06-09,US202509300010,13,06:30,07:00,班,on_duty
US00001,2026-06-09,US202509300010,14,07:00,07:30,班,on_duty
US00001,2026-06-09,US202509300010,15,07:30,08:00,班,on_duty
US00001,2026-06-09,US202509300010,16,08:00,08:30,班,on_duty
US00001,2026-06-09,US202509300010,17,08:30,09:00,班,on_duty
US00001,2026-06-09,US202509300010,18,09:00,09:30,休,rest
US00001,2026-06-09,US202509300010,19,09:30,10:00,休,rest
US00001,2026-06-09,US202509300010,20,10:00,10:30,班,on_duty
US00001,2026-06-09,US202509300010,21,10:30,11:00,班,on_duty
US00001,2026-06-09,US202509300010,22,11:00,11:30,班,on_duty
US00001,2026-06-09,US202509300010,23,11:30,12:00,班,on_duty
US00001,2026-06-09,US202509300010,24,12:00,12:30,班,on_duty
US00001,2026-06-09,US202509300010,25,12:30,13:00,班,on_duty
US00001,2026-06-09,US202509300010,26,13:00,13:30,班,on_duty
US00001,2026-06-09,US202510140004,27,13:30,14:00,班,on_duty
US00001,2026-06-09,US202510140004,28,14:00,14:30,班,on_duty
US00001,2026-06-09,US202510140004,29,14:30,15:00,班,on_duty
US00001,2026-06-09,US202510140004,30,15:00,15:30,班,on_duty
US00001,2026-06-09,US202510140004,31,15:30,16:00,班,on_duty
US00001,2026-06-09,US202510140004,32,16:00,16:30,休,rest
US00001,2026-06-09,US202510140004,33,16:30,17:00,休,rest
US00001,2026-06-09,US202510140004,34,17:00,17:30,班,on_duty
US00001,2026-06-09,US202510140004,35,17:30,18:00,班,on_duty
US00001,2026-06-09,US202510140004,36,18:00,18:30,班,on_duty
US00001,2026-06-09,US202510140004,37,18:30,19:00,班,on_duty
US00001,2026-06-09,US202510140004,38,19:00,19:30,班,on_duty
US00001,2026-06-09,US202510140004,39,19:30,20:00,班,on_duty
US00001,2026-06-09,US202510140004,40,20:00,20:30,班,on_duty
US00001,2026-06-09,US202510140004,41,20:30,21:00,班,on_duty
US00001,2026-06-09,US202510140004,42,21:00,21:30,班,on_duty
US00001,2026-06-09,US202510140004,43,21:30,22:00,班,on_duty
US00001,2026-06-09,US202512220003,12,06:00,06:30,班,on_duty
US00001,2026-06-09,US202512220003,13,06:30,07:00,班,on_duty
US00001,2026-06-09,US202512220003,14,07:00,07:30,班,on_duty
US00001,2026-06-09,US202512220003,15,07:30,08:00,班,on_duty
US00001,2026-06-09,US202512220003,16,08:00,08:30,班,on_duty
US00001,2026-06-09,US202512220003,17,08:30,09:00,班,on_duty
US00001,2026-06-09,US202512220003,18,09:00,09:30,班,on_duty
US00001,2026-06-09,US202512220003,19,09:30,10:00,班,on_duty
US00001,2026-06-09,US202512220003,20,10:00,10:30,班,on_duty
US00001,2026-06-09,US202512220003,21,10:30,11:00,休,rest
US00001,2026-06-09,US202512220003,22,11:00,11:30,休,rest
US00001,2026-06-09,US202512220003,23,11:30,12:00,班,on_duty
US00001,2026-06-09,US202512220003,24,12:00,12:30,班,on_duty
US00001,2026-06-09,US202512220003,25,12:30,13:00,班,on_duty
US00001,2026-06-09,US202512220003,26,13:00,13:30,班,on_duty
US00001,2026-06-09,US202512220003,27,13:30,14:00,班,on_duty
US00001,2026-06-09,US202512220003,28,14:00,14:30,班,on_duty
US00001,2026-06-09,US202602240007,27,13:30,14:00,班,on_duty
US00001,2026-06-09,US202602240007,28,14:00,14:30,班,on_duty
US00001,2026-06-09,US202602240007,29,14:30,15:00,班,on_duty
US00001,2026-06-09,US202602240007,30,15:00,15:30,班,on_duty
US00001,2026-06-09,US202602240007,31,15:30,16:00,班,on_duty
US00001,2026-06-09,US202602240007,32,16:00,16:30,班,on_duty
US00001,2026-06-09,US202602240007,33,16:30,17:00,班,on_duty
US00001,2026-06-09,US202602240007,34,17:00,17:30,班,on_duty
US00001,2026-06-09,US202602240007,35,17:30,18:00,休,rest
US00001,2026-06-09,US202602240007,36,18:00,18:30,休,rest
US00001,2026-06-09,US202602240007,37,18:30,19:00,班,on_duty
US00001,2026-06-09,US202602240007,38,19:00,19:30,班,on_duty
US00001,2026-06-09,US202602240007,39,19:30,20:00,班,on_duty
US00001,2026-06-09,US202602240007,40,20:00,20:30,班,on_duty
US00001,2026-06-09,US202602240007,41,20:30,21:00,班,on_duty
US00001,2026-06-09,US202602240007,42,21:00,21:30,班,on_duty
US00001,2026-06-09,US202602240007,43,21:30,22:00,班,on_duty
US00001,2026-06-09,US202605120007,27,13:30,14:00,班,on_duty
US00001,2026-06-09,US202605120007,28,14:00,14:30,班,on_duty
US00001,2026-06-09,US202605120007,29,14:30,15:00,班,on_duty
US00001,2026-06-09,US202605120007,30,15:00,15:30,班,on_duty
US00001,2026-06-09,US202605120007,31,15:30,16:00,班,on_duty
US00001,2026-06-09,US202605120007,32,16:00,16:30,班,on_duty
US00001,2026-06-09,US202605120007,33,16:30,17:00,休,rest
US00001,2026-06-09,US202605120007,34,17:00,17:30,休,rest
US00001,2026-06-09,US202605120007,35,17:30,18:00,班,on_duty
US00001,2026-06-09,US202605120007,36,18:00,18:30,班,on_duty
US00001,2026-06-09,US202605120007,37,18:30,19:00,班,on_duty
US00001,2026-06-09,US202605120007,38,19:00,19:30,班,on_duty
US00001,2026-06-09,US202605120007,39,19:30,20:00,班,on_duty
US00001,2026-06-09,US202605120007,40,20:00,20:30,班,on_duty
US00001,2026-06-09,US202605120007,41,20:30,21:00,班,on_duty
US00001,2026-06-09,US202605120007,42,21:00,21:30,班,on_duty
US00001,2026-06-09,US202605120007,43,21:30,22:00,班,on_duty
US00001,2026-06-09,US202605260005,12,06:00,06:30,班,on_duty
US00001,2026-06-09,US202605260005,13,06:30,07:00,班,on_duty
US00001,2026-06-09,US202605260005,14,07:00,07:30,班,on_duty
US00001,2026-06-09,US202605260005,15,07:30,08:00,班,on_duty
US00001,2026-06-09,US202605260005,16,08:00,08:30,班,on_duty
US00001,2026-06-09,US202605260005,17,08:30,09:00,班,on_duty
US00001,2026-06-09,US202605260005,18,09:00,09:30,班,on_duty
US00001,2026-06-09,US202605260005,19,09:30,10:00,休,rest
US00001,2026-06-09,US202605260005,20,10:00,10:30,休,rest
US00001,2026-06-09,US202605260005,21,10:30,11:00,班,on_duty
US00001,2026-06-09,US202605260005,22,11:00,11:30,班,on_duty
US00001,2026-06-09,US202605260005,23,11:30,12:00,班,on_duty
US00001,2026-06-09,US202605260005,24,12:00,12:30,班,on_duty
US00001,2026-06-09,US202605260005,25,12:30,13:00,班,on_duty
US00001,2026-06-09,US202605260005,26,13:00,13:30,班,on_duty
US00001,2026-06-09,US202605260005,27,13:30,14:00,班,on_duty
US00001,2026-06-09,US202605260005,28,14:00,14:30,班,on_duty
US00001,2026-06-10,US202506260003,16,08:00,08:30,班,on_duty
US00001,2026-06-10,US202506260003,17,08:30,09:00,班,on_duty
US00001,2026-06-10,US202506260003,18,09:00,09:30,班,on_duty
US00001,2026-06-10,US202506260003,19,09:30,10:00,班,on_duty
US00001,2026-06-10,US202506260003,20,10:00,10:30,班,on_duty
US00001,2026-06-10,US202506260003,21,10:30,11:00,班,on_duty
US00001,2026-06-10,US202506260003,22,11:00,11:30,休,rest
US00001,2026-06-10,US202506260003,23,11:30,12:00,班,on_duty
US00001,2026-06-10,US202506260003,24,12:00,12:30,班,on_duty
US00001,2026-06-10,US202506260003,25,12:30,13:00,班,on_duty
US00001,2026-06-10,US202506260003,26,13:00,13:30,班,on_duty
US00001,2026-06-10,US202506260003,27,13:30,14:00,班,on_duty
US00001,2026-06-10,US202506260003,28,14:00,14:30,班,on_duty
US00001,2026-06-10,US202507090006,12,06:00,06:30,班,on_duty
US00001,2026-06-10,US202507090006,13,06:30,07:00,班,on_duty
US00001,2026-06-10,US202507090006,14,07:00,07:30,班,on_duty
US00001,2026-06-10,US202507090006,15,07:30,08:00,班,on_duty
US00001,2026-06-10,US202507090006,16,08:00,08:30,班,on_duty
US00001,2026-06-10,US202507090006,17,08:30,09:00,班,on_duty
US00001,2026-06-10,US202507090006,18,09:00,09:30,休,rest
US00001,2026-06-10,US202507090006,19,09:30,10:00,休,rest
US00001,2026-06-10,US202507090006,20,10:00,10:30,班,on_duty
US00001,2026-06-10,US202507090006,21,10:30,11:00,班,on_duty
US00001,2026-06-10,US202507090006,22,11:00,11:30,班,on_duty
US00001,2026-06-10,US202507090006,23,11:30,12:00,班,on_duty
US00001,2026-06-10,US202507090006,24,12:00,12:30,班,on_duty
US00001,2026-06-10,US202507090006,25,12:30,13:00,班,on_duty
US00001,2026-06-10,US202507090006,26,13:00,13:30,班,on_duty
US00001,2026-06-10,US202512220003,12,06:00,06:30,班,on_duty
US00001,2026-06-10,US202512220003,13,06:30,07:00,班,on_duty
US00001,2026-06-10,US202512220003,14,07:00,07:30,班,on_duty
US00001,2026-06-10,US202512220003,15,07:30,08:00,班,on_duty
US00001,2026-06-10,US202512220003,16,08:00,08:30,班,on_duty
US00001,2026-06-10,US202512220003,17,08:30,09:00,班,on_duty
US00001,2026-06-10,US202512220003,18,09:00,09:30,班,on_duty
US00001,2026-06-10,US202512220003,19,09:30,10:00,休,rest
US00001,2026-06-10,US202512220003,20,10:00,10:30,休,rest
US00001,2026-06-10,US202512220003,21,10:30,11:00,班,on_duty
US00001,2026-06-10,US202512220003,22,11:00,11:30,班,on_duty
US00001,2026-06-10,US202512220003,23,11:30,12:00,班,on_duty
US00001,2026-06-10,US202512220003,24,12:00,12:30,班,on_duty
US00001,2026-06-10,US202512220003,25,12:30,13:00,班,on_duty
US00001,2026-06-10,US202512220003,26,13:00,13:30,班,on_duty
US00001,2026-06-10,US202512220003,27,13:30,14:00,班,on_duty
US00001,2026-06-10,US202512220003,28,14:00,14:30,班,on_duty
US00001,2026-06-10,US202512220008,27,13:30,14:00,班,on_duty
US00001,2026-06-10,US202512220008,28,14:00,14:30,班,on_duty
US00001,2026-06-10,US202512220008,29,14:30,15:00,班,on_duty
US00001,2026-06-10,US202512220008,30,15:00,15:30,班,on_duty
US00001,2026-06-10,US202512220008,31,15:30,16:00,班,on_duty
US00001,2026-06-10,US202512220008,32,16:00,16:30,班,on_duty
US00001,2026-06-10,US202512220008,33,16:30,17:00,休,rest
US00001,2026-06-10,US202512220008,34,17:00,17:30,休,rest
US00001,2026-06-10,US202512220008,35,17:30,18:00,班,on_duty
US00001,2026-06-10,US202512220008,36,18:00,18:30,班,on_duty
US00001,2026-06-10,US202512220008,37,18:30,19:00,班,on_duty
US00001,2026-06-10,US202512220008,38,19:00,19:30,班,on_duty
US00001,2026-06-10,US202512220008,39,19:30,20:00,班,on_duty
US00001,2026-06-10,US202512220008,40,20:00,20:30,班,on_duty
US00001,2026-06-10,US202512220008,41,20:30,21:00,班,on_duty
US00001,2026-06-10,US202512220008,42,21:00,21:30,班,on_duty
US00001,2026-06-10,US202512220008,43,21:30,22:00,班,on_duty
US00001,2026-06-10,US202602240007,27,13:30,14:00,班,on_duty
US00001,2026-06-10,US202602240007,28,14:00,14:30,班,on_duty
US00001,2026-06-10,US202602240007,29,14:30,15:00,班,on_duty
US00001,2026-06-10,US202602240007,30,15:00,15:30,班,on_duty
US00001,2026-06-10,US202602240007,31,15:30,16:00,班,on_duty
US00001,2026-06-10,US202602240007,32,16:00,16:30,班,on_duty
US00001,2026-06-10,US202602240007,33,16:30,17:00,班,on_duty
US00001,2026-06-10,US202602240007,34,17:00,17:30,休,rest
US00001,2026-06-10,US202602240007,35,17:30,18:00,休,rest
US00001,2026-06-10,US202602240007,36,18:00,18:30,班,on_duty
US00001,2026-06-10,US202602240007,37,18:30,19:00,班,on_duty
US00001,2026-06-10,US202602240007,38,19:00,19:30,班,on_duty
US00001,2026-06-10,US202602240007,39,19:30,20:00,班,on_duty
US00001,2026-06-10,US202602240007,40,20:00,20:30,班,on_duty
US00001,2026-06-10,US202602240007,41,20:30,21:00,班,on_duty
US00001,2026-06-10,US202602240007,42,21:00,21:30,班,on_duty
US00001,2026-06-10,US202602240007,43,21:30,22:00,班,on_duty
US00001,2026-06-10,US202605120007,27,13:30,14:00,班,on_duty
US00001,2026-06-10,US202605120007,28,14:00,14:30,班,on_duty
US00001,2026-06-10,US202605120007,29,14:30,15:00,班,on_duty
US00001,2026-06-10,US202605120007,30,15:00,15:30,班,on_duty
US00001,2026-06-10,US202605120007,31,15:30,16:00,班,on_duty
US00001,2026-06-10,US202605120007,32,16:00,16:30,班,on_duty
US00001,2026-06-10,US202605120007,33,16:30,17:00,班,on_duty
US00001,2026-06-10,US202605120007,34,17:00,17:30,班,on_duty
US00001,2026-06-10,US202605120007,35,17:30,18:00,班,on_duty
US00001,2026-06-10,US202605120007,36,18:00,18:30,休,rest
US00001,2026-06-10,US202605120007,37,18:30,19:00,休,rest
US00001,2026-06-10,US202605120007,38,19:00,19:30,班,on_duty
US00001,2026-06-10,US202605120007,39,19:30,20:00,班,on_duty
US00001,2026-06-10,US202605120007,40,20:00,20:30,班,on_duty
US00001,2026-06-10,US202605120007,41,20:30,21:00,班,on_duty
US00001,2026-06-10,US202605120007,42,21:00,21:30,班,on_duty
US00001,2026-06-10,US202605120007,43,21:30,22:00,班,on_duty
US00001,2026-06-10,US202605190012,12,06:00,06:30,班,on_duty
US00001,2026-06-10,US202605190012,13,06:30,07:00,班,on_duty
US00001,2026-06-10,US202605190012,14,07:00,07:30,班,on_duty
US00001,2026-06-10,US202605190012,15,07:30,08:00,班,on_duty
US00001,2026-06-10,US202605190012,16,08:00,08:30,班,on_duty
US00001,2026-06-10,US202605190012,17,08:30,09:00,班,on_duty
US00001,2026-06-10,US202605190012,18,09:00,09:30,班,on_duty
US00001,2026-06-10,US202605190012,19,09:30,10:00,休,rest
US00001,2026-06-10,US202605190012,20,10:00,10:30,休,rest
US00001,2026-06-10,US202605190012,21,10:30,11:00,班,on_duty
US00001,2026-06-10,US202605190012,22,11:00,11:30,班,on_duty
US00001,2026-06-10,US202605190012,23,11:30,12:00,班,on_duty
US00001,2026-06-10,US202605190012,24,12:00,12:30,班,on_duty
US00001,2026-06-10,US202605190012,25,12:30,13:00,班,on_duty
US00001,2026-06-10,US202605190012,26,13:00,13:30,班,on_duty
US00001,2026-06-10,US202605190012,27,13:30,14:00,班,on_duty
US00001,2026-06-10,US202605190012,28,14:00,14:30,班,on_duty
US00001,2026-06-11,US202509160006,12,06:00,06:30,班,on_duty
US00001,2026-06-11,US202509160006,13,06:30,07:00,班,on_duty
US00001,2026-06-11,US202509160006,14,07:00,07:30,班,on_duty
US00001,2026-06-11,US202509160006,15,07:30,08:00,班,on_duty
US00001,2026-06-11,US202509160006,16,08:00,08:30,班,on_duty
US00001,2026-06-11,US202509160006,17,08:30,09:00,班,on_duty
US00001,2026-06-11,US202509160006,18,09:00,09:30,休,rest
US00001,2026-06-11,US202509160006,19,09:30,10:00,休,rest
US00001,2026-06-11,US202509160006,20,10:00,10:30,班,on_duty
US00001,2026-06-11,US202509160006,21,10:30,11:00,班,on_duty
US00001,2026-06-11,US202509160006,22,11:00,11:30,班,on_duty
US00001,2026-06-11,US202509160006,23,11:30,12:00,班,on_duty
US00001,2026-06-11,US202509160006,24,12:00,12:30,班,on_duty
US00001,2026-06-11,US202509160006,25,12:30,13:00,班,on_duty
US00001,2026-06-11,US202509160006,26,13:00,13:30,班,on_duty
US00001,2026-06-11,US202510140004,12,06:00,06:30,班,on_duty
US00001,2026-06-11,US202510140004,13,06:30,07:00,班,on_duty
US00001,2026-06-11,US202510140004,14,07:00,07:30,班,on_duty
US00001,2026-06-11,US202510140004,15,07:30,08:00,班,on_duty
US00001,2026-06-11,US202510140004,16,08:00,08:30,班,on_duty
US00001,2026-06-11,US202510140004,17,08:30,09:00,班,on_duty
US00001,2026-06-11,US202510140004,18,09:00,09:30,班,on_duty
US00001,2026-06-11,US202510140004,19,09:30,10:00,班,on_duty
US00001,2026-06-11,US202510140004,20,10:00,10:30,班,on_duty
US00001,2026-06-11,US202510140004,21,10:30,11:00,休,rest
US00001,2026-06-11,US202510140004,22,11:00,11:30,休,rest
US00001,2026-06-11,US202510140004,23,11:30,12:00,班,on_duty
US00001,2026-06-11,US202510140004,24,12:00,12:30,班,on_duty
US00001,2026-06-11,US202510140004,25,12:30,13:00,班,on_duty
US00001,2026-06-11,US202510140004,26,13:00,13:30,班,on_duty
US00001,2026-06-11,US202510140004,27,13:30,14:00,班,on_duty
US00001,2026-06-11,US202510140004,28,14:00,14:30,班,on_duty
US00001,2026-06-11,US202512220003,12,06:00,06:30,班,on_duty
US00001,2026-06-11,US202512220003,13,06:30,07:00,班,on_duty
US00001,2026-06-11,US202512220003,14,07:00,07:30,班,on_duty
US00001,2026-06-11,US202512220003,15,07:30,08:00,班,on_duty
US00001,2026-06-11,US202512220003,16,08:00,08:30,班,on_duty
US00001,2026-06-11,US202512220003,17,08:30,09:00,班,on_duty
US00001,2026-06-11,US202512220003,18,09:00,09:30,班,on_duty
US00001,2026-06-11,US202512220003,19,09:30,10:00,休,rest
US00001,2026-06-11,US202512220003,20,10:00,10:30,休,rest
US00001,2026-06-11,US202512220003,21,10:30,11:00,班,on_duty
US00001,2026-06-11,US202512220003,22,11:00,11:30,班,on_duty
US00001,2026-06-11,US202512220003,23,11:30,12:00,班,on_duty
US00001,2026-06-11,US202512220003,24,12:00,12:30,班,on_duty
US00001,2026-06-11,US202512220003,25,12:30,13:00,班,on_duty
US00001,2026-06-11,US202512220003,26,13:00,13:30,班,on_duty
US00001,2026-06-11,US202512220003,27,13:30,14:00,班,on_duty
US00001,2026-06-11,US202512220003,28,14:00,14:30,班,on_duty
US00001,2026-06-11,US202512220008,27,13:30,14:00,班,on_duty
US00001,2026-06-11,US202512220008,28,14:00,14:30,班,on_duty
US00001,2026-06-11,US202512220008,29,14:30,15:00,班,on_duty
US00001,2026-06-11,US202512220008,30,15:00,15:30,班,on_duty
US00001,2026-06-11,US202512220008,31,15:30,16:00,班,on_duty
US00001,2026-06-11,US202512220008,32,16:00,16:30,班,on_duty
US00001,2026-06-11,US202512220008,33,16:30,17:00,休,rest
US00001,2026-06-11,US202512220008,34,17:00,17:30,休,rest
US00001,2026-06-11,US202512220008,35,17:30,18:00,班,on_duty
US00001,2026-06-11,US202512220008,36,18:00,18:30,班,on_duty
US00001,2026-06-11,US202512220008,37,18:30,19:00,班,on_duty
US00001,2026-06-11,US202512220008,38,19:00,19:30,班,on_duty
US00001,2026-06-11,US202512220008,39,19:30,20:00,班,on_duty
US00001,2026-06-11,US202512220008,40,20:00,20:30,班,on_duty
US00001,2026-06-11,US202512220008,41,20:30,21:00,班,on_duty
US00001,2026-06-11,US202512220008,42,21:00,21:30,班,on_duty
US00001,2026-06-11,US202512220008,43,21:30,22:00,班,on_duty
US00001,2026-06-11,US202602240007,27,13:30,14:00,班,on_duty
US00001,2026-06-11,US202602240007,28,14:00,14:30,班,on_duty
US00001,2026-06-11,US202602240007,29,14:30,15:00,班,on_duty
US00001,2026-06-11,US202602240007,30,15:00,15:30,班,on_duty
US00001,2026-06-11,US202602240007,31,15:30,16:00,班,on_duty
US00001,2026-06-11,US202602240007,32,16:00,16:30,班,on_duty
US00001,2026-06-11,US202602240007,33,16:30,17:00,班,on_duty
US00001,2026-06-11,US202602240007,34,17:00,17:30,休,rest
US00001,2026-06-11,US202602240007,35,17:30,18:00,休,rest
US00001,2026-06-11,US202602240007,36,18:00,18:30,班,on_duty
US00001,2026-06-11,US202602240007,37,18:30,19:00,班,on_duty
US00001,2026-06-11,US202602240007,38,19:00,19:30,班,on_duty
US00001,2026-06-11,US202602240007,39,19:30,20:00,班,on_duty
US00001,2026-06-11,US202602240007,40,20:00,20:30,班,on_duty
US00001,2026-06-11,US202602240007,41,20:30,21:00,班,on_duty
US00001,2026-06-11,US202602240007,42,21:00,21:30,班,on_duty
US00001,2026-06-11,US202602240007,43,21:30,22:00,班,on_duty
US00001,2026-06-11,US202605190012,27,13:30,14:00,班,on_duty
US00001,2026-06-11,US202605190012,28,14:00,14:30,班,on_duty
US00001,2026-06-11,US202605190012,29,14:30,15:00,班,on_duty
US00001,2026-06-11,US202605190012,30,15:00,15:30,班,on_duty
US00001,2026-06-11,US202605190012,31,15:30,16:00,班,on_duty
US00001,2026-06-11,US202605190012,32,16:00,16:30,班,on_duty
US00001,2026-06-11,US202605190012,33,16:30,17:00,班,on_duty
US00001,2026-06-11,US202605190012,34,17:00,17:30,班,on_duty
US00001,2026-06-11,US202605190012,35,17:30,18:00,休,rest
US00001,2026-06-11,US202605190012,36,18:00,18:30,休,rest
US00001,2026-06-11,US202605190012,37,18:30,19:00,班,on_duty
US00001,2026-06-11,US202605190012,38,19:00,19:30,班,on_duty
US00001,2026-06-11,US202605190012,39,19:30,20:00,班,on_duty
US00001,2026-06-11,US202605190012,40,20:00,20:30,班,on_duty
US00001,2026-06-11,US202605190012,41,20:30,21:00,班,on_duty
US00001,2026-06-11,US202605190012,42,21:00,21:30,班,on_duty
US00001,2026-06-11,US202605190012,43,21:30,22:00,班,on_duty
US00001,2026-06-11,US202605260005,27,13:30,14:00,班,on_duty
US00001,2026-06-11,US202605260005,28,14:00,14:30,班,on_duty
US00001,2026-06-11,US202605260005,29,14:30,15:00,班,on_duty
US00001,2026-06-11,US202605260005,30,15:00,15:30,班,on_duty
US00001,2026-06-11,US202605260005,31,15:30,16:00,班,on_duty
US00001,2026-06-11,US202605260005,32,16:00,16:30,班,on_duty
US00001,2026-06-11,US202605260005,33,16:30,17:00,班,on_duty
US00001,2026-06-11,US202605260005,34,17:00,17:30,班,on_duty
US00001,2026-06-11,US202605260005,35,17:30,18:00,班,on_duty
US00001,2026-06-11,US202605260005,36,18:00,18:30,休,rest
US00001,2026-06-11,US202605260005,37,18:30,19:00,休,rest
US00001,2026-06-11,US202605260005,38,19:00,19:30,班,on_duty
US00001,2026-06-11,US202605260005,39,19:30,20:00,班,on_duty
US00001,2026-06-11,US202605260005,40,20:00,20:30,班,on_duty
US00001,2026-06-11,US202605260005,41,20:30,21:00,班,on_duty
US00001,2026-06-11,US202605260005,42,21:00,21:30,班,on_duty
US00001,2026-06-11,US202605260005,43,21:30,22:00,班,on_duty
US00001,2026-06-12,US202506260003,12,06:00,06:30,班,on_duty
US00001,2026-06-12,US202506260003,13,06:30,07:00,班,on_duty
US00001,2026-06-12,US202506260003,14,07:00,07:30,班,on_duty
US00001,2026-06-12,US202506260003,15,07:30,08:00,班,on_duty
US00001,2026-06-12,US202506260003,16,08:00,08:30,班,on_duty
US00001,2026-06-12,US202506260003,17,08:30,09:00,班,on_duty
US00001,2026-06-12,US202506260003,18,09:00,09:30,班,on_duty
US00001,2026-06-12,US202506260003,19,09:30,10:00,班,on_duty
US00001,2026-06-12,US202506260003,20,10:00,10:30,班,on_duty
US00001,2026-06-12,US202506260003,21,10:30,11:00,班,on_duty
US00001,2026-06-12,US202506260003,22,11:00,11:30,班,on_duty
US00001,2026-06-12,US202506260003,23,11:30,12:00,班,on_duty
US00001,2026-06-12,US202506260003,24,12:00,12:30,班,on_duty
US00001,2026-06-12,US202506260003,25,12:30,13:00,休,rest
US00001,2026-06-12,US202506260003,26,13:00,13:30,休,rest
US00001,2026-06-12,US202506260003,27,13:30,14:00,班,on_duty
US00001,2026-06-12,US202506260003,28,14:00,14:30,班,on_duty
US00001,2026-06-12,US202507090006,12,06:00,06:30,班,on_duty
US00001,2026-06-12,US202507090006,13,06:30,07:00,班,on_duty
US00001,2026-06-12,US202507090006,14,07:00,07:30,班,on_duty
US00001,2026-06-12,US202507090006,15,07:30,08:00,班,on_duty
US00001,2026-06-12,US202507090006,16,08:00,08:30,班,on_duty
US00001,2026-06-12,US202507090006,17,08:30,09:00,班,on_duty
US00001,2026-06-12,US202507090006,18,09:00,09:30,班,on_duty
US00001,2026-06-12,US202507090006,19,09:30,10:00,班,on_duty
US00001,2026-06-12,US202507090006,20,10:00,10:30,班,on_duty
US00001,2026-06-12,US202507090006,21,10:30,11:00,班,on_duty
US00001,2026-06-12,US202507090006,22,11:00,11:30,班,on_duty
US00001,2026-06-12,US202507090006,23,11:30,12:00,班,on_duty
US00001,2026-06-12,US202507090006,24,12:00,12:30,休,rest
US00001,2026-06-12,US202507090006,25,12:30,13:00,休,rest
US00001,2026-06-12,US202507090006,26,13:00,13:30,班,on_duty
US00001,2026-06-12,US202509160006,24,12:00,12:30,班,on_duty
US00001,2026-06-12,US202509160006,25,12:30,13:00,班,on_duty
US00001,2026-06-12,US202509160006,26,13:00,13:30,班,on_duty
US00001,2026-06-12,US202509160006,27,13:30,14:00,班,on_duty
US00001,2026-06-12,US202509160006,28,14:00,14:30,休,rest
US00001,2026-06-12,US202509160006,29,14:30,15:00,班,on_duty
US00001,2026-06-12,US202509160006,30,15:00,15:30,班,on_duty
US00001,2026-06-12,US202509160006,31,15:30,16:00,班,on_duty
US00001,2026-06-12,US202509160006,32,16:00,16:30,班,on_duty
US00001,2026-06-12,US202509160006,33,16:30,17:00,班,on_duty
US00001,2026-06-12,US202512220003,27,13:30,14:00,班,on_duty
US00001,2026-06-12,US202512220003,28,14:00,14:30,班,on_duty
US00001,2026-06-12,US202512220003,29,14:30,15:00,班,on_duty
US00001,2026-06-12,US202512220003,30,15:00,15:30,班,on_duty
US00001,2026-06-12,US202512220003,31,15:30,16:00,班,on_duty
US00001,2026-06-12,US202512220003,32,16:00,16:30,班,on_duty
US00001,2026-06-12,US202512220003,33,16:30,17:00,班,on_duty
US00001,2026-06-12,US202512220003,34,17:00,17:30,班,on_duty
US00001,2026-06-12,US202512220003,35,17:30,18:00,休,rest
US00001,2026-06-12,US202512220003,36,18:00,18:30,休,rest
US00001,2026-06-12,US202512220003,37,18:30,19:00,班,on_duty
US00001,2026-06-12,US202512220003,38,19:00,19:30,班,on_duty
US00001,2026-06-12,US202512220003,39,19:30,20:00,班,on_duty
US00001,2026-06-12,US202512220003,40,20:00,20:30,班,on_duty
US00001,2026-06-12,US202512220003,41,20:30,21:00,班,on_duty
US00001,2026-06-12,US202512220003,42,21:00,21:30,班,on_duty
US00001,2026-06-12,US202512220003,43,21:30,22:00,班,on_duty
US00001,2026-06-12,US202512220008,27,13:30,14:00,班,on_duty
US00001,2026-06-12,US202512220008,28,14:00,14:30,班,on_duty
US00001,2026-06-12,US202512220008,29,14:30,15:00,班,on_duty
US00001,2026-06-12,US202512220008,30,15:00,15:30,班,on_duty
US00001,2026-06-12,US202512220008,31,15:30,16:00,班,on_duty
US00001,2026-06-12,US202512220008,32,16:00,16:30,班,on_duty
US00001,2026-06-12,US202512220008,33,16:30,17:00,班,on_duty
US00001,2026-06-12,US202512220008,34,17:00,17:30,休,rest
US00001,2026-06-12,US202512220008,35,17:30,18:00,休,rest
US00001,2026-06-12,US202512220008,36,18:00,18:30,班,on_duty
US00001,2026-06-12,US202512220008,37,18:30,19:00,班,on_duty
US00001,2026-06-12,US202512220008,38,19:00,19:30,班,on_duty
US00001,2026-06-12,US202512220008,39,19:30,20:00,班,on_duty
US00001,2026-06-12,US202512220008,40,20:00,20:30,班,on_duty
US00001,2026-06-12,US202512220008,41,20:30,21:00,班,on_duty
US00001,2026-06-12,US202512220008,42,21:00,21:30,班,on_duty
US00001,2026-06-12,US202512220008,43,21:30,22:00,班,on_duty
US00001,2026-06-12,US202605120007,27,13:30,14:00,班,on_duty
US00001,2026-06-12,US202605120007,28,14:00,14:30,班,on_duty
US00001,2026-06-12,US202605120007,29,14:30,15:00,班,on_duty
US00001,2026-06-12,US202605120007,30,15:00,15:30,班,on_duty
US00001,2026-06-12,US202605120007,31,15:30,16:00,班,on_duty
US00001,2026-06-12,US202605120007,32,16:00,16:30,班,on_duty
US00001,2026-06-12,US202605120007,33,16:30,17:00,休,rest
US00001,2026-06-12,US202605120007,34,17:00,17:30,休,rest
US00001,2026-06-12,US202605120007,35,17:30,18:00,班,on_duty
US00001,2026-06-12,US202605120007,36,18:00,18:30,班,on_duty
US00001,2026-06-12,US202605120007,37,18:30,19:00,班,on_duty
US00001,2026-06-12,US202605120007,38,19:00,19:30,班,on_duty
US00001,2026-06-12,US202605120007,39,19:30,20:00,班,on_duty
US00001,2026-06-12,US202605120007,40,20:00,20:30,班,on_duty
US00001,2026-06-12,US202605120007,41,20:30,21:00,班,on_duty
US00001,2026-06-12,US202605120007,42,21:00,21:30,班,on_duty
US00001,2026-06-12,US202605120007,43,21:30,22:00,班,on_duty
US00001,2026-06-12,US202605260005,27,13:30,14:00,班,on_duty
US00001,2026-06-12,US202605260005,28,14:00,14:30,班,on_duty
US00001,2026-06-12,US202605260005,29,14:30,15:00,班,on_duty
US00001,2026-06-12,US202605260005,30,15:00,15:30,班,on_duty
US00001,2026-06-12,US202605260005,31,15:30,16:00,班,on_duty
US00001,2026-06-12,US202605260005,32,16:00,16:30,班,on_duty
US00001,2026-06-12,US202605260005,33,16:30,17:00,班,on_duty
US00001,2026-06-12,US202605260005,34,17:00,17:30,班,on_duty
US00001,2026-06-12,US202605260005,35,17:30,18:00,班,on_duty
US00001,2026-06-12,US202605260005,36,18:00,18:30,休,rest
US00001,2026-06-12,US202605260005,37,18:30,19:00,休,rest
US00001,2026-06-12,US202605260005,38,19:00,19:30,班,on_duty
US00001,2026-06-12,US202605260005,39,19:30,20:00,班,on_duty
US00001,2026-06-12,US202605260005,40,20:00,20:30,班,on_duty
US00001,2026-06-12,US202605260005,41,20:30,21:00,班,on_duty
US00001,2026-06-12,US202605260005,42,21:00,21:30,班,on_duty
US00001,2026-06-12,US202605260005,43,21:30,22:00,班,on_duty
US00001,2026-06-13,US202506260003,12,06:00,06:30,班,on_duty
US00001,2026-06-13,US202506260003,13,06:30,07:00,班,on_duty
US00001,2026-06-13,US202506260003,14,07:00,07:30,班,on_duty
US00001,2026-06-13,US202506260003,15,07:30,08:00,班,on_duty
US00001,2026-06-13,US202506260003,16,08:00,08:30,班,on_duty
US00001,2026-06-13,US202506260003,17,08:30,09:00,班,on_duty
US00001,2026-06-13,US202506260003,18,09:00,09:30,班,on_duty
US00001,2026-06-13,US202506260003,19,09:30,10:00,班,on_duty
US00001,2026-06-13,US202506260003,20,10:00,10:30,班,on_duty
US00001,2026-06-13,US202506260003,21,10:30,11:00,休,rest
US00001,2026-06-13,US202506260003,22,11:00,11:30,休,rest
US00001,2026-06-13,US202506260003,23,11:30,12:00,班,on_duty
US00001,2026-06-13,US202506260003,24,12:00,12:30,班,on_duty
US00001,2026-06-13,US202506260003,25,12:30,13:00,班,on_duty
US00001,2026-06-13,US202506260003,26,13:00,13:30,班,on_duty
US00001,2026-06-13,US202506260003,27,13:30,14:00,班,on_duty
US00001,2026-06-13,US202506260003,28,14:00,14:30,班,on_duty
US00001,2026-06-13,US202507090006,12,06:00,06:30,班,on_duty
US00001,2026-06-13,US202507090006,13,06:30,07:00,班,on_duty
US00001,2026-06-13,US202507090006,14,07:00,07:30,班,on_duty
US00001,2026-06-13,US202507090006,15,07:30,08:00,班,on_duty
US00001,2026-06-13,US202507090006,16,08:00,08:30,班,on_duty
US00001,2026-06-13,US202507090006,17,08:30,09:00,班,on_duty
US00001,2026-06-13,US202507090006,18,09:00,09:30,班,on_duty
US00001,2026-06-13,US202507090006,19,09:30,10:00,班,on_duty
US00001,2026-06-13,US202507090006,20,10:00,10:30,休,rest
US00001,2026-06-13,US202507090006,21,10:30,11:00,休,rest
US00001,2026-06-13,US202507090006,22,11:00,11:30,班,on_duty
US00001,2026-06-13,US202507090006,23,11:30,12:00,班,on_duty
US00001,2026-06-13,US202507090006,24,12:00,12:30,班,on_duty
US00001,2026-06-13,US202507090006,25,12:30,13:00,班,on_duty
US00001,2026-06-13,US202507090006,26,13:00,13:30,班,on_duty
US00001,2026-06-13,US202510140004,27,13:30,14:00,班,on_duty
US00001,2026-06-13,US202510140004,28,14:00,14:30,班,on_duty
US00001,2026-06-13,US202510140004,29,14:30,15:00,班,on_duty
US00001,2026-06-13,US202510140004,30,15:00,15:30,班,on_duty
US00001,2026-06-13,US202510140004,31,15:30,16:00,班,on_duty
US00001,2026-06-13,US202510140004,32,16:00,16:30,班,on_duty
US00001,2026-06-13,US202510140004,33,16:30,17:00,班,on_duty
US00001,2026-06-13,US202510140004,34,17:00,17:30,休,rest
US00001,2026-06-13,US202510140004,35,17:30,18:00,休,rest
US00001,2026-06-13,US202510140004,36,18:00,18:30,班,on_duty
US00001,2026-06-13,US202510140004,37,18:30,19:00,班,on_duty
US00001,2026-06-13,US202510140004,38,19:00,19:30,班,on_duty
US00001,2026-06-13,US202510140004,39,19:30,20:00,班,on_duty
US00001,2026-06-13,US202510140004,40,20:00,20:30,班,on_duty
US00001,2026-06-13,US202510140004,41,20:30,21:00,班,on_duty
US00001,2026-06-13,US202510140004,42,21:00,21:30,班,on_duty
US00001,2026-06-13,US202510140004,43,21:30,22:00,班,on_duty
US00001,2026-06-13,US202602240007,27,13:30,14:00,班,on_duty
US00001,2026-06-13,US202602240007,28,14:00,14:30,班,on_duty
US00001,2026-06-13,US202602240007,29,14:30,15:00,班,on_duty
US00001,2026-06-13,US202602240007,30,15:00,15:30,班,on_duty
US00001,2026-06-13,US202602240007,31,15:30,16:00,班,on_duty
US00001,2026-06-13,US202602240007,32,16:00,16:30,班,on_duty
US00001,2026-06-13,US202602240007,33,16:30,17:00,班,on_duty
US00001,2026-06-13,US202602240007,34,17:00,17:30,班,on_duty
US00001,2026-06-13,US202602240007,35,17:30,18:00,休,rest
US00001,2026-06-13,US202602240007,36,18:00,18:30,休,rest
US00001,2026-06-13,US202602240007,37,18:30,19:00,班,on_duty
US00001,2026-06-13,US202602240007,38,19:00,19:30,班,on_duty
US00001,2026-06-13,US202602240007,39,19:30,20:00,班,on_duty
US00001,2026-06-13,US202602240007,40,20:00,20:30,班,on_duty
US00001,2026-06-13,US202602240007,41,20:30,21:00,班,on_duty
US00001,2026-06-13,US202602240007,42,21:00,21:30,班,on_duty
US00001,2026-06-13,US202602240007,43,21:30,22:00,班,on_duty
US00001,2026-06-13,US202605190012,21,10:30,11:00,班,on_duty
US00001,2026-06-13,US202605190012,22,11:00,11:30,班,on_duty
US00001,2026-06-13,US202605190012,23,11:30,12:00,班,on_duty
US00001,2026-06-13,US202605190012,24,12:00,12:30,班,on_duty
US00001,2026-06-13,US202605190012,25,12:30,13:00,班,on_duty
US00001,2026-06-13,US202605190012,26,13:00,13:30,班,on_duty
US00001,2026-06-13,US202605190012,27,13:30,14:00,休,rest
US00001,2026-06-13,US202605190012,28,14:00,14:30,班,on_duty
US00001,2026-06-13,US202605190012,29,14:30,15:00,班,on_duty
US00001,2026-06-13,US202605190012,30,15:00,15:30,班,on_duty
US00001,2026-06-13,US202605190012,31,15:30,16:00,班,on_duty
US00001,2026-06-13,US202605190012,32,16:00,16:30,班,on_duty
US00001,2026-06-13,US202605190012,33,16:30,17:00,班,on_duty
US00001,2026-06-13,US202605190012,34,17:00,17:30,班,on_duty
US00001,2026-06-13,US202605190012,35,17:30,18:00,班,on_duty
US00001,2026-06-13,US202605190012,36,18:00,18:30,班,on_duty
US00001,2026-06-13,US202605190012,37,18:30,19:00,班,on_duty
US00001,2026-06-13,US202605260005,27,13:30,14:00,班,on_duty
US00001,2026-06-13,US202605260005,28,14:00,14:30,班,on_duty
US00001,2026-06-13,US202605260005,29,14:30,15:00,班,on_duty
US00001,2026-06-13,US202605260005,30,15:00,15:30,班,on_duty
US00001,2026-06-13,US202605260005,31,15:30,16:00,班,on_duty
US00001,2026-06-13,US202605260005,32,16:00,16:30,班,on_duty
US00001,2026-06-13,US202605260005,33,16:30,17:00,班,on_duty
US00001,2026-06-13,US202605260005,34,17:00,17:30,班,on_duty
US00001,2026-06-13,US202605260005,35,17:30,18:00,班,on_duty
US00001,2026-06-13,US202605260005,36,18:00,18:30,班,on_duty
US00001,2026-06-13,US202605260005,37,18:30,19:00,休,rest
US00001,2026-06-13,US202605260005,38,19:00,19:30,休,rest
US00001,2026-06-13,US202605260005,39,19:30,20:00,班,on_duty
US00001,2026-06-13,US202605260005,40,20:00,20:30,班,on_duty
US00001,2026-06-13,US202605260005,41,20:30,21:00,班,on_duty
US00001,2026-06-13,US202605260005,42,21:00,21:30,班,on_duty
US00001,2026-06-13,US202605260005,43,21:30,22:00,班,on_duty
US00001,2026-06-14,US202506260003,12,06:00,06:30,班,on_duty
US00001,2026-06-14,US202506260003,13,06:30,07:00,班,on_duty
US00001,2026-06-14,US202506260003,14,07:00,07:30,班,on_duty
US00001,2026-06-14,US202506260003,15,07:30,08:00,班,on_duty
US00001,2026-06-14,US202506260003,16,08:00,08:30,班,on_duty
US00001,2026-06-14,US202506260003,17,08:30,09:00,休,rest
US00001,2026-06-14,US202506260003,18,09:00,09:30,休,rest
US00001,2026-06-14,US202506260003,19,09:30,10:00,班,on_duty
US00001,2026-06-14,US202506260003,20,10:00,10:30,班,on_duty
US00001,2026-06-14,US202506260003,21,10:30,11:00,班,on_duty
US00001,2026-06-14,US202506260003,22,11:00,11:30,班,on_duty
US00001,2026-06-14,US202506260003,23,11:30,12:00,班,on_duty
US00001,2026-06-14,US202506260003,24,12:00,12:30,班,on_duty
US00001,2026-06-14,US202506260003,25,12:30,13:00,班,on_duty
US00001,2026-06-14,US202506260003,26,13:00,13:30,班,on_duty
US00001,2026-06-14,US202506260003,27,13:30,14:00,班,on_duty
US00001,2026-06-14,US202506260003,28,14:00,14:30,班,on_duty
US00001,2026-06-14,US202507090006,12,06:00,06:30,班,on_duty
US00001,2026-06-14,US202507090006,13,06:30,07:00,班,on_duty
US00001,2026-06-14,US202507090006,14,07:00,07:30,班,on_duty
US00001,2026-06-14,US202507090006,15,07:30,08:00,班,on_duty
US00001,2026-06-14,US202507090006,16,08:00,08:30,班,on_duty
US00001,2026-06-14,US202507090006,17,08:30,09:00,班,on_duty
US00001,2026-06-14,US202507090006,18,09:00,09:30,班,on_duty
US00001,2026-06-14,US202510140004,27,13:30,14:00,班,on_duty
US00001,2026-06-14,US202510140004,28,14:00,14:30,班,on_duty
US00001,2026-06-14,US202510140004,29,14:30,15:00,班,on_duty
US00001,2026-06-14,US202510140004,30,15:00,15:30,班,on_duty
US00001,2026-06-14,US202510140004,31,15:30,16:00,班,on_duty
US00001,2026-06-14,US202510140004,32,16:00,16:30,班,on_duty
US00001,2026-06-14,US202510140004,33,16:30,17:00,休,rest
US00001,2026-06-14,US202510140004,34,17:00,17:30,休,rest
US00001,2026-06-14,US202510140004,35,17:30,18:00,班,on_duty
US00001,2026-06-14,US202510140004,36,18:00,18:30,班,on_duty
US00001,2026-06-14,US202510140004,37,18:30,19:00,班,on_duty
US00001,2026-06-14,US202510140004,38,19:00,19:30,班,on_duty
US00001,2026-06-14,US202510140004,39,19:30,20:00,班,on_duty
US00001,2026-06-14,US202510140004,40,20:00,20:30,班,on_duty
US00001,2026-06-14,US202510140004,41,20:30,21:00,班,on_duty
US00001,2026-06-14,US202510140004,42,21:00,21:30,班,on_duty
US00001,2026-06-14,US202510140004,43,21:30,22:00,班,on_duty
US00001,2026-06-14,US202512220008,27,13:30,14:00,班,on_duty
US00001,2026-06-14,US202512220008,28,14:00,14:30,班,on_duty
US00001,2026-06-14,US202512220008,29,14:30,15:00,班,on_duty
US00001,2026-06-14,US202512220008,30,15:00,15:30,班,on_duty
US00001,2026-06-14,US202512220008,31,15:30,16:00,班,on_duty
US00001,2026-06-14,US202512220008,32,16:00,16:30,班,on_duty
US00001,2026-06-14,US202512220008,33,16:30,17:00,班,on_duty
US00001,2026-06-14,US202512220008,34,17:00,17:30,休,rest
US00001,2026-06-14,US202512220008,35,17:30,18:00,休,rest
US00001,2026-06-14,US202512220008,36,18:00,18:30,班,on_duty
US00001,2026-06-14,US202512220008,37,18:30,19:00,班,on_duty
US00001,2026-06-14,US202512220008,38,19:00,19:30,班,on_duty
US00001,2026-06-14,US202512220008,39,19:30,20:00,班,on_duty
US00001,2026-06-14,US202512220008,40,20:00,20:30,班,on_duty
US00001,2026-06-14,US202512220008,41,20:30,21:00,班,on_duty
US00001,2026-06-14,US202512220008,42,21:00,21:30,班,on_duty
US00001,2026-06-14,US202512220008,43,21:30,22:00,班,on_duty
US00001,2026-06-14,US202602240007,27,13:30,14:00,班,on_duty
US00001,2026-06-14,US202602240007,28,14:00,14:30,班,on_duty
US00001,2026-06-14,US202602240007,29,14:30,15:00,班,on_duty
US00001,2026-06-14,US202602240007,30,15:00,15:30,班,on_duty
US00001,2026-06-14,US202602240007,31,15:30,16:00,班,on_duty
US00001,2026-06-14,US202602240007,32,16:00,16:30,班,on_duty
US00001,2026-06-14,US202602240007,33,16:30,17:00,班,on_duty
US00001,2026-06-14,US202602240007,34,17:00,17:30,班,on_duty
US00001,2026-06-14,US202602240007,35,17:30,18:00,班,on_duty
US00001,2026-06-14,US202602240007,36,18:00,18:30,休,rest
US00001,2026-06-14,US202602240007,37,18:30,19:00,休,rest
US00001,2026-06-14,US202602240007,38,19:00,19:30,班,on_duty
US00001,2026-06-14,US202602240007,39,19:30,20:00,班,on_duty
US00001,2026-06-14,US202602240007,40,20:00,20:30,班,on_duty
US00001,2026-06-14,US202602240007,41,20:30,21:00,班,on_duty
US00001,2026-06-14,US202602240007,42,21:00,21:30,班,on_duty
US00001,2026-06-14,US202602240007,43,21:30,22:00,班,on_duty
US00001,2026-06-14,US202605120007,17,08:30,09:00,班,on_duty
US00001,2026-06-14,US202605120007,18,09:00,09:30,班,on_duty
US00001,2026-06-14,US202605120007,19,09:30,10:00,班,on_duty
US00001,2026-06-14,US202605120007,20,10:00,10:30,班,on_duty
US00001,2026-06-14,US202605120007,21,10:30,11:00,班,on_duty
US00001,2026-06-14,US202605120007,22,11:00,11:30,班,on_duty
US00001,2026-06-14,US202605120007,23,11:30,12:00,班,on_duty
US00001,2026-06-14,US202605120007,24,12:00,12:30,休,rest
US00001,2026-06-14,US202605120007,25,12:30,13:00,班,on_duty
US00001,2026-06-14,US202605120007,26,13:00,13:30,班,on_duty
US00001,2026-06-14,US202605120007,27,13:30,14:00,班,on_duty
US00001,2026-06-14,US202605120007,28,14:00,14:30,班,on_duty
US00001,2026-06-14,US202605120007,29,14:30,15:00,班,on_duty
US00001,2026-06-14,US202605120007,30,15:00,15:30,班,on_duty
US00001,2026-06-14,US202605120007,31,15:30,16:00,班,on_duty
US00001,2026-06-14,US202605120007,32,16:00,16:30,班,on_duty
US00001,2026-06-14,US202605120007,33,16:30,17:00,班,on_duty
US00001,2026-06-14,US202605190012,20,10:00,10:30,班,on_duty
US00001,2026-06-14,US202605190012,21,10:30,11:00,班,on_duty
US00001,2026-06-14,US202605190012,22,11:00,11:30,班,on_duty
US00001,2026-06-14,US202605190012,23,11:30,12:00,班,on_duty
US00001,2026-06-14,US202605190012,24,12:00,12:30,班,on_duty
US00001,2026-06-14,US202605190012,25,12:30,13:00,班,on_duty
US00001,2026-06-14,US202605190012,26,13:00,13:30,班,on_duty
US00001,2026-06-14,US202605190012,27,13:30,14:00,休,rest
US00001,2026-06-14,US202605190012,28,14:00,14:30,班,on_duty
US00001,2026-06-14,US202605190012,29,14:30,15:00,班,on_duty
US00001,2026-06-14,US202605190012,30,15:00,15:30,班,on_duty
US00001,2026-06-14,US202605190012,31,15:30,16:00,班,on_duty
US00001,2026-06-14,US202605190012,32,16:00,16:30,班,on_duty
US00001,2026-06-14,US202605190012,33,16:30,17:00,班,on_duty
US00001,2026-06-14,US202605190012,34,17:00,17:30,班,on_duty
US00001,2026-06-14,US202605190012,35,17:30,18:00,班,on_duty
US00001,2026-06-14,US202605190012,36,18:00,18:30,班,on_duty
US00002,2026-06-08,US202506180003,12,06:00,06:30,班,on_duty
US00002,2026-06-08,US202506180003,13,06:30,07:00,班,on_duty
US00002,2026-06-08,US202506180003,14,07:00,07:30,班,on_duty
US00002,2026-06-08,US202506180003,15,07:30,08:00,班,on_duty
US00002,2026-06-08,US202506180003,16,08:00,08:30,班,on_duty
US00002,2026-06-08,US202506180003,17,08:30,09:00,班,on_duty
US00002,2026-06-08,US202506180003,18,09:00,09:30,班,on_duty
US00002,2026-06-08,US202506180003,19,09:30,10:00,班,on_duty
US00002,2026-06-08,US202506180003,20,10:00,10:30,班,on_duty
US00002,2026-06-08,US202506180003,21,10:30,11:00,班,on_duty
US00002,2026-06-08,US202506180003,22,11:00,11:30,休,rest
US00002,2026-06-08,US202506180003,23,11:30,12:00,休,rest
US00002,2026-06-08,US202506180003,24,12:00,12:30,班,on_duty
US00002,2026-06-08,US202506180003,25,12:30,13:00,班,on_duty
US00002,2026-06-08,US202506180003,26,13:00,13:30,班,on_duty
US00002,2026-06-08,US202506180003,27,13:30,14:00,班,on_duty
US00002,2026-06-08,US202506180003,28,14:00,14:30,班,on_duty
US00002,2026-06-08,US202508050005,28,14:00,14:30,班,on_duty
US00002,2026-06-08,US202508050005,29,14:30,15:00,班,on_duty
US00002,2026-06-08,US202508050005,30,15:00,15:30,班,on_duty
US00002,2026-06-08,US202508050005,31,15:30,16:00,班,on_duty
US00002,2026-06-08,US202508050005,32,16:00,16:30,班,on_duty
US00002,2026-06-08,US202508050005,33,16:30,17:00,班,on_duty
US00002,2026-06-08,US202508050005,34,17:00,17:30,休,rest
US00002,2026-06-08,US202508050005,35,17:30,18:00,休,rest
US00002,2026-06-08,US202508050005,36,18:00,18:30,班,on_duty
US00002,2026-06-08,US202508050005,37,18:30,19:00,班,on_duty
US00002,2026-06-08,US202508050005,38,19:00,19:30,班,on_duty
US00002,2026-06-08,US202508050005,39,19:30,20:00,班,on_duty
US00002,2026-06-08,US202508050005,40,20:00,20:30,班,on_duty
US00002,2026-06-08,US202508050005,41,20:30,21:00,班,on_duty
US00002,2026-06-08,US202508050005,42,21:00,21:30,班,on_duty
US00002,2026-06-08,US202508050006,12,06:00,06:30,班,on_duty
US00002,2026-06-08,US202508050006,13,06:30,07:00,班,on_duty
US00002,2026-06-08,US202508050006,14,07:00,07:30,班,on_duty
US00002,2026-06-08,US202508050006,15,07:30,08:00,班,on_duty
US00002,2026-06-08,US202508050006,16,08:00,08:30,班,on_duty
US00002,2026-06-08,US202508050006,17,08:30,09:00,班,on_duty
US00002,2026-06-08,US202508050006,18,09:00,09:30,班,on_duty
US00002,2026-06-08,US202508050006,19,09:30,10:00,班,on_duty
US00002,2026-06-08,US202508050006,20,10:00,10:30,休,rest
US00002,2026-06-08,US202508050006,21,10:30,11:00,休,rest
US00002,2026-06-08,US202508050006,22,11:00,11:30,班,on_duty
US00002,2026-06-08,US202508050006,23,11:30,12:00,班,on_duty
US00002,2026-06-08,US202508050006,24,12:00,12:30,班,on_duty
US00002,2026-06-08,US202508050006,25,12:30,13:00,班,on_duty
US00002,2026-06-08,US202508050006,26,13:00,13:30,班,on_duty
US00002,2026-06-08,US202508050006,27,13:30,14:00,班,on_duty
US00002,2026-06-08,US202508050006,28,14:00,14:30,班,on_duty
US00002,2026-06-08,US202512090008,26,13:00,13:30,班,on_duty
US00002,2026-06-08,US202512090008,27,13:30,14:00,班,on_duty
US00002,2026-06-08,US202512090008,28,14:00,14:30,班,on_duty
US00002,2026-06-08,US202512090008,29,14:30,15:00,班,on_duty
US00002,2026-06-08,US202512090008,30,15:00,15:30,班,on_duty
US00002,2026-06-08,US202512090008,31,15:30,16:00,班,on_duty
US00002,2026-06-08,US202512090008,32,16:00,16:30,休,rest
US00002,2026-06-08,US202512090008,33,16:30,17:00,休,rest
US00002,2026-06-08,US202512090008,34,17:00,17:30,班,on_duty
US00002,2026-06-08,US202512090008,35,17:30,18:00,班,on_duty
US00002,2026-06-08,US202512090008,36,18:00,18:30,班,on_duty
US00002,2026-06-08,US202512090008,37,18:30,19:00,班,on_duty
US00002,2026-06-08,US202512090008,38,19:00,19:30,班,on_duty
US00002,2026-06-08,US202512090008,39,19:30,20:00,班,on_duty
US00002,2026-06-08,US202512090008,40,20:00,20:30,班,on_duty
US00002,2026-06-08,US202512090008,41,20:30,21:00,班,on_duty
US00002,2026-06-08,US202512090008,42,21:00,21:30,班,on_duty
US00002,2026-06-08,US202602180007,28,14:00,14:30,班,on_duty
US00002,2026-06-08,US202602180007,29,14:30,15:00,班,on_duty
US00002,2026-06-08,US202602180007,30,15:00,15:30,班,on_duty
US00002,2026-06-08,US202602180007,31,15:30,16:00,班,on_duty
US00002,2026-06-08,US202602180007,32,16:00,16:30,班,on_duty
US00002,2026-06-08,US202602180007,33,16:30,17:00,班,on_duty
US00002,2026-06-08,US202602180007,34,17:00,17:30,班,on_duty
US00002,2026-06-08,US202602180007,35,17:30,18:00,班,on_duty
US00002,2026-06-08,US202602180007,36,18:00,18:30,休,rest
US00002,2026-06-08,US202602180007,37,18:30,19:00,休,rest
US00002,2026-06-08,US202602180007,38,19:00,19:30,班,on_duty
US00002,2026-06-08,US202602180007,39,19:30,20:00,班,on_duty
US00002,2026-06-08,US202602180007,40,20:00,20:30,班,on_duty
US00002,2026-06-08,US202602180007,41,20:30,21:00,班,on_duty
US00002,2026-06-08,US202602180007,42,21:00,21:30,班,on_duty
US00002,2026-06-08,US202603030008,12,06:00,06:30,班,on_duty
US00002,2026-06-08,US202603030008,13,06:30,07:00,班,on_duty
US00002,2026-06-08,US202603030008,14,07:00,07:30,班,on_duty
US00002,2026-06-08,US202603030008,15,07:30,08:00,班,on_duty
US00002,2026-06-08,US202603030008,16,08:00,08:30,班,on_duty
US00002,2026-06-08,US202603030008,17,08:30,09:00,班,on_duty
US00002,2026-06-08,US202603030008,18,09:00,09:30,休,rest
US00002,2026-06-08,US202603030008,19,09:30,10:00,休,rest
US00002,2026-06-08,US202603030008,20,10:00,10:30,班,on_duty
US00002,2026-06-08,US202603030008,21,10:30,11:00,班,on_duty
US00002,2026-06-08,US202603030008,22,11:00,11:30,班,on_duty
US00002,2026-06-08,US202603030008,23,11:30,12:00,班,on_duty
US00002,2026-06-08,US202603030008,24,12:00,12:30,班,on_duty
US00002,2026-06-08,US202603030008,25,12:30,13:00,班,on_duty
US00002,2026-06-08,US202603030008,26,13:00,13:30,班,on_duty
US00002,2026-06-08,US202603030008,27,13:30,14:00,班,on_duty
US00002,2026-06-08,US202603030008,28,14:00,14:30,班,on_duty
US00002,2026-06-09,US202506180003,26,13:00,13:30,班,on_duty
US00002,2026-06-09,US202506180003,27,13:30,14:00,班,on_duty
US00002,2026-06-09,US202506180003,28,14:00,14:30,班,on_duty
US00002,2026-06-09,US202506180003,29,14:30,15:00,班,on_duty
US00002,2026-06-09,US202506180003,30,15:00,15:30,班,on_duty
US00002,2026-06-09,US202506180003,31,15:30,16:00,班,on_duty
US00002,2026-06-09,US202506180003,32,16:00,16:30,休,rest
US00002,2026-06-09,US202506180003,33,16:30,17:00,休,rest
US00002,2026-06-09,US202506180003,34,17:00,17:30,班,on_duty
US00002,2026-06-09,US202506180003,35,17:30,18:00,班,on_duty
US00002,2026-06-09,US202506180003,36,18:00,18:30,班,on_duty
US00002,2026-06-09,US202506180003,37,18:30,19:00,班,on_duty
US00002,2026-06-09,US202506180003,38,19:00,19:30,班,on_duty
US00002,2026-06-09,US202506180003,39,19:30,20:00,班,on_duty
US00002,2026-06-09,US202506180003,40,20:00,20:30,班,on_duty
US00002,2026-06-09,US202506180003,41,20:30,21:00,班,on_duty
US00002,2026-06-09,US202506180003,42,21:00,21:30,班,on_duty
US00002,2026-06-09,US202508050005,28,14:00,14:30,班,on_duty
US00002,2026-06-09,US202508050005,29,14:30,15:00,班,on_duty
US00002,2026-06-09,US202508050005,30,15:00,15:30,班,on_duty
US00002,2026-06-09,US202508050005,31,15:30,16:00,班,on_duty
US00002,2026-06-09,US202508050005,32,16:00,16:30,班,on_duty
US00002,2026-06-09,US202508050005,33,16:30,17:00,班,on_duty
US00002,2026-06-09,US202508050005,34,17:00,17:30,休,rest
US00002,2026-06-09,US202508050005,35,17:30,18:00,休,rest
US00002,2026-06-09,US202508050005,36,18:00,18:30,班,on_duty
US00002,2026-06-09,US202508050005,37,18:30,19:00,班,on_duty
US00002,2026-06-09,US202508050005,38,19:00,19:30,班,on_duty
US00002,2026-06-09,US202508050005,39,19:30,20:00,班,on_duty
US00002,2026-06-09,US202508050005,40,20:00,20:30,班,on_duty
US00002,2026-06-09,US202508050005,41,20:30,21:00,班,on_duty
US00002,2026-06-09,US202508050005,42,21:00,21:30,班,on_duty
US00002,2026-06-09,US202508050006,12,06:00,06:30,班,on_duty
US00002,2026-06-09,US202508050006,13,06:30,07:00,班,on_duty
US00002,2026-06-09,US202508050006,14,07:00,07:30,班,on_duty
US00002,2026-06-09,US202508050006,15,07:30,08:00,班,on_duty
US00002,2026-06-09,US202508050006,16,08:00,08:30,班,on_duty
US00002,2026-06-09,US202508050006,17,08:30,09:00,班,on_duty
US00002,2026-06-09,US202508050006,18,09:00,09:30,班,on_duty
US00002,2026-06-09,US202508050006,19,09:30,10:00,班,on_duty
US00002,2026-06-09,US202508050006,20,10:00,10:30,休,rest
US00002,2026-06-09,US202508050006,21,10:30,11:00,休,rest
US00002,2026-06-09,US202508050006,22,11:00,11:30,班,on_duty
US00002,2026-06-09,US202508050006,23,11:30,12:00,班,on_duty
US00002,2026-06-09,US202508050006,24,12:00,12:30,班,on_duty
US00002,2026-06-09,US202508050006,25,12:30,13:00,班,on_duty
US00002,2026-06-09,US202508050006,26,13:00,13:30,班,on_duty
US00002,2026-06-09,US202508050006,27,13:30,14:00,班,on_duty
US00002,2026-06-09,US202508050006,28,14:00,14:30,班,on_duty
US00002,2026-06-09,US202601130004,12,06:00,06:30,班,on_duty
US00002,2026-06-09,US202601130004,13,06:30,07:00,班,on_duty
US00002,2026-06-09,US202601130004,14,07:00,07:30,班,on_duty
US00002,2026-06-09,US202601130004,15,07:30,08:00,班,on_duty
US00002,2026-06-09,US202601130004,16,08:00,08:30,班,on_duty
US00002,2026-06-09,US202601130004,17,08:30,09:00,班,on_duty
US00002,2026-06-09,US202601130004,18,09:00,09:30,休,rest
US00002,2026-06-09,US202601130004,19,09:30,10:00,休,rest
US00002,2026-06-09,US202601130004,20,10:00,10:30,班,on_duty
US00002,2026-06-09,US202601130004,21,10:30,11:00,班,on_duty
US00002,2026-06-09,US202601130004,22,11:00,11:30,班,on_duty
US00002,2026-06-09,US202601130004,23,11:30,12:00,班,on_duty
US00002,2026-06-09,US202601130004,24,12:00,12:30,班,on_duty
US00002,2026-06-09,US202601130004,25,12:30,13:00,班,on_duty
US00002,2026-06-09,US202601130004,26,13:00,13:30,班,on_duty
US00002,2026-06-09,US202602180007,28,14:00,14:30,班,on_duty
US00002,2026-06-09,US202602180007,29,14:30,15:00,班,on_duty
US00002,2026-06-09,US202602180007,30,15:00,15:30,班,on_duty
US00002,2026-06-09,US202602180007,31,15:30,16:00,班,on_duty
US00002,2026-06-09,US202602180007,32,16:00,16:30,班,on_duty
US00002,2026-06-09,US202602180007,33,16:30,17:00,班,on_duty
US00002,2026-06-09,US202602180007,34,17:00,17:30,休,rest
US00002,2026-06-09,US202602180007,35,17:30,18:00,休,rest
US00002,2026-06-09,US202602180007,36,18:00,18:30,班,on_duty
US00002,2026-06-09,US202602180007,37,18:30,19:00,班,on_duty
US00002,2026-06-09,US202602180007,38,19:00,19:30,班,on_duty
US00002,2026-06-09,US202602180007,39,19:30,20:00,班,on_duty
US00002,2026-06-09,US202602180007,40,20:00,20:30,班,on_duty
US00002,2026-06-09,US202602180007,41,20:30,21:00,班,on_duty
US00002,2026-06-09,US202602180007,42,21:00,21:30,班,on_duty
US00002,2026-06-09,US202603170010,26,13:00,13:30,班,on_duty
US00002,2026-06-09,US202603170010,27,13:30,14:00,班,on_duty
US00002,2026-06-09,US202603170010,28,14:00,14:30,班,on_duty
US00002,2026-06-09,US202603170010,29,14:30,15:00,班,on_duty
US00002,2026-06-09,US202603170010,30,15:00,15:30,班,on_duty
US00002,2026-06-09,US202603170010,31,15:30,16:00,班,on_duty
US00002,2026-06-09,US202603170010,32,16:00,16:30,休,rest
US00002,2026-06-09,US202603170010,33,16:30,17:00,休,rest
US00002,2026-06-09,US202603170010,34,17:00,17:30,班,on_duty
US00002,2026-06-09,US202603170010,35,17:30,18:00,班,on_duty
US00002,2026-06-09,US202603170010,36,18:00,18:30,班,on_duty
US00002,2026-06-09,US202603170010,37,18:30,19:00,班,on_duty
US00002,2026-06-09,US202603170010,38,19:00,19:30,班,on_duty
US00002,2026-06-09,US202603170010,39,19:30,20:00,班,on_duty
US00002,2026-06-09,US202603170010,40,20:00,20:30,班,on_duty
US00002,2026-06-09,US202603170010,41,20:30,21:00,班,on_duty
US00002,2026-06-09,US202603170010,42,21:00,21:30,班,on_duty
US00002,2026-06-09,US202605120008,12,06:00,06:30,班,on_duty
US00002,2026-06-09,US202605120008,13,06:30,07:00,班,on_duty
US00002,2026-06-09,US202605120008,14,07:00,07:30,班,on_duty
US00002,2026-06-09,US202605120008,15,07:30,08:00,班,on_duty
US00002,2026-06-09,US202605120008,16,08:00,08:30,班,on_duty
US00002,2026-06-09,US202605120008,17,08:30,09:00,班,on_duty
US00002,2026-06-09,US202605120008,18,09:00,09:30,班,on_duty
US00002,2026-06-09,US202605120008,19,09:30,10:00,班,on_duty
US00002,2026-06-09,US202605120008,20,10:00,10:30,班,on_duty
US00002,2026-06-09,US202605120008,21,10:30,11:00,班,on_duty
US00002,2026-06-09,US202605120008,22,11:00,11:30,休,rest
US00002,2026-06-09,US202605120008,23,11:30,12:00,休,rest
US00002,2026-06-09,US202605120008,24,12:00,12:30,班,on_duty
US00002,2026-06-09,US202605120008,25,12:30,13:00,班,on_duty
US00002,2026-06-09,US202605120008,26,13:00,13:30,班,on_duty
US00002,2026-06-09,US202605120008,27,13:30,14:00,班,on_duty
US00002,2026-06-09,US202605120008,28,14:00,14:30,班,on_duty
US00002,2026-06-10,US202506180003,26,13:00,13:30,班,on_duty
US00002,2026-06-10,US202506180003,27,13:30,14:00,班,on_duty
US00002,2026-06-10,US202506180003,28,14:00,14:30,班,on_duty
US00002,2026-06-10,US202506180003,29,14:30,15:00,班,on_duty
US00002,2026-06-10,US202506180003,30,15:00,15:30,班,on_duty
US00002,2026-06-10,US202506180003,31,15:30,16:00,班,on_duty
US00002,2026-06-10,US202506180003,32,16:00,16:30,休,rest
US00002,2026-06-10,US202506180003,33,16:30,17:00,休,rest
US00002,2026-06-10,US202506180003,34,17:00,17:30,班,on_duty
US00002,2026-06-10,US202506180003,35,17:30,18:00,班,on_duty
US00002,2026-06-10,US202506180003,36,18:00,18:30,班,on_duty
US00002,2026-06-10,US202506180003,37,18:30,19:00,班,on_duty
US00002,2026-06-10,US202506180003,38,19:00,19:30,班,on_duty
US00002,2026-06-10,US202506180003,39,19:30,20:00,班,on_duty
US00002,2026-06-10,US202506180003,40,20:00,20:30,班,on_duty
US00002,2026-06-10,US202506180003,41,20:30,21:00,班,on_duty
US00002,2026-06-10,US202506180003,42,21:00,21:30,班,on_duty
US00002,2026-06-10,US202508050006,12,06:00,06:30,班,on_duty
US00002,2026-06-10,US202508050006,13,06:30,07:00,班,on_duty
US00002,2026-06-10,US202508050006,14,07:00,07:30,班,on_duty
US00002,2026-06-10,US202508050006,15,07:30,08:00,班,on_duty
US00002,2026-06-10,US202508050006,16,08:00,08:30,班,on_duty
US00002,2026-06-10,US202508050006,17,08:30,09:00,班,on_duty
US00002,2026-06-10,US202508050006,18,09:00,09:30,休,rest
US00002,2026-06-10,US202508050006,19,09:30,10:00,休,rest
US00002,2026-06-10,US202508050006,20,10:00,10:30,班,on_duty
US00002,2026-06-10,US202508050006,21,10:30,11:00,班,on_duty
US00002,2026-06-10,US202508050006,22,11:00,11:30,班,on_duty
US00002,2026-06-10,US202508050006,23,11:30,12:00,班,on_duty
US00002,2026-06-10,US202508050006,24,12:00,12:30,班,on_duty
US00002,2026-06-10,US202508050006,25,12:30,13:00,班,on_duty
US00002,2026-06-10,US202508050006,26,13:00,13:30,班,on_duty
US00002,2026-06-10,US202508050006,27,13:30,14:00,班,on_duty
US00002,2026-06-10,US202508050006,28,14:00,14:30,班,on_duty
US00002,2026-06-10,US202602180007,28,14:00,14:30,班,on_duty
US00002,2026-06-10,US202602180007,29,14:30,15:00,班,on_duty
US00002,2026-06-10,US202602180007,30,15:00,15:30,班,on_duty
US00002,2026-06-10,US202602180007,31,15:30,16:00,班,on_duty
US00002,2026-06-10,US202602180007,32,16:00,16:30,班,on_duty
US00002,2026-06-10,US202602180007,33,16:30,17:00,班,on_duty
US00002,2026-06-10,US202602180007,34,17:00,17:30,休,rest
US00002,2026-06-10,US202602180007,35,17:30,18:00,休,rest
US00002,2026-06-10,US202602180007,36,18:00,18:30,班,on_duty
US00002,2026-06-10,US202602180007,37,18:30,19:00,班,on_duty
US00002,2026-06-10,US202602180007,38,19:00,19:30,班,on_duty
US00002,2026-06-10,US202602180007,39,19:30,20:00,班,on_duty
US00002,2026-06-10,US202602180007,40,20:00,20:30,班,on_duty
US00002,2026-06-10,US202602180007,41,20:30,21:00,班,on_duty
US00002,2026-06-10,US202602180007,42,21:00,21:30,班,on_duty
US00002,2026-06-10,US202603030008,12,06:00,06:30,班,on_duty
US00002,2026-06-10,US202603030008,13,06:30,07:00,班,on_duty
US00002,2026-06-10,US202603030008,14,07:00,07:30,班,on_duty
US00002,2026-06-10,US202603030008,15,07:30,08:00,班,on_duty
US00002,2026-06-10,US202603030008,16,08:00,08:30,班,on_duty
US00002,2026-06-10,US202603030008,17,08:30,09:00,班,on_duty
US00002,2026-06-10,US202603030008,18,09:00,09:30,班,on_duty
US00002,2026-06-10,US202603030008,19,09:30,10:00,班,on_duty
US00002,2026-06-10,US202603030008,20,10:00,10:30,班,on_duty
US00002,2026-06-10,US202603030008,21,10:30,11:00,班,on_duty
US00002,2026-06-10,US202603030008,22,11:00,11:30,休,rest
US00002,2026-06-10,US202603030008,23,11:30,12:00,休,rest
US00002,2026-06-10,US202603030008,24,12:00,12:30,班,on_duty
US00002,2026-06-10,US202603030008,25,12:30,13:00,班,on_duty
US00002,2026-06-10,US202603030008,26,13:00,13:30,班,on_duty
US00002,2026-06-10,US202603030008,27,13:30,14:00,班,on_duty
US00002,2026-06-10,US202603030008,28,14:00,14:30,班,on_duty
US00002,2026-06-10,US202603170010,26,13:00,13:30,班,on_duty
US00002,2026-06-10,US202603170010,27,13:30,14:00,班,on_duty
US00002,2026-06-10,US202603170010,28,14:00,14:30,班,on_duty
US00002,2026-06-10,US202603170010,29,14:30,15:00,班,on_duty
US00002,2026-06-10,US202603170010,30,15:00,15:30,班,on_duty
US00002,2026-06-10,US202603170010,31,15:30,16:00,班,on_duty
US00002,2026-06-10,US202603170010,32,16:00,16:30,班,on_duty
US00002,2026-06-10,US202603170010,33,16:30,17:00,班,on_duty
US00002,2026-06-10,US202603170010,34,17:00,17:30,休,rest
US00002,2026-06-10,US202603170010,35,17:30,18:00,休,rest
US00002,2026-06-10,US202603170010,36,18:00,18:30,班,on_duty
US00002,2026-06-10,US202603170010,37,18:30,19:00,班,on_duty
US00002,2026-06-10,US202603170010,38,19:00,19:30,班,on_duty
US00002,2026-06-10,US202603170010,39,19:30,20:00,班,on_duty
US00002,2026-06-10,US202603170010,40,20:00,20:30,班,on_duty
US00002,2026-06-10,US202603170010,41,20:30,21:00,班,on_duty
US00002,2026-06-10,US202603170010,42,21:00,21:30,班,on_duty
US00002,2026-06-10,US202605120008,26,13:00,13:30,班,on_duty
US00002,2026-06-10,US202605120008,27,13:30,14:00,班,on_duty
US00002,2026-06-10,US202605120008,28,14:00,14:30,班,on_duty
US00002,2026-06-10,US202605120008,29,14:30,15:00,班,on_duty
US00002,2026-06-10,US202605120008,30,15:00,15:30,班,on_duty
US00002,2026-06-10,US202605120008,31,15:30,16:00,班,on_duty
US00002,2026-06-10,US202605120008,32,16:00,16:30,休,rest
US00002,2026-06-10,US202605120008,33,16:30,17:00,休,rest
US00002,2026-06-10,US202605120008,34,17:00,17:30,班,on_duty
US00002,2026-06-10,US202605120008,35,17:30,18:00,班,on_duty
US00002,2026-06-10,US202605120008,36,18:00,18:30,班,on_duty
US00002,2026-06-10,US202605120008,37,18:30,19:00,班,on_duty
US00002,2026-06-10,US202605120008,38,19:00,19:30,班,on_duty
US00002,2026-06-10,US202605120008,39,19:30,20:00,班,on_duty
US00002,2026-06-10,US202605120008,40,20:00,20:30,班,on_duty
US00002,2026-06-10,US202605120008,41,20:30,21:00,班,on_duty
US00002,2026-06-10,US202605120008,42,21:00,21:30,班,on_duty
US00002,2026-06-10,US202605190005,12,06:00,06:30,班,on_duty
US00002,2026-06-10,US202605190005,13,06:30,07:00,班,on_duty
US00002,2026-06-10,US202605190005,14,07:00,07:30,班,on_duty
US00002,2026-06-10,US202605190005,15,07:30,08:00,班,on_duty
US00002,2026-06-10,US202605190005,16,08:00,08:30,班,on_duty
US00002,2026-06-10,US202605190005,17,08:30,09:00,班,on_duty
US00002,2026-06-10,US202605190005,18,09:00,09:30,班,on_duty
US00002,2026-06-10,US202605190005,19,09:30,10:00,班,on_duty
US00002,2026-06-10,US202605190005,20,10:00,10:30,休,rest
US00002,2026-06-10,US202605190005,21,10:30,11:00,休,rest
US00002,2026-06-10,US202605190005,22,11:00,11:30,班,on_duty
US00002,2026-06-10,US202605190005,23,11:30,12:00,班,on_duty
US00002,2026-06-10,US202605190005,24,12:00,12:30,班,on_duty
US00002,2026-06-10,US202605190005,25,12:30,13:00,班,on_duty
US00002,2026-06-10,US202605190005,26,13:00,13:30,班,on_duty
US00002,2026-06-10,US202605190005,27,13:30,14:00,班,on_duty
US00002,2026-06-10,US202605190005,28,14:00,14:30,班,on_duty
US00002,2026-06-11,US202508050006,26,13:00,13:30,班,on_duty
US00002,2026-06-11,US202508050006,27,13:30,14:00,班,on_duty
US00002,2026-06-11,US202508050006,28,14:00,14:30,班,on_duty
US00002,2026-06-11,US202508050006,29,14:30,15:00,班,on_duty
US00002,2026-06-11,US202508050006,30,15:00,15:30,班,on_duty
US00002,2026-06-11,US202508050006,31,15:30,16:00,班,on_duty
US00002,2026-06-11,US202508050006,32,16:00,16:30,休,rest
US00002,2026-06-11,US202508050006,33,16:30,17:00,休,rest
US00002,2026-06-11,US202508050006,34,17:00,17:30,班,on_duty
US00002,2026-06-11,US202508050006,35,17:30,18:00,班,on_duty
US00002,2026-06-11,US202508050006,36,18:00,18:30,班,on_duty
US00002,2026-06-11,US202508050006,37,18:30,19:00,班,on_duty
US00002,2026-06-11,US202508050006,38,19:00,19:30,班,on_duty
US00002,2026-06-11,US202508050006,39,19:30,20:00,班,on_duty
US00002,2026-06-11,US202508050006,40,20:00,20:30,班,on_duty
US00002,2026-06-11,US202508050006,41,20:30,21:00,班,on_duty
US00002,2026-06-11,US202508050006,42,21:00,21:30,班,on_duty
US00002,2026-06-11,US202509230007,28,14:00,14:30,班,on_duty
US00002,2026-06-11,US202509230007,29,14:30,15:00,班,on_duty
US00002,2026-06-11,US202509230007,30,15:00,15:30,班,on_duty
US00002,2026-06-11,US202509230007,31,15:30,16:00,班,on_duty
US00002,2026-06-11,US202509230007,32,16:00,16:30,班,on_duty
US00002,2026-06-11,US202509230007,33,16:30,17:00,休,rest
US00002,2026-06-11,US202509230007,34,17:00,17:30,休,rest
US00002,2026-06-11,US202509230007,35,17:30,18:00,班,on_duty
US00002,2026-06-11,US202509230007,36,18:00,18:30,班,on_duty
US00002,2026-06-11,US202509230007,37,18:30,19:00,班,on_duty
US00002,2026-06-11,US202509230007,38,19:00,19:30,班,on_duty
US00002,2026-06-11,US202509230007,39,19:30,20:00,班,on_duty
US00002,2026-06-11,US202509230007,40,20:00,20:30,班,on_duty
US00002,2026-06-11,US202509230007,41,20:30,21:00,班,on_duty
US00002,2026-06-11,US202509230007,42,21:00,21:30,班,on_duty
US00002,2026-06-11,US202512020012,12,06:00,06:30,班,on_duty
US00002,2026-06-11,US202512020012,13,06:30,07:00,班,on_duty
US00002,2026-06-11,US202512020012,14,07:00,07:30,班,on_duty
US00002,2026-06-11,US202512020012,15,07:30,08:00,班,on_duty
US00002,2026-06-11,US202512020012,16,08:00,08:30,班,on_duty
US00002,2026-06-11,US202512020012,17,08:30,09:00,班,on_duty
US00002,2026-06-11,US202512020012,18,09:00,09:30,休,rest
US00002,2026-06-11,US202512020012,19,09:30,10:00,休,rest
US00002,2026-06-11,US202512020012,20,10:00,10:30,班,on_duty
US00002,2026-06-11,US202512020012,21,10:30,11:00,班,on_duty
US00002,2026-06-11,US202512020012,22,11:00,11:30,班,on_duty
US00002,2026-06-11,US202512020012,23,11:30,12:00,班,on_duty
US00002,2026-06-11,US202512020012,24,12:00,12:30,班,on_duty
US00002,2026-06-11,US202512020012,25,12:30,13:00,班,on_duty
US00002,2026-06-11,US202512020012,26,13:00,13:30,班,on_duty
US00002,2026-06-11,US202512020012,27,13:30,14:00,班,on_duty
US00002,2026-06-11,US202512020012,28,14:00,14:30,班,on_duty
US00002,2026-06-11,US202512090008,12,06:00,06:30,班,on_duty
US00002,2026-06-11,US202512090008,13,06:30,07:00,班,on_duty
US00002,2026-06-11,US202512090008,14,07:00,07:30,班,on_duty
US00002,2026-06-11,US202512090008,15,07:30,08:00,班,on_duty
US00002,2026-06-11,US202512090008,16,08:00,08:30,班,on_duty
US00002,2026-06-11,US202512090008,17,08:30,09:00,班,on_duty
US00002,2026-06-11,US202512090008,18,09:00,09:30,班,on_duty
US00002,2026-06-11,US202512090008,19,09:30,10:00,班,on_duty
US00002,2026-06-11,US202512090008,20,10:00,10:30,休,rest
US00002,2026-06-11,US202512090008,21,10:30,11:00,休,rest
US00002,2026-06-11,US202512090008,22,11:00,11:30,班,on_duty
US00002,2026-06-11,US202512090008,23,11:30,12:00,班,on_duty
US00002,2026-06-11,US202512090008,24,12:00,12:30,班,on_duty
US00002,2026-06-11,US202512090008,25,12:30,13:00,班,on_duty
US00002,2026-06-11,US202512090008,26,13:00,13:30,班,on_duty
US00002,2026-06-11,US202512090008,27,13:30,14:00,班,on_duty
US00002,2026-06-11,US202512090008,28,14:00,14:30,班,on_duty
US00002,2026-06-11,US202601130004,12,06:00,06:30,班,on_duty
US00002,2026-06-11,US202601130004,13,06:30,07:00,班,on_duty
US00002,2026-06-11,US202601130004,14,07:00,07:30,班,on_duty
US00002,2026-06-11,US202601130004,15,07:30,08:00,班,on_duty
US00002,2026-06-11,US202601130004,16,08:00,08:30,班,on_duty
US00002,2026-06-11,US202601130004,17,08:30,09:00,班,on_duty
US00002,2026-06-11,US202601130004,18,09:00,09:30,班,on_duty
US00002,2026-06-11,US202601130004,19,09:30,10:00,休,rest
US00002,2026-06-11,US202601130004,20,10:00,10:30,休,rest
US00002,2026-06-11,US202601130004,21,10:30,11:00,班,on_duty
US00002,2026-06-11,US202601130004,22,11:00,11:30,班,on_duty
US00002,2026-06-11,US202601130004,23,11:30,12:00,班,on_duty
US00002,2026-06-11,US202601130004,24,12:00,12:30,班,on_duty
US00002,2026-06-11,US202601130004,25,12:30,13:00,班,on_duty
US00002,2026-06-11,US202601130004,26,13:00,13:30,班,on_duty
US00002,2026-06-11,US202603030008,26,13:00,13:30,班,on_duty
US00002,2026-06-11,US202603030008,27,13:30,14:00,班,on_duty
US00002,2026-06-11,US202603030008,28,14:00,14:30,班,on_duty
US00002,2026-06-11,US202603030008,29,14:30,15:00,班,on_duty
US00002,2026-06-11,US202603030008,30,15:00,15:30,班,on_duty
US00002,2026-06-11,US202603030008,31,15:30,16:00,班,on_duty
US00002,2026-06-11,US202603030008,32,16:00,16:30,班,on_duty
US00002,2026-06-11,US202603030008,33,16:30,17:00,班,on_duty
US00002,2026-06-11,US202603030008,34,17:00,17:30,休,rest
US00002,2026-06-11,US202603030008,35,17:30,18:00,休,rest
US00002,2026-06-11,US202603030008,36,18:00,18:30,班,on_duty
US00002,2026-06-11,US202603030008,37,18:30,19:00,班,on_duty
US00002,2026-06-11,US202603030008,38,19:00,19:30,班,on_duty
US00002,2026-06-11,US202603030008,39,19:30,20:00,班,on_duty
US00002,2026-06-11,US202603030008,40,20:00,20:30,班,on_duty
US00002,2026-06-11,US202603030008,41,20:30,21:00,班,on_duty
US00002,2026-06-11,US202603030008,42,21:00,21:30,班,on_duty
US00002,2026-06-11,US202603170010,26,13:00,13:30,班,on_duty
US00002,2026-06-11,US202603170010,27,13:30,14:00,班,on_duty
US00002,2026-06-11,US202603170010,28,14:00,14:30,班,on_duty
US00002,2026-06-11,US202603170010,29,14:30,15:00,班,on_duty
US00002,2026-06-11,US202603170010,30,15:00,15:30,班,on_duty
US00002,2026-06-11,US202603170010,31,15:30,16:00,班,on_duty
US00002,2026-06-11,US202603170010,32,16:00,16:30,班,on_duty
US00002,2026-06-11,US202603170010,33,16:30,17:00,班,on_duty
US00002,2026-06-11,US202603170010,34,17:00,17:30,班,on_duty
US00002,2026-06-11,US202603170010,35,17:30,18:00,班,on_duty
US00002,2026-06-11,US202603170010,36,18:00,18:30,休,rest
US00002,2026-06-11,US202603170010,37,18:30,19:00,休,rest
US00002,2026-06-11,US202603170010,38,19:00,19:30,班,on_duty
US00002,2026-06-11,US202603170010,39,19:30,20:00,班,on_duty
US00002,2026-06-11,US202603170010,40,20:00,20:30,班,on_duty
US00002,2026-06-11,US202603170010,41,20:30,21:00,班,on_duty
US00002,2026-06-11,US202603170010,42,21:00,21:30,班,on_duty
US00002,2026-06-11,US202605120008,19,09:30,10:00,班,on_duty
US00002,2026-06-11,US202605120008,20,10:00,10:30,班,on_duty
US00002,2026-06-11,US202605120008,21,10:30,11:00,班,on_duty
US00002,2026-06-11,US202605120008,22,11:00,11:30,班,on_duty
US00002,2026-06-11,US202605120008,23,11:30,12:00,班,on_duty
US00002,2026-06-11,US202605120008,24,12:00,12:30,班,on_duty
US00002,2026-06-11,US202605120008,25,12:30,13:00,班,on_duty
US00002,2026-06-11,US202605120008,26,13:00,13:30,班,on_duty
US00002,2026-06-11,US202605120008,27,13:30,14:00,休,rest
US00002,2026-06-11,US202605120008,28,14:00,14:30,班,on_duty
US00002,2026-06-11,US202605120008,29,14:30,15:00,班,on_duty
US00002,2026-06-11,US202605120008,30,15:00,15:30,班,on_duty
US00002,2026-06-11,US202605120008,31,15:30,16:00,班,on_duty
US00002,2026-06-11,US202605120008,32,16:00,16:30,班,on_duty
US00002,2026-06-11,US202605120008,33,16:30,17:00,班,on_duty
US00002,2026-06-12,US202506180003,26,13:00,13:30,班,on_duty
US00002,2026-06-12,US202506180003,27,13:30,14:00,班,on_duty
US00002,2026-06-12,US202506180003,28,14:00,14:30,班,on_duty
US00002,2026-06-12,US202506180003,29,14:30,15:00,班,on_duty
US00002,2026-06-12,US202506180003,30,15:00,15:30,班,on_duty
US00002,2026-06-12,US202506180003,31,15:30,16:00,班,on_duty
US00002,2026-06-12,US202506180003,32,16:00,16:30,休,rest
US00002,2026-06-12,US202506180003,33,16:30,17:00,休,rest
US00002,2026-06-12,US202506180003,34,17:00,17:30,班,on_duty
US00002,2026-06-12,US202506180003,35,17:30,18:00,班,on_duty
US00002,2026-06-12,US202506180003,36,18:00,18:30,班,on_duty
US00002,2026-06-12,US202506180003,37,18:30,19:00,班,on_duty
US00002,2026-06-12,US202506180003,38,19:00,19:30,班,on_duty
US00002,2026-06-12,US202506180003,39,19:30,20:00,班,on_duty
US00002,2026-06-12,US202506180003,40,20:00,20:30,班,on_duty
US00002,2026-06-12,US202506180003,41,20:30,21:00,班,on_duty
US00002,2026-06-12,US202506180003,42,21:00,21:30,班,on_duty
US00002,2026-06-12,US202508050005,12,06:00,06:30,班,on_duty
US00002,2026-06-12,US202508050005,13,06:30,07:00,班,on_duty
US00002,2026-06-12,US202508050005,14,07:00,07:30,班,on_duty
US00002,2026-06-12,US202508050005,15,07:30,08:00,班,on_duty
US00002,2026-06-12,US202508050005,16,08:00,08:30,班,on_duty
US00002,2026-06-12,US202508050005,17,08:30,09:00,班,on_duty
US00002,2026-06-12,US202508050005,18,09:00,09:30,班,on_duty
US00002,2026-06-12,US202508050005,19,09:30,10:00,班,on_duty
US00002,2026-06-12,US202508050005,20,10:00,10:30,班,on_duty
US00002,2026-06-12,US202508050005,21,10:30,11:00,休,rest
US00002,2026-06-12,US202508050005,22,11:00,11:30,休,rest
US00002,2026-06-12,US202508050005,23,11:30,12:00,班,on_duty
US00002,2026-06-12,US202508050005,24,12:00,12:30,班,on_duty
US00002,2026-06-12,US202508050005,25,12:30,13:00,班,on_duty
US00002,2026-06-12,US202508050005,26,13:00,13:30,班,on_duty
US00002,2026-06-12,US202508050006,19,09:30,10:00,班,on_duty
US00002,2026-06-12,US202508050006,20,10:00,10:30,班,on_duty
US00002,2026-06-12,US202508050006,21,10:30,11:00,班,on_duty
US00002,2026-06-12,US202508050006,22,11:00,11:30,班,on_duty
US00002,2026-06-12,US202508050006,23,11:30,12:00,班,on_duty
US00002,2026-06-12,US202508050006,24,12:00,12:30,班,on_duty
US00002,2026-06-12,US202508050006,25,12:30,13:00,班,on_duty
US00002,2026-06-12,US202508050006,26,13:00,13:30,班,on_duty
US00002,2026-06-12,US202508050006,27,13:30,14:00,休,rest
US00002,2026-06-12,US202508050006,28,14:00,14:30,班,on_duty
US00002,2026-06-12,US202508050006,29,14:30,15:00,班,on_duty
US00002,2026-06-12,US202508050006,30,15:00,15:30,班,on_duty
US00002,2026-06-12,US202508050006,31,15:30,16:00,班,on_duty
US00002,2026-06-12,US202508050006,32,16:00,16:30,班,on_duty
US00002,2026-06-12,US202508050006,33,16:30,17:00,班,on_duty
US00002,2026-06-12,US202512020012,12,06:00,06:30,班,on_duty
US00002,2026-06-12,US202512020012,13,06:30,07:00,班,on_duty
US00002,2026-06-12,US202512020012,14,07:00,07:30,班,on_duty
US00002,2026-06-12,US202512020012,15,07:30,08:00,班,on_duty
US00002,2026-06-12,US202512020012,16,08:00,08:30,班,on_duty
US00002,2026-06-12,US202512020012,17,08:30,09:00,班,on_duty
US00002,2026-06-12,US202512020012,18,09:00,09:30,班,on_duty
US00002,2026-06-12,US202512020012,19,09:30,10:00,休,rest
US00002,2026-06-12,US202512020012,20,10:00,10:30,休,rest
US00002,2026-06-12,US202512020012,21,10:30,11:00,班,on_duty
US00002,2026-06-12,US202512020012,22,11:00,11:30,班,on_duty
US00002,2026-06-12,US202512020012,23,11:30,12:00,班,on_duty
US00002,2026-06-12,US202512020012,24,12:00,12:30,班,on_duty
US00002,2026-06-12,US202512020012,25,12:30,13:00,班,on_duty
US00002,2026-06-12,US202512020012,26,13:00,13:30,班,on_duty
US00002,2026-06-12,US202512020012,27,13:30,14:00,班,on_duty
US00002,2026-06-12,US202512020012,28,14:00,14:30,班,on_duty
US00002,2026-06-12,US202512090008,26,13:00,13:30,班,on_duty
US00002,2026-06-12,US202512090008,27,13:30,14:00,班,on_duty
US00002,2026-06-12,US202512090008,28,14:00,14:30,班,on_duty
US00002,2026-06-12,US202512090008,29,14:30,15:00,班,on_duty
US00002,2026-06-12,US202512090008,30,15:00,15:30,班,on_duty
US00002,2026-06-12,US202512090008,31,15:30,16:00,班,on_duty
US00002,2026-06-12,US202512090008,32,16:00,16:30,休,rest
US00002,2026-06-12,US202512090008,33,16:30,17:00,休,rest
US00002,2026-06-12,US202512090008,34,17:00,17:30,班,on_duty
US00002,2026-06-12,US202512090008,35,17:30,18:00,班,on_duty
US00002,2026-06-12,US202512090008,36,18:00,18:30,班,on_duty
US00002,2026-06-12,US202512090008,37,18:30,19:00,班,on_duty
US00002,2026-06-12,US202512090008,38,19:00,19:30,班,on_duty
US00002,2026-06-12,US202512090008,39,19:30,20:00,班,on_duty
US00002,2026-06-12,US202512090008,40,20:00,20:30,班,on_duty
US00002,2026-06-12,US202512090008,41,20:30,21:00,班,on_duty
US00002,2026-06-12,US202512090008,42,21:00,21:30,班,on_duty
US00002,2026-06-12,US202603030008,26,13:00,13:30,班,on_duty
US00002,2026-06-12,US202603030008,27,13:30,14:00,班,on_duty
US00002,2026-06-12,US202603030008,28,14:00,14:30,班,on_duty
US00002,2026-06-12,US202603030008,29,14:30,15:00,班,on_duty
US00002,2026-06-12,US202603030008,30,15:00,15:30,班,on_duty
US00002,2026-06-12,US202603030008,31,15:30,16:00,班,on_duty
US00002,2026-06-12,US202603030008,32,16:00,16:30,班,on_duty
US00002,2026-06-12,US202603030008,33,16:30,17:00,班,on_duty
US00002,2026-06-12,US202603030008,34,17:00,17:30,休,rest
US00002,2026-06-12,US202603030008,35,17:30,18:00,休,rest
US00002,2026-06-12,US202603030008,36,18:00,18:30,班,on_duty
US00002,2026-06-12,US202603030008,37,18:30,19:00,班,on_duty
US00002,2026-06-12,US202603030008,38,19:00,19:30,班,on_duty
US00002,2026-06-12,US202603030008,39,19:30,20:00,班,on_duty
US00002,2026-06-12,US202603030008,40,20:00,20:30,班,on_duty
US00002,2026-06-12,US202603030008,41,20:30,21:00,班,on_duty
US00002,2026-06-12,US202603030008,42,21:00,21:30,班,on_duty
US00002,2026-06-12,US202605120008,12,06:00,06:30,班,on_duty
US00002,2026-06-12,US202605120008,13,06:30,07:00,班,on_duty
US00002,2026-06-12,US202605120008,14,07:00,07:30,班,on_duty
US00002,2026-06-12,US202605120008,15,07:30,08:00,班,on_duty
US00002,2026-06-12,US202605120008,16,08:00,08:30,班,on_duty
US00002,2026-06-12,US202605120008,17,08:30,09:00,班,on_duty
US00002,2026-06-12,US202605120008,18,09:00,09:30,班,on_duty
US00002,2026-06-12,US202605120008,19,09:30,10:00,休,rest
US00002,2026-06-12,US202605120008,20,10:00,10:30,休,rest
US00002,2026-06-12,US202605120008,21,10:30,11:00,班,on_duty
US00002,2026-06-12,US202605120008,22,11:00,11:30,班,on_duty
US00002,2026-06-12,US202605120008,23,11:30,12:00,班,on_duty
US00002,2026-06-12,US202605120008,24,12:00,12:30,班,on_duty
US00002,2026-06-12,US202605120008,25,12:30,13:00,班,on_duty
US00002,2026-06-12,US202605120008,26,13:00,13:30,班,on_duty
US00002,2026-06-12,US202605120008,27,13:30,14:00,班,on_duty
US00002,2026-06-12,US202605120008,28,14:00,14:30,班,on_duty
US00002,2026-06-13,US202506180003,26,13:00,13:30,班,on_duty
US00002,2026-06-13,US202506180003,27,13:30,14:00,班,on_duty
US00002,2026-06-13,US202506180003,28,14:00,14:30,班,on_duty
US00002,2026-06-13,US202506180003,29,14:30,15:00,班,on_duty
US00002,2026-06-13,US202506180003,30,15:00,15:30,班,on_duty
US00002,2026-06-13,US202506180003,31,15:30,16:00,班,on_duty
US00002,2026-06-13,US202506180003,32,16:00,16:30,班,on_duty
US00002,2026-06-13,US202506180003,33,16:30,17:00,班,on_duty
US00002,2026-06-13,US202506180003,34,17:00,17:30,休,rest
US00002,2026-06-13,US202506180003,35,17:30,18:00,休,rest
US00002,2026-06-13,US202506180003,36,18:00,18:30,班,on_duty
US00002,2026-06-13,US202506180003,37,18:30,19:00,班,on_duty
US00002,2026-06-13,US202506180003,38,19:00,19:30,班,on_duty
US00002,2026-06-13,US202506180003,39,19:30,20:00,班,on_duty
US00002,2026-06-13,US202506180003,40,20:00,20:30,班,on_duty
US00002,2026-06-13,US202506180003,41,20:30,21:00,班,on_duty
US00002,2026-06-13,US202506180003,42,21:00,21:30,班,on_duty
US00002,2026-06-13,US202508050005,12,06:00,06:30,班,on_duty
US00002,2026-06-13,US202508050005,13,06:30,07:00,班,on_duty
US00002,2026-06-13,US202508050005,14,07:00,07:30,班,on_duty
US00002,2026-06-13,US202508050005,15,07:30,08:00,班,on_duty
US00002,2026-06-13,US202508050005,16,08:00,08:30,班,on_duty
US00002,2026-06-13,US202508050005,17,08:30,09:00,班,on_duty
US00002,2026-06-13,US202508050005,18,09:00,09:30,班,on_duty
US00002,2026-06-13,US202508050005,19,09:30,10:00,班,on_duty
US00002,2026-06-13,US202508050005,20,10:00,10:30,班,on_duty
US00002,2026-06-13,US202508050005,21,10:30,11:00,休,rest
US00002,2026-06-13,US202508050005,22,11:00,11:30,休,rest
US00002,2026-06-13,US202508050005,23,11:30,12:00,班,on_duty
US00002,2026-06-13,US202508050005,24,12:00,12:30,班,on_duty
US00002,2026-06-13,US202508050005,25,12:30,13:00,班,on_duty
US00002,2026-06-13,US202508050005,26,13:00,13:30,班,on_duty
US00002,2026-06-13,US202512020012,12,06:00,06:30,班,on_duty
US00002,2026-06-13,US202512020012,13,06:30,07:00,班,on_duty
US00002,2026-06-13,US202512020012,14,07:00,07:30,班,on_duty
US00002,2026-06-13,US202512020012,15,07:30,08:00,班,on_duty
US00002,2026-06-13,US202512020012,16,08:00,08:30,班,on_duty
US00002,2026-06-13,US202512020012,17,08:30,09:00,班,on_duty
US00002,2026-06-13,US202512020012,18,09:00,09:30,班,on_duty
US00002,2026-06-13,US202512020012,19,09:30,10:00,休,rest
US00002,2026-06-13,US202512020012,20,10:00,10:30,休,rest
US00002,2026-06-13,US202512020012,21,10:30,11:00,班,on_duty
US00002,2026-06-13,US202512020012,22,11:00,11:30,班,on_duty
US00002,2026-06-13,US202512020012,23,11:30,12:00,班,on_duty
US00002,2026-06-13,US202512020012,24,12:00,12:30,班,on_duty
US00002,2026-06-13,US202512020012,25,12:30,13:00,班,on_duty
US00002,2026-06-13,US202512020012,26,13:00,13:30,班,on_duty
US00002,2026-06-13,US202512020012,27,13:30,14:00,班,on_duty
US00002,2026-06-13,US202512020012,28,14:00,14:30,班,on_duty
US00002,2026-06-13,US202512090008,19,09:30,10:00,班,on_duty
US00002,2026-06-13,US202512090008,20,10:00,10:30,班,on_duty
US00002,2026-06-13,US202512090008,21,10:30,11:00,班,on_duty
US00002,2026-06-13,US202512090008,22,11:00,11:30,班,on_duty
US00002,2026-06-13,US202512090008,23,11:30,12:00,班,on_duty
US00002,2026-06-13,US202512090008,24,12:00,12:30,班,on_duty
US00002,2026-06-13,US202512090008,25,12:30,13:00,班,on_duty
US00002,2026-06-13,US202512090008,26,13:00,13:30,班,on_duty
US00002,2026-06-13,US202512090008,27,13:30,14:00,休,rest
US00002,2026-06-13,US202512090008,28,14:00,14:30,班,on_duty
US00002,2026-06-13,US202512090008,29,14:30,15:00,班,on_duty
US00002,2026-06-13,US202512090008,30,15:00,15:30,班,on_duty
US00002,2026-06-13,US202512090008,31,15:30,16:00,班,on_duty
US00002,2026-06-13,US202512090008,32,16:00,16:30,班,on_duty
US00002,2026-06-13,US202512090008,33,16:30,17:00,班,on_duty
US00002,2026-06-13,US202601130004,21,10:30,11:00,班,on_duty
US00002,2026-06-13,US202601130004,22,11:00,11:30,班,on_duty
US00002,2026-06-13,US202601130004,23,11:30,12:00,班,on_duty
US00002,2026-06-13,US202601130004,24,12:00,12:30,班,on_duty
US00002,2026-06-13,US202601130004,25,12:30,13:00,班,on_duty
US00002,2026-06-13,US202601130004,26,13:00,13:30,班,on_duty
US00002,2026-06-13,US202601130004,27,13:30,14:00,班,on_duty
US00002,2026-06-13,US202601130004,28,14:00,14:30,班,on_duty
US00002,2026-06-13,US202601130004,29,14:30,15:00,休,rest
US00002,2026-06-13,US202601130004,30,15:00,15:30,班,on_duty
US00002,2026-06-13,US202601130004,31,15:30,16:00,班,on_duty
US00002,2026-06-13,US202601130004,32,16:00,16:30,班,on_duty
US00002,2026-06-13,US202601130004,33,16:30,17:00,班,on_duty
US00002,2026-06-13,US202601130004,34,17:00,17:30,班,on_duty
US00002,2026-06-13,US202601130004,35,17:30,18:00,班,on_duty
US00002,2026-06-13,US202605120008,26,13:00,13:30,班,on_duty
US00002,2026-06-13,US202605120008,27,13:30,14:00,班,on_duty
US00002,2026-06-13,US202605120008,28,14:00,14:30,班,on_duty
US00002,2026-06-13,US202605120008,29,14:30,15:00,班,on_duty
US00002,2026-06-13,US202605120008,30,15:00,15:30,班,on_duty
US00002,2026-06-13,US202605120008,31,15:30,16:00,班,on_duty
US00002,2026-06-13,US202605120008,32,16:00,16:30,休,rest
US00002,2026-06-13,US202605120008,33,16:30,17:00,休,rest
US00002,2026-06-13,US202605120008,34,17:00,17:30,班,on_duty
US00002,2026-06-13,US202605120008,35,17:30,18:00,班,on_duty
US00002,2026-06-13,US202605120008,36,18:00,18:30,班,on_duty
US00002,2026-06-13,US202605120008,37,18:30,19:00,班,on_duty
US00002,2026-06-13,US202605120008,38,19:00,19:30,班,on_duty
US00002,2026-06-13,US202605120008,39,19:30,20:00,班,on_duty
US00002,2026-06-13,US202605120008,40,20:00,20:30,班,on_duty
US00002,2026-06-13,US202605120008,41,20:30,21:00,班,on_duty
US00002,2026-06-13,US202605120008,42,21:00,21:30,班,on_duty
US00002,2026-06-14,US202512020012,28,14:00,14:30,班,on_duty
US00002,2026-06-14,US202512020012,29,14:30,15:00,班,on_duty
US00002,2026-06-14,US202512020012,30,15:00,15:30,班,on_duty
US00002,2026-06-14,US202512020012,31,15:30,16:00,班,on_duty
US00002,2026-06-14,US202512020012,32,16:00,16:30,班,on_duty
US00002,2026-06-14,US202512020012,33,16:30,17:00,班,on_duty
US00002,2026-06-14,US202512020012,34,17:00,17:30,班,on_duty
US00002,2026-06-14,US202512020012,35,17:30,18:00,班,on_duty
US00002,2026-06-14,US202512020012,36,18:00,18:30,班,on_duty
US00002,2026-06-14,US202512020012,37,18:30,19:00,班,on_duty
US00002,2026-06-14,US202512020012,38,19:00,19:30,班,on_duty
US00002,2026-06-14,US202512020012,39,19:30,20:00,班,on_duty
US00002,2026-06-14,US202512020012,40,20:00,20:30,班,on_duty
US00002,2026-06-14,US202512020012,41,20:30,21:00,班,on_duty
US00002,2026-06-14,US202512020012,42,21:00,21:30,班,on_duty
US00002,2026-06-14,US202512090008,12,06:00,06:30,班,on_duty
US00002,2026-06-14,US202512090008,13,06:30,07:00,班,on_duty
US00002,2026-06-14,US202512090008,14,07:00,07:30,班,on_duty
US00002,2026-06-14,US202512090008,15,07:30,08:00,班,on_duty
US00002,2026-06-14,US202512090008,16,08:00,08:30,班,on_duty
US00002,2026-06-14,US202512090008,17,08:30,09:00,班,on_duty
US00002,2026-06-14,US202512090008,18,09:00,09:30,班,on_duty
US00002,2026-06-14,US202512090008,19,09:30,10:00,班,on_duty
US00002,2026-06-14,US202512090008,20,10:00,10:30,班,on_duty
US00002,2026-06-14,US202512090008,21,10:30,11:00,休,rest
US00002,2026-06-14,US202512090008,22,11:00,11:30,休,rest
US00002,2026-06-14,US202512090008,23,11:30,12:00,班,on_duty
US00002,2026-06-14,US202512090008,24,12:00,12:30,班,on_duty
US00002,2026-06-14,US202512090008,25,12:30,13:00,班,on_duty
US00002,2026-06-14,US202512090008,26,13:00,13:30,班,on_duty
US00002,2026-06-14,US202512090008,27,13:30,14:00,班,on_duty
US00002,2026-06-14,US202512090008,28,14:00,14:30,班,on_duty
US00002,2026-06-14,US202601130004,21,10:30,11:00,班,on_duty
US00002,2026-06-14,US202601130004,22,11:00,11:30,班,on_duty
US00002,2026-06-14,US202601130004,23,11:30,12:00,班,on_duty
US00002,2026-06-14,US202601130004,24,12:00,12:30,班,on_duty
US00002,2026-06-14,US202601130004,25,12:30,13:00,班,on_duty
US00002,2026-06-14,US202601130004,26,13:00,13:30,班,on_duty
US00002,2026-06-14,US202601130004,27,13:30,14:00,班,on_duty
US00002,2026-06-14,US202601130004,28,14:00,14:30,休,rest
US00002,2026-06-14,US202601130004,29,14:30,15:00,班,on_duty
US00002,2026-06-14,US202601130004,30,15:00,15:30,班,on_duty
US00002,2026-06-14,US202601130004,31,15:30,16:00,班,on_duty
US00002,2026-06-14,US202601130004,32,16:00,16:30,班,on_duty
US00002,2026-06-14,US202601130004,33,16:30,17:00,班,on_duty
US00002,2026-06-14,US202601130004,34,17:00,17:30,班,on_duty
US00002,2026-06-14,US202601130004,35,17:30,18:00,班,on_duty
US00002,2026-06-14,US202603030008,12,06:00,06:30,班,on_duty
US00002,2026-06-14,US202603030008,13,06:30,07:00,班,on_duty
US00002,2026-06-14,US202603030008,14,07:00,07:30,班,on_duty
US00002,2026-06-14,US202603030008,15,07:30,08:00,班,on_duty
US00002,2026-06-14,US202603030008,16,08:00,08:30,班,on_duty
US00002,2026-06-14,US202603030008,17,08:30,09:00,班,on_duty
US00002,2026-06-14,US202603030008,18,09:00,09:30,班,on_duty
US00002,2026-06-14,US202603030008,19,09:30,10:00,班,on_duty
US00002,2026-06-14,US202603030008,20,10:00,10:30,班,on_duty
US00002,2026-06-14,US202603030008,21,10:30,11:00,班,on_duty
US00002,2026-06-14,US202603030008,22,11:00,11:30,班,on_duty
US00002,2026-06-14,US202603030008,23,11:30,12:00,休,rest
US00002,2026-06-14,US202603030008,24,12:00,12:30,休,rest
US00002,2026-06-14,US202603030008,25,12:30,13:00,班,on_duty
US00002,2026-06-14,US202603030008,26,13:00,13:30,班,on_duty
US00002,2026-06-14,US202603030008,27,13:30,14:00,班,on_duty
US00002,2026-06-14,US202603030008,28,14:00,14:30,班,on_duty
US00003,2026-06-08,US202510010001,29,14:30,15:00,班,on_duty
US00003,2026-06-08,US202510010001,30,15:00,15:30,班,on_duty
US00003,2026-06-08,US202510010001,31,15:30,16:00,班,on_duty
US00003,2026-06-08,US202601060002,12,06:00,06:30,班,on_duty
US00003,2026-06-08,US202601060002,13,06:30,07:00,班,on_duty
US00003,2026-06-08,US202601060002,14,07:00,07:30,班,on_duty
US00003,2026-06-08,US202601060002,15,07:30,08:00,班,on_duty
US00003,2026-06-08,US202601060002,16,08:00,08:30,班,on_duty
US00003,2026-06-08,US202601060002,17,08:30,09:00,班,on_duty
US00003,2026-06-08,US202601060002,18,09:00,09:30,休,rest
US00003,2026-06-08,US202601060002,19,09:30,10:00,休,rest
US00003,2026-06-08,US202601060002,20,10:00,10:30,班,on_duty
US00003,2026-06-08,US202601060002,21,10:30,11:00,班,on_duty
US00003,2026-06-08,US202601060002,22,11:00,11:30,班,on_duty
US00003,2026-06-08,US202601060002,23,11:30,12:00,班,on_duty
US00003,2026-06-08,US202601060002,24,12:00,12:30,班,on_duty
US00003,2026-06-08,US202601060002,25,12:30,13:00,班,on_duty
US00003,2026-06-08,US202601060002,26,13:00,13:30,班,on_duty
US00003,2026-06-08,US202601060002,27,13:30,14:00,班,on_duty
US00003,2026-06-08,US202601130001,27,13:30,14:00,班,on_duty
US00003,2026-06-08,US202601130001,28,14:00,14:30,班,on_duty
US00003,2026-06-08,US202601130001,29,14:30,15:00,班,on_duty
US00003,2026-06-08,US202601130001,30,15:00,15:30,班,on_duty
US00003,2026-06-08,US202601130001,31,15:30,16:00,班,on_duty
US00003,2026-06-08,US202601130001,32,16:00,16:30,休,rest
US00003,2026-06-08,US202601130001,33,16:30,17:00,休,rest
US00003,2026-06-08,US202601130001,34,17:00,17:30,班,on_duty
US00003,2026-06-08,US202601130001,35,17:30,18:00,班,on_duty
US00003,2026-06-08,US202601130001,36,18:00,18:30,班,on_duty
US00003,2026-06-08,US202601130001,37,18:30,19:00,班,on_duty
US00003,2026-06-08,US202601130001,38,19:00,19:30,班,on_duty
US00003,2026-06-08,US202601130001,39,19:30,20:00,班,on_duty
US00003,2026-06-08,US202601130001,40,20:00,20:30,班,on_duty
US00003,2026-06-08,US202601130001,41,20:30,21:00,班,on_duty
US00003,2026-06-08,US202601130001,42,21:00,21:30,班,on_duty
US00003,2026-06-08,US202603100011,12,06:00,06:30,班,on_duty
US00003,2026-06-08,US202603100011,13,06:30,07:00,班,on_duty
US00003,2026-06-08,US202603100011,14,07:00,07:30,班,on_duty
US00003,2026-06-08,US202603100011,15,07:30,08:00,班,on_duty
US00003,2026-06-08,US202603100011,16,08:00,08:30,班,on_duty
US00003,2026-06-08,US202603100011,17,08:30,09:00,班,on_duty
US00003,2026-06-08,US202603100011,18,09:00,09:30,班,on_duty
US00003,2026-06-08,US202603100011,19,09:30,10:00,班,on_duty
US00003,2026-06-08,US202603100011,20,10:00,10:30,班,on_duty
US00003,2026-06-08,US202603100011,21,10:30,11:00,休,rest
US00003,2026-06-08,US202603100011,22,11:00,11:30,休,rest
US00003,2026-06-08,US202603100011,23,11:30,12:00,班,on_duty
US00003,2026-06-08,US202603100011,24,12:00,12:30,班,on_duty
US00003,2026-06-08,US202603100011,25,12:30,13:00,班,on_duty
US00003,2026-06-08,US202603100011,26,13:00,13:30,班,on_duty
US00003,2026-06-08,US202603100011,27,13:30,14:00,班,on_duty
US00003,2026-06-08,US202604280003,27,13:30,14:00,班,on_duty
US00003,2026-06-08,US202604280003,28,14:00,14:30,班,on_duty
US00003,2026-06-08,US202604280003,29,14:30,15:00,班,on_duty
US00003,2026-06-08,US202604280003,30,15:00,15:30,班,on_duty
US00003,2026-06-08,US202604280003,31,15:30,16:00,班,on_duty
US00003,2026-06-08,US202604280003,32,16:00,16:30,班,on_duty
US00003,2026-06-08,US202604280003,33,16:30,17:00,班,on_duty
US00003,2026-06-08,US202604280003,34,17:00,17:30,班,on_duty
US00003,2026-06-08,US202604280003,35,17:30,18:00,休,rest
US00003,2026-06-08,US202604280003,36,18:00,18:30,休,rest
US00003,2026-06-08,US202604280003,37,18:30,19:00,班,on_duty
US00003,2026-06-08,US202604280003,38,19:00,19:30,班,on_duty
US00003,2026-06-08,US202604280003,39,19:30,20:00,班,on_duty
US00003,2026-06-08,US202604280003,40,20:00,20:30,班,on_duty
US00003,2026-06-08,US202604280003,41,20:30,21:00,班,on_duty
US00003,2026-06-08,US202604280003,42,21:00,21:30,班,on_duty
US00003,2026-06-08,US202605050002,12,06:00,06:30,班,on_duty
US00003,2026-06-08,US202605050002,13,06:30,07:00,班,on_duty
US00003,2026-06-08,US202605050002,14,07:00,07:30,班,on_duty
US00003,2026-06-08,US202605050002,15,07:30,08:00,班,on_duty
US00003,2026-06-08,US202605050002,16,08:00,08:30,班,on_duty
US00003,2026-06-08,US202605050002,17,08:30,09:00,班,on_duty
US00003,2026-06-08,US202605050002,18,09:00,09:30,班,on_duty
US00003,2026-06-08,US202605050002,19,09:30,10:00,休,rest
US00003,2026-06-08,US202605050002,20,10:00,10:30,休,rest
US00003,2026-06-08,US202605050002,21,10:30,11:00,班,on_duty
US00003,2026-06-08,US202605050002,22,11:00,11:30,班,on_duty
US00003,2026-06-08,US202605050002,23,11:30,12:00,班,on_duty
US00003,2026-06-08,US202605050002,24,12:00,12:30,班,on_duty
US00003,2026-06-08,US202605050002,25,12:30,13:00,班,on_duty
US00003,2026-06-08,US202605050002,26,13:00,13:30,班,on_duty
US00003,2026-06-08,US202605050002,27,13:30,14:00,班,on_duty
US00003,2026-06-08,US202605190004,27,13:30,14:00,班,on_duty
US00003,2026-06-08,US202605190004,28,14:00,14:30,班,on_duty
US00003,2026-06-08,US202605190004,29,14:30,15:00,班,on_duty
US00003,2026-06-08,US202605190004,30,15:00,15:30,班,on_duty
US00003,2026-06-08,US202605190004,31,15:30,16:00,班,on_duty
US00003,2026-06-08,US202605190004,32,16:00,16:30,班,on_duty
US00003,2026-06-08,US202605190004,33,16:30,17:00,休,rest
US00003,2026-06-08,US202605190004,34,17:00,17:30,休,rest
US00003,2026-06-08,US202605190004,35,17:30,18:00,班,on_duty
US00003,2026-06-08,US202605190004,36,18:00,18:30,班,on_duty
US00003,2026-06-08,US202605190004,37,18:30,19:00,班,on_duty
US00003,2026-06-08,US202605190004,38,19:00,19:30,班,on_duty
US00003,2026-06-08,US202605190004,39,19:30,20:00,班,on_duty
US00003,2026-06-08,US202605190004,40,20:00,20:30,班,on_duty
US00003,2026-06-08,US202605190004,41,20:30,21:00,班,on_duty
US00003,2026-06-08,US202605190004,42,21:00,21:30,班,on_duty
US00003,2026-06-09,US202601060002,12,06:00,06:30,班,on_duty
US00003,2026-06-09,US202601060002,13,06:30,07:00,班,on_duty
US00003,2026-06-09,US202601060002,14,07:00,07:30,班,on_duty
US00003,2026-06-09,US202601060002,15,07:30,08:00,班,on_duty
US00003,2026-06-09,US202601060002,16,08:00,08:30,班,on_duty
US00003,2026-06-09,US202601060002,17,08:30,09:00,班,on_duty
US00003,2026-06-09,US202601060002,18,09:00,09:30,班,on_duty
US00003,2026-06-09,US202601060002,19,09:30,10:00,休,rest
US00003,2026-06-09,US202601060002,20,10:00,10:30,休,rest
US00003,2026-06-09,US202601060002,21,10:30,11:00,班,on_duty
US00003,2026-06-09,US202601060002,22,11:00,11:30,班,on_duty
US00003,2026-06-09,US202601060002,23,11:30,12:00,班,on_duty
US00003,2026-06-09,US202601060002,24,12:00,12:30,班,on_duty
US00003,2026-06-09,US202601060002,25,12:30,13:00,班,on_duty
US00003,2026-06-09,US202601060002,26,13:00,13:30,班,on_duty
US00003,2026-06-09,US202601060002,27,13:30,14:00,班,on_duty
US00003,2026-06-09,US202601200006,27,13:30,14:00,班,on_duty
US00003,2026-06-09,US202601200006,28,14:00,14:30,班,on_duty
US00003,2026-06-09,US202601200006,29,14:30,15:00,班,on_duty
US00003,2026-06-09,US202601200006,30,15:00,15:30,班,on_duty
US00003,2026-06-09,US202601200006,31,15:30,16:00,班,on_duty
US00003,2026-06-09,US202601200006,32,16:00,16:30,班,on_duty
US00003,2026-06-09,US202601200006,33,16:30,17:00,班,on_duty
US00003,2026-06-09,US202601200006,34,17:00,17:30,班,on_duty
US00003,2026-06-09,US202601200006,35,17:30,18:00,休,rest
US00003,2026-06-09,US202601200006,36,18:00,18:30,休,rest
US00003,2026-06-09,US202601200006,37,18:30,19:00,班,on_duty
US00003,2026-06-09,US202601200006,38,19:00,19:30,班,on_duty
US00003,2026-06-09,US202601200006,39,19:30,20:00,班,on_duty
US00003,2026-06-09,US202601200006,40,20:00,20:30,班,on_duty
US00003,2026-06-09,US202601200006,41,20:30,21:00,班,on_duty
US00003,2026-06-09,US202601200006,42,21:00,21:30,班,on_duty
US00003,2026-06-09,US202603100011,27,13:30,14:00,班,on_duty
US00003,2026-06-09,US202603100011,28,14:00,14:30,班,on_duty
US00003,2026-06-09,US202603100011,29,14:30,15:00,班,on_duty
US00003,2026-06-09,US202603100011,30,15:00,15:30,班,on_duty
US00003,2026-06-09,US202603100011,31,15:30,16:00,班,on_duty
US00003,2026-06-09,US202603100011,32,16:00,16:30,班,on_duty
US00003,2026-06-09,US202603100011,33,16:30,17:00,休,rest
US00003,2026-06-09,US202603100011,34,17:00,17:30,休,rest
US00003,2026-06-09,US202603100011,35,17:30,18:00,班,on_duty
US00003,2026-06-09,US202603100011,36,18:00,18:30,班,on_duty
US00003,2026-06-09,US202603100011,37,18:30,19:00,班,on_duty
US00003,2026-06-09,US202603100011,38,19:00,19:30,班,on_duty
US00003,2026-06-09,US202603100011,39,19:30,20:00,班,on_duty
US00003,2026-06-09,US202603100011,40,20:00,20:30,班,on_duty
US00003,2026-06-09,US202603100011,41,20:30,21:00,班,on_duty
US00003,2026-06-09,US202603100011,42,21:00,21:30,班,on_duty
US00003,2026-06-09,US202605050002,12,06:00,06:30,班,on_duty
US00003,2026-06-09,US202605050002,13,06:30,07:00,班,on_duty
US00003,2026-06-09,US202605050002,14,07:00,07:30,班,on_duty
US00003,2026-06-09,US202605050002,15,07:30,08:00,班,on_duty
US00003,2026-06-09,US202605050002,16,08:00,08:30,班,on_duty
US00003,2026-06-09,US202605050002,17,08:30,09:00,班,on_duty
US00003,2026-06-09,US202605050002,18,09:00,09:30,班,on_duty
US00003,2026-06-09,US202605050002,19,09:30,10:00,班,on_duty
US00003,2026-06-09,US202605050002,20,10:00,10:30,班,on_duty
US00003,2026-06-09,US202605050002,21,10:30,11:00,休,rest
US00003,2026-06-09,US202605050002,22,11:00,11:30,休,rest
US00003,2026-06-09,US202605050002,23,11:30,12:00,班,on_duty
US00003,2026-06-09,US202605050002,24,12:00,12:30,班,on_duty
US00003,2026-06-09,US202605050002,25,12:30,13:00,班,on_duty
US00003,2026-06-09,US202605050002,26,13:00,13:30,班,on_duty
US00003,2026-06-09,US202605050002,27,13:30,14:00,班,on_duty
US00003,2026-06-09,US202605140005,12,06:00,06:30,班,on_duty
US00003,2026-06-09,US202605140005,13,06:30,07:00,班,on_duty
US00003,2026-06-09,US202605140005,14,07:00,07:30,班,on_duty
US00003,2026-06-09,US202605140005,15,07:30,08:00,班,on_duty
US00003,2026-06-09,US202605140005,16,08:00,08:30,班,on_duty
US00003,2026-06-09,US202605140005,17,08:30,09:00,班,on_duty
US00003,2026-06-09,US202605140005,18,09:00,09:30,休,rest
US00003,2026-06-09,US202605140005,19,09:30,10:00,休,rest
US00003,2026-06-09,US202605140005,20,10:00,10:30,班,on_duty
US00003,2026-06-09,US202605140005,21,10:30,11:00,班,on_duty
US00003,2026-06-09,US202605140005,22,11:00,11:30,班,on_duty
US00003,2026-06-09,US202605140005,23,11:30,12:00,班,on_duty
US00003,2026-06-09,US202605140005,24,12:00,12:30,班,on_duty
US00003,2026-06-09,US202605140005,25,12:30,13:00,班,on_duty
US00003,2026-06-09,US202605140005,26,13:00,13:30,班,on_duty
US00003,2026-06-09,US202605140005,27,13:30,14:00,班,on_duty
US00003,2026-06-09,US202605190004,27,13:30,14:00,班,on_duty
US00003,2026-06-09,US202605190004,28,14:00,14:30,班,on_duty
US00003,2026-06-09,US202605190004,29,14:30,15:00,班,on_duty
US00003,2026-06-09,US202605190004,30,15:00,15:30,班,on_duty
US00003,2026-06-09,US202605190004,31,15:30,16:00,班,on_duty
US00003,2026-06-09,US202605190004,32,16:00,16:30,休,rest
US00003,2026-06-09,US202605190004,33,16:30,17:00,休,rest
US00003,2026-06-09,US202605190004,34,17:00,17:30,班,on_duty
US00003,2026-06-09,US202605190004,35,17:30,18:00,班,on_duty
US00003,2026-06-09,US202605190004,36,18:00,18:30,班,on_duty
US00003,2026-06-09,US202605190004,37,18:30,19:00,班,on_duty
US00003,2026-06-09,US202605190004,38,19:00,19:30,班,on_duty
US00003,2026-06-09,US202605190004,39,19:30,20:00,班,on_duty
US00003,2026-06-09,US202605190004,40,20:00,20:30,班,on_duty
US00003,2026-06-09,US202605190004,41,20:30,21:00,班,on_duty
US00003,2026-06-09,US202605190004,42,21:00,21:30,班,on_duty
US00003,2026-06-10,US202510010001,28,14:00,14:30,班,on_duty
US00003,2026-06-10,US202510010001,29,14:30,15:00,班,on_duty
US00003,2026-06-10,US202510010001,30,15:00,15:30,班,on_duty
US00003,2026-06-10,US202510010001,31,15:30,16:00,班,on_duty
US00003,2026-06-10,US202510010001,32,16:00,16:30,班,on_duty
US00003,2026-06-10,US202510010001,33,16:30,17:00,休,rest
US00003,2026-06-10,US202510010001,34,17:00,17:30,休,rest
US00003,2026-06-10,US202510010001,35,17:30,18:00,班,on_duty
US00003,2026-06-10,US202510010001,36,18:00,18:30,班,on_duty
US00003,2026-06-10,US202510010001,37,18:30,19:00,班,on_duty
US00003,2026-06-10,US202510010001,38,19:00,19:30,班,on_duty
US00003,2026-06-10,US202510010001,39,19:30,20:00,班,on_duty
US00003,2026-06-10,US202510010001,40,20:00,20:30,班,on_duty
US00003,2026-06-10,US202510010001,41,20:30,21:00,班,on_duty
US00003,2026-06-10,US202510210008,12,06:00,06:30,班,on_duty
US00003,2026-06-10,US202510210008,13,06:30,07:00,班,on_duty
US00003,2026-06-10,US202510210008,14,07:00,07:30,班,on_duty
US00003,2026-06-10,US202510210008,15,07:30,08:00,班,on_duty
US00003,2026-06-10,US202510210008,16,08:00,08:30,班,on_duty
US00003,2026-06-10,US202510210008,17,08:30,09:00,班,on_duty
US00003,2026-06-10,US202510210008,18,09:00,09:30,班,on_duty
US00003,2026-06-10,US202510210008,19,09:30,10:00,班,on_duty
US00003,2026-06-10,US202510210008,20,10:00,10:30,休,rest
US00003,2026-06-10,US202510210008,21,10:30,11:00,休,rest
US00003,2026-06-10,US202510210008,22,11:00,11:30,班,on_duty
US00003,2026-06-10,US202510210008,23,11:30,12:00,班,on_duty
US00003,2026-06-10,US202510210008,24,12:00,12:30,班,on_duty
US00003,2026-06-10,US202510210008,25,12:30,13:00,班,on_duty
US00003,2026-06-10,US202510210008,26,13:00,13:30,班,on_duty
US00003,2026-06-10,US202510210008,27,13:30,14:00,班,on_duty
US00003,2026-06-10,US202601060002,12,06:00,06:30,班,on_duty
US00003,2026-06-10,US202601060002,13,06:30,07:00,班,on_duty
US00003,2026-06-10,US202601060002,14,07:00,07:30,班,on_duty
US00003,2026-06-10,US202601060002,15,07:30,08:00,班,on_duty
US00003,2026-06-10,US202601060002,16,08:00,08:30,班,on_duty
US00003,2026-06-10,US202601060002,17,08:30,09:00,班,on_duty
US00003,2026-06-10,US202601060002,18,09:00,09:30,班,on_duty
US00003,2026-06-10,US202601060002,19,09:30,10:00,休,rest
US00003,2026-06-10,US202601060002,20,10:00,10:30,休,rest
US00003,2026-06-10,US202601060002,21,10:30,11:00,班,on_duty
US00003,2026-06-10,US202601060002,22,11:00,11:30,班,on_duty
US00003,2026-06-10,US202601060002,23,11:30,12:00,班,on_duty
US00003,2026-06-10,US202601060002,24,12:00,12:30,班,on_duty
US00003,2026-06-10,US202601060002,25,12:30,13:00,班,on_duty
US00003,2026-06-10,US202601060002,26,13:00,13:30,班,on_duty
US00003,2026-06-10,US202601060002,27,13:30,14:00,班,on_duty
US00003,2026-06-10,US202601130001,19,09:30,10:00,训,training
US00003,2026-06-10,US202601130001,20,10:00,10:30,训,training
US00003,2026-06-10,US202601130001,21,10:30,11:00,训,training
US00003,2026-06-10,US202601130001,22,11:00,11:30,休,rest
US00003,2026-06-10,US202601130001,23,11:30,12:00,休,rest
US00003,2026-06-10,US202601130001,24,12:00,12:30,训,training
US00003,2026-06-10,US202601130001,25,12:30,13:00,训,training
US00003,2026-06-10,US202601130001,26,13:00,13:30,训,training
US00003,2026-06-10,US202601130001,27,13:30,14:00,训,training
US00003,2026-06-10,US202601130001,28,14:00,14:30,训,training
US00003,2026-06-10,US202601130001,29,14:30,15:00,训,training
US00003,2026-06-10,US202601130001,30,15:00,15:30,训,training
US00003,2026-06-10,US202601130001,31,15:30,16:00,训,training
US00003,2026-06-10,US202601130001,32,16:00,16:30,训,training
US00003,2026-06-10,US202601200006,27,13:30,14:00,班,on_duty
US00003,2026-06-10,US202601200006,28,14:00,14:30,班,on_duty
US00003,2026-06-10,US202601200006,29,14:30,15:00,班,on_duty
US00003,2026-06-10,US202601200006,30,15:00,15:30,班,on_duty
US00003,2026-06-10,US202601200006,31,15:30,16:00,班,on_duty
US00003,2026-06-10,US202601200006,32,16:00,16:30,班,on_duty
US00003,2026-06-10,US202601200006,33,16:30,17:00,班,on_duty
US00003,2026-06-10,US202601200006,34,17:00,17:30,班,on_duty
US00003,2026-06-10,US202601200006,35,17:30,18:00,休,rest
US00003,2026-06-10,US202601200006,36,18:00,18:30,休,rest
US00003,2026-06-10,US202601200006,37,18:30,19:00,班,on_duty
US00003,2026-06-10,US202601200006,38,19:00,19:30,班,on_duty
US00003,2026-06-10,US202601200006,39,19:30,20:00,班,on_duty
US00003,2026-06-10,US202601200006,40,20:00,20:30,班,on_duty
US00003,2026-06-10,US202601200006,41,20:30,21:00,班,on_duty
US00003,2026-06-10,US202601200006,42,21:00,21:30,班,on_duty
US00003,2026-06-10,US202603100011,27,13:30,14:00,班,on_duty
US00003,2026-06-10,US202603100011,28,14:00,14:30,班,on_duty
US00003,2026-06-10,US202603100011,29,14:30,15:00,班,on_duty
US00003,2026-06-10,US202603100011,30,15:00,15:30,班,on_duty
US00003,2026-06-10,US202603100011,31,15:30,16:00,班,on_duty
US00003,2026-06-10,US202603100011,32,16:00,16:30,班,on_duty
US00003,2026-06-10,US202603100011,33,16:30,17:00,休,rest
US00003,2026-06-10,US202603100011,34,17:00,17:30,休,rest
US00003,2026-06-10,US202603100011,35,17:30,18:00,班,on_duty
US00003,2026-06-10,US202603100011,36,18:00,18:30,班,on_duty
US00003,2026-06-10,US202603100011,37,18:30,19:00,班,on_duty
US00003,2026-06-10,US202603100011,38,19:00,19:30,班,on_duty
US00003,2026-06-10,US202603100011,39,19:30,20:00,班,on_duty
US00003,2026-06-10,US202603100011,40,20:00,20:30,班,on_duty
US00003,2026-06-10,US202603100011,41,20:30,21:00,班,on_duty
US00003,2026-06-10,US202603100011,42,21:00,21:30,班,on_duty
US00003,2026-06-10,US202604280003,12,06:00,06:30,班,on_duty
US00003,2026-06-10,US202604280003,13,06:30,07:00,班,on_duty
US00003,2026-06-10,US202604280003,14,07:00,07:30,班,on_duty
US00003,2026-06-10,US202604280003,15,07:30,08:00,班,on_duty
US00003,2026-06-10,US202604280003,16,08:00,08:30,班,on_duty
US00003,2026-06-10,US202604280003,17,08:30,09:00,班,on_duty
US00003,2026-06-10,US202604280003,18,09:00,09:30,班,on_duty
US00003,2026-06-10,US202604280003,19,09:30,10:00,班,on_duty
US00003,2026-06-10,US202604280003,20,10:00,10:30,班,on_duty
US00003,2026-06-10,US202604280003,21,10:30,11:00,休,rest
US00003,2026-06-10,US202604280003,22,11:00,11:30,休,rest
US00003,2026-06-10,US202604280003,23,11:30,12:00,班,on_duty
US00003,2026-06-10,US202604280003,24,12:00,12:30,班,on_duty
US00003,2026-06-10,US202604280003,25,12:30,13:00,班,on_duty
US00003,2026-06-10,US202604280003,26,13:00,13:30,班,on_duty
US00003,2026-06-10,US202604280003,27,13:30,14:00,班,on_duty
US00003,2026-06-10,US202605050002,27,13:30,14:00,班,on_duty
US00003,2026-06-10,US202605050002,28,14:00,14:30,班,on_duty
US00003,2026-06-10,US202605050002,29,14:30,15:00,班,on_duty
US00003,2026-06-10,US202605050002,30,15:00,15:30,班,on_duty
US00003,2026-06-10,US202605050002,31,15:30,16:00,班,on_duty
US00003,2026-06-10,US202605050002,32,16:00,16:30,班,on_duty
US00003,2026-06-10,US202605050002,33,16:30,17:00,班,on_duty
US00003,2026-06-10,US202605050002,34,17:00,17:30,班,on_duty
US00003,2026-06-10,US202605050002,35,17:30,18:00,休,rest
US00003,2026-06-10,US202605050002,36,18:00,18:30,休,rest
US00003,2026-06-10,US202605050002,37,18:30,19:00,班,on_duty
US00003,2026-06-10,US202605050002,38,19:00,19:30,班,on_duty
US00003,2026-06-10,US202605050002,39,19:30,20:00,班,on_duty
US00003,2026-06-10,US202605050002,40,20:00,20:30,班,on_duty
US00003,2026-06-10,US202605050002,41,20:30,21:00,班,on_duty
US00003,2026-06-10,US202605050002,42,21:00,21:30,班,on_duty
US00003,2026-06-10,US202605140005,12,06:00,06:30,班,on_duty
US00003,2026-06-10,US202605140005,13,06:30,07:00,班,on_duty
US00003,2026-06-10,US202605140005,14,07:00,07:30,班,on_duty
US00003,2026-06-10,US202605140005,15,07:30,08:00,班,on_duty
US00003,2026-06-10,US202605140005,16,08:00,08:30,班,on_duty
US00003,2026-06-10,US202605140005,17,08:30,09:00,班,on_duty
US00003,2026-06-10,US202605140005,18,09:00,09:30,休,rest
US00003,2026-06-10,US202605140005,19,09:30,10:00,休,rest
US00003,2026-06-10,US202605140005,20,10:00,10:30,班,on_duty
US00003,2026-06-10,US202605140005,21,10:30,11:00,班,on_duty
US00003,2026-06-10,US202605140005,22,11:00,11:30,班,on_duty
US00003,2026-06-10,US202605140005,23,11:30,12:00,班,on_duty
US00003,2026-06-10,US202605140005,24,12:00,12:30,班,on_duty
US00003,2026-06-10,US202605140005,25,12:30,13:00,班,on_duty
US00003,2026-06-10,US202605140005,26,13:00,13:30,班,on_duty
US00003,2026-06-10,US202605140005,27,13:30,14:00,班,on_duty
US00003,2026-06-11,US202510010001,28,14:00,14:30,班,on_duty
US00003,2026-06-11,US202510010001,29,14:30,15:00,班,on_duty
US00003,2026-06-11,US202510010001,30,15:00,15:30,班,on_duty
US00003,2026-06-11,US202510010001,31,15:30,16:00,班,on_duty
US00003,2026-06-11,US202510010001,32,16:00,16:30,班,on_duty
US00003,2026-06-11,US202510010001,33,16:30,17:00,休,rest
US00003,2026-06-11,US202510010001,34,17:00,17:30,休,rest
US00003,2026-06-11,US202510010001,35,17:30,18:00,班,on_duty
US00003,2026-06-11,US202510010001,36,18:00,18:30,班,on_duty
US00003,2026-06-11,US202510010001,37,18:30,19:00,班,on_duty
US00003,2026-06-11,US202510010001,38,19:00,19:30,班,on_duty
US00003,2026-06-11,US202510010001,39,19:30,20:00,班,on_duty
US00003,2026-06-11,US202510010001,40,20:00,20:30,班,on_duty
US00003,2026-06-11,US202510010001,41,20:30,21:00,班,on_duty
US00003,2026-06-11,US202510210008,12,06:00,06:30,班,on_duty
US00003,2026-06-11,US202510210008,13,06:30,07:00,班,on_duty
US00003,2026-06-11,US202510210008,14,07:00,07:30,班,on_duty
US00003,2026-06-11,US202510210008,15,07:30,08:00,班,on_duty
US00003,2026-06-11,US202510210008,16,08:00,08:30,班,on_duty
US00003,2026-06-11,US202510210008,17,08:30,09:00,班,on_duty
US00003,2026-06-11,US202510210008,18,09:00,09:30,休,rest
US00003,2026-06-11,US202510210008,19,09:30,10:00,休,rest
US00003,2026-06-11,US202510210008,20,10:00,10:30,班,on_duty
US00003,2026-06-11,US202510210008,21,10:30,11:00,班,on_duty
US00003,2026-06-11,US202510210008,22,11:00,11:30,班,on_duty
US00003,2026-06-11,US202510210008,23,11:30,12:00,班,on_duty
US00003,2026-06-11,US202510210008,24,12:00,12:30,班,on_duty
US00003,2026-06-11,US202510210008,25,12:30,13:00,班,on_duty
US00003,2026-06-11,US202510210008,26,13:00,13:30,班,on_duty
US00003,2026-06-11,US202510210008,27,13:30,14:00,班,on_duty
US00003,2026-06-11,US202601060002,12,06:00,06:30,班,on_duty
US00003,2026-06-11,US202601060002,13,06:30,07:00,班,on_duty
US00003,2026-06-11,US202601060002,14,07:00,07:30,班,on_duty
US00003,2026-06-11,US202601060002,15,07:30,08:00,班,on_duty
US00003,2026-06-11,US202601060002,16,08:00,08:30,班,on_duty
US00003,2026-06-11,US202601060002,17,08:30,09:00,班,on_duty
US00003,2026-06-11,US202601060002,18,09:00,09:30,休,rest
US00003,2026-06-11,US202601060002,19,09:30,10:00,休,rest
US00003,2026-06-11,US202601060002,20,10:00,10:30,班,on_duty
US00003,2026-06-11,US202601060002,21,10:30,11:00,班,on_duty
US00003,2026-06-11,US202601060002,22,11:00,11:30,班,on_duty
US00003,2026-06-11,US202601060002,23,11:30,12:00,班,on_duty
US00003,2026-06-11,US202601060002,24,12:00,12:30,班,on_duty
US00003,2026-06-11,US202601060002,25,12:30,13:00,班,on_duty
US00003,2026-06-11,US202601060002,26,13:00,13:30,班,on_duty
US00003,2026-06-11,US202601060002,27,13:30,14:00,班,on_duty
US00003,2026-06-11,US202601200006,27,13:30,14:00,班,on_duty
US00003,2026-06-11,US202601200006,28,14:00,14:30,班,on_duty
US00003,2026-06-11,US202601200006,29,14:30,15:00,班,on_duty
US00003,2026-06-11,US202601200006,30,15:00,15:30,班,on_duty
US00003,2026-06-11,US202601200006,31,15:30,16:00,班,on_duty
US00003,2026-06-11,US202601200006,32,16:00,16:30,休,rest
US00003,2026-06-11,US202601200006,33,16:30,17:00,休,rest
US00003,2026-06-11,US202601200006,34,17:00,17:30,班,on_duty
US00003,2026-06-11,US202601200006,35,17:30,18:00,班,on_duty
US00003,2026-06-11,US202601200006,36,18:00,18:30,班,on_duty
US00003,2026-06-11,US202601200006,37,18:30,19:00,班,on_duty
US00003,2026-06-11,US202601200006,38,19:00,19:30,班,on_duty
US00003,2026-06-11,US202601200006,39,19:30,20:00,班,on_duty
US00003,2026-06-11,US202601200006,40,20:00,20:30,班,on_duty
US00003,2026-06-11,US202601200006,41,20:30,21:00,班,on_duty
US00003,2026-06-11,US202601200006,42,21:00,21:30,班,on_duty
US00003,2026-06-11,US202604280003,12,06:00,06:30,班,on_duty
US00003,2026-06-11,US202604280003,13,06:30,07:00,班,on_duty
US00003,2026-06-11,US202604280003,14,07:00,07:30,班,on_duty
US00003,2026-06-11,US202604280003,15,07:30,08:00,班,on_duty
US00003,2026-06-11,US202604280003,16,08:00,08:30,班,on_duty
US00003,2026-06-11,US202604280003,17,08:30,09:00,班,on_duty
US00003,2026-06-11,US202604280003,18,09:00,09:30,班,on_duty
US00003,2026-06-11,US202604280003,19,09:30,10:00,班,on_duty
US00003,2026-06-11,US202604280003,20,10:00,10:30,班,on_duty
US00003,2026-06-11,US202604280003,21,10:30,11:00,休,rest
US00003,2026-06-11,US202604280003,22,11:00,11:30,休,rest
US00003,2026-06-11,US202604280003,23,11:30,12:00,班,on_duty
US00003,2026-06-11,US202604280003,24,12:00,12:30,班,on_duty
US00003,2026-06-11,US202604280003,25,12:30,13:00,班,on_duty
US00003,2026-06-11,US202604280003,26,13:00,13:30,班,on_duty
US00003,2026-06-11,US202604280003,27,13:30,14:00,班,on_duty
US00003,2026-06-11,US202605050002,27,13:30,14:00,班,on_duty
US00003,2026-06-11,US202605050002,28,14:00,14:30,班,on_duty
US00003,2026-06-11,US202605050002,29,14:30,15:00,班,on_duty
US00003,2026-06-11,US202605050002,30,15:00,15:30,班,on_duty
US00003,2026-06-11,US202605050002,31,15:30,16:00,班,on_duty
US00003,2026-06-11,US202605050002,32,16:00,16:30,休,rest
US00003,2026-06-11,US202605050002,33,16:30,17:00,休,rest
US00003,2026-06-11,US202605050002,34,17:00,17:30,班,on_duty
US00003,2026-06-11,US202605050002,35,17:30,18:00,班,on_duty
US00003,2026-06-11,US202605050002,36,18:00,18:30,班,on_duty
US00003,2026-06-11,US202605050002,37,18:30,19:00,班,on_duty
US00003,2026-06-11,US202605050002,38,19:00,19:30,班,on_duty
US00003,2026-06-11,US202605050002,39,19:30,20:00,班,on_duty
US00003,2026-06-11,US202605050002,40,20:00,20:30,班,on_duty
US00003,2026-06-11,US202605050002,41,20:30,21:00,班,on_duty
US00003,2026-06-11,US202605050002,42,21:00,21:30,班,on_duty
US00003,2026-06-11,US202605140005,27,13:30,14:00,班,on_duty
US00003,2026-06-11,US202605140005,28,14:00,14:30,班,on_duty
US00003,2026-06-11,US202605140005,29,14:30,15:00,班,on_duty
US00003,2026-06-11,US202605140005,30,15:00,15:30,班,on_duty
US00003,2026-06-11,US202605140005,31,15:30,16:00,班,on_duty
US00003,2026-06-11,US202605140005,32,16:00,16:30,班,on_duty
US00003,2026-06-11,US202605140005,33,16:30,17:00,休,rest
US00003,2026-06-11,US202605140005,34,17:00,17:30,休,rest
US00003,2026-06-11,US202605140005,35,17:30,18:00,班,on_duty
US00003,2026-06-11,US202605140005,36,18:00,18:30,班,on_duty
US00003,2026-06-11,US202605140005,37,18:30,19:00,班,on_duty
US00003,2026-06-11,US202605140005,38,19:00,19:30,班,on_duty
US00003,2026-06-11,US202605140005,39,19:30,20:00,班,on_duty
US00003,2026-06-11,US202605140005,40,20:00,20:30,班,on_duty
US00003,2026-06-11,US202605140005,41,20:30,21:00,班,on_duty
US00003,2026-06-11,US202605140005,42,21:00,21:30,班,on_duty
US00003,2026-06-11,US202605190004,12,06:00,06:30,班,on_duty
US00003,2026-06-11,US202605190004,13,06:30,07:00,班,on_duty
US00003,2026-06-11,US202605190004,14,07:00,07:30,班,on_duty
US00003,2026-06-11,US202605190004,15,07:30,08:00,班,on_duty
US00003,2026-06-11,US202605190004,16,08:00,08:30,班,on_duty
US00003,2026-06-11,US202605190004,17,08:30,09:00,班,on_duty
US00003,2026-06-11,US202605190004,18,09:00,09:30,班,on_duty
US00003,2026-06-11,US202605190004,19,09:30,10:00,休,rest
US00003,2026-06-11,US202605190004,20,10:00,10:30,休,rest
US00003,2026-06-11,US202605190004,21,10:30,11:00,班,on_duty
US00003,2026-06-11,US202605190004,22,11:00,11:30,班,on_duty
US00003,2026-06-11,US202605190004,23,11:30,12:00,班,on_duty
US00003,2026-06-11,US202605190004,24,12:00,12:30,班,on_duty
US00003,2026-06-11,US202605190004,25,12:30,13:00,班,on_duty
US00003,2026-06-11,US202605190004,26,13:00,13:30,班,on_duty
US00003,2026-06-11,US202605190004,27,13:30,14:00,班,on_duty
US00003,2026-06-12,US202601060002,27,13:30,14:00,班,on_duty
US00003,2026-06-12,US202601060002,28,14:00,14:30,班,on_duty
US00003,2026-06-12,US202601060002,29,14:30,15:00,班,on_duty
US00003,2026-06-12,US202601060002,30,15:00,15:30,班,on_duty
US00003,2026-06-12,US202601060002,31,15:30,16:00,班,on_duty
US00003,2026-06-12,US202601060002,32,16:00,16:30,班,on_duty
US00003,2026-06-12,US202601060002,33,16:30,17:00,休,rest
US00003,2026-06-12,US202601060002,34,17:00,17:30,休,rest
US00003,2026-06-12,US202601060002,35,17:30,18:00,班,on_duty
US00003,2026-06-12,US202601060002,36,18:00,18:30,班,on_duty
US00003,2026-06-12,US202601060002,37,18:30,19:00,班,on_duty
US00003,2026-06-12,US202601060002,38,19:00,19:30,班,on_duty
US00003,2026-06-12,US202601060002,39,19:30,20:00,班,on_duty
US00003,2026-06-12,US202601060002,40,20:00,20:30,班,on_duty
US00003,2026-06-12,US202601060002,41,20:30,21:00,班,on_duty
US00003,2026-06-12,US202601060002,42,21:00,21:30,班,on_duty
US00003,2026-06-12,US202601130001,12,06:00,06:30,班,on_duty
US00003,2026-06-12,US202601130001,13,06:30,07:00,班,on_duty
US00003,2026-06-12,US202601130001,14,07:00,07:30,班,on_duty
US00003,2026-06-12,US202601130001,15,07:30,08:00,班,on_duty
US00003,2026-06-12,US202601130001,16,08:00,08:30,班,on_duty
US00003,2026-06-12,US202601130001,17,08:30,09:00,班,on_duty
US00003,2026-06-12,US202601130001,18,09:00,09:30,休,rest
US00003,2026-06-12,US202601130001,19,09:30,10:00,休,rest
US00003,2026-06-12,US202601130001,20,10:00,10:30,班,on_duty
US00003,2026-06-12,US202601130001,21,10:30,11:00,班,on_duty
US00003,2026-06-12,US202601130001,22,11:00,11:30,班,on_duty
US00003,2026-06-12,US202601130001,23,11:30,12:00,班,on_duty
US00003,2026-06-12,US202601130001,24,12:00,12:30,班,on_duty
US00003,2026-06-12,US202601130001,25,12:30,13:00,班,on_duty
US00003,2026-06-12,US202601130001,26,13:00,13:30,班,on_duty
US00003,2026-06-12,US202601130001,27,13:30,14:00,班,on_duty
US00003,2026-06-12,US202603100011,12,06:00,06:30,班,on_duty
US00003,2026-06-12,US202603100011,13,06:30,07:00,班,on_duty
US00003,2026-06-12,US202603100011,14,07:00,07:30,班,on_duty
US00003,2026-06-12,US202603100011,15,07:30,08:00,班,on_duty
US00003,2026-06-12,US202603100011,16,08:00,08:30,班,on_duty
US00003,2026-06-12,US202603100011,17,08:30,09:00,班,on_duty
US00003,2026-06-12,US202603100011,18,09:00,09:30,班,on_duty
US00003,2026-06-12,US202603100011,19,09:30,10:00,班,on_duty
US00003,2026-06-12,US202603100011,20,10:00,10:30,班,on_duty
US00003,2026-06-12,US202603100011,21,10:30,11:00,休,rest
US00003,2026-06-12,US202603100011,22,11:00,11:30,休,rest
US00003,2026-06-12,US202603100011,23,11:30,12:00,班,on_duty
US00003,2026-06-12,US202603100011,24,12:00,12:30,班,on_duty
US00003,2026-06-12,US202603100011,25,12:30,13:00,班,on_duty
US00003,2026-06-12,US202603100011,26,13:00,13:30,班,on_duty
US00003,2026-06-12,US202603100011,27,13:30,14:00,班,on_duty
US00003,2026-06-12,US202604280003,27,13:30,14:00,班,on_duty
US00003,2026-06-12,US202604280003,28,14:00,14:30,班,on_duty
US00003,2026-06-12,US202604280003,29,14:30,15:00,班,on_duty
US00003,2026-06-12,US202604280003,30,15:00,15:30,班,on_duty
US00003,2026-06-12,US202604280003,31,15:30,16:00,班,on_duty
US00003,2026-06-12,US202604280003,32,16:00,16:30,班,on_duty
US00003,2026-06-12,US202604280003,33,16:30,17:00,班,on_duty
US00003,2026-06-12,US202604280003,34,17:00,17:30,班,on_duty
US00003,2026-06-12,US202604280003,35,17:30,18:00,休,rest
US00003,2026-06-12,US202604280003,36,18:00,18:30,休,rest
US00003,2026-06-12,US202604280003,37,18:30,19:00,班,on_duty
US00003,2026-06-12,US202604280003,38,19:00,19:30,班,on_duty
US00003,2026-06-12,US202604280003,39,19:30,20:00,班,on_duty
US00003,2026-06-12,US202604280003,40,20:00,20:30,班,on_duty
US00003,2026-06-12,US202604280003,41,20:30,21:00,班,on_duty
US00003,2026-06-12,US202604280003,42,21:00,21:30,班,on_duty
US00003,2026-06-12,US202605140005,27,13:30,14:00,班,on_duty
US00003,2026-06-12,US202605140005,28,14:00,14:30,班,on_duty
US00003,2026-06-12,US202605140005,29,14:30,15:00,班,on_duty
US00003,2026-06-12,US202605140005,30,15:00,15:30,班,on_duty
US00003,2026-06-12,US202605140005,31,15:30,16:00,班,on_duty
US00003,2026-06-12,US202605140005,32,16:00,16:30,休,rest
US00003,2026-06-12,US202605140005,33,16:30,17:00,休,rest
US00003,2026-06-12,US202605140005,34,17:00,17:30,班,on_duty
US00003,2026-06-12,US202605140005,35,17:30,18:00,班,on_duty
US00003,2026-06-12,US202605140005,36,18:00,18:30,班,on_duty
US00003,2026-06-12,US202605140005,37,18:30,19:00,班,on_duty
US00003,2026-06-12,US202605140005,38,19:00,19:30,班,on_duty
US00003,2026-06-12,US202605140005,39,19:30,20:00,班,on_duty
US00003,2026-06-12,US202605140005,40,20:00,20:30,班,on_duty
US00003,2026-06-12,US202605140005,41,20:30,21:00,班,on_duty
US00003,2026-06-12,US202605140005,42,21:00,21:30,班,on_duty
US00003,2026-06-12,US202605190004,12,06:00,06:30,班,on_duty
US00003,2026-06-12,US202605190004,13,06:30,07:00,班,on_duty
US00003,2026-06-12,US202605190004,14,07:00,07:30,班,on_duty
US00003,2026-06-12,US202605190004,15,07:30,08:00,班,on_duty
US00003,2026-06-12,US202605190004,16,08:00,08:30,班,on_duty
US00003,2026-06-12,US202605190004,17,08:30,09:00,班,on_duty
US00003,2026-06-12,US202605190004,18,09:00,09:30,班,on_duty
US00003,2026-06-12,US202605190004,19,09:30,10:00,休,rest
US00003,2026-06-12,US202605190004,20,10:00,10:30,休,rest
US00003,2026-06-12,US202605190004,21,10:30,11:00,班,on_duty
US00003,2026-06-12,US202605190004,22,11:00,11:30,班,on_duty
US00003,2026-06-12,US202605190004,23,11:30,12:00,班,on_duty
US00003,2026-06-12,US202605190004,24,12:00,12:30,班,on_duty
US00003,2026-06-12,US202605190004,25,12:30,13:00,班,on_duty
US00003,2026-06-12,US202605190004,26,13:00,13:30,班,on_duty
US00003,2026-06-12,US202605190004,27,13:30,14:00,班,on_duty
US00003,2026-06-13,US202505280006,16,08:00,08:30,班,on_duty
US00003,2026-06-13,US202505280006,17,08:30,09:00,班,on_duty
US00003,2026-06-13,US202505280006,18,09:00,09:30,班,on_duty
US00003,2026-06-13,US202505280006,19,09:30,10:00,班,on_duty
US00003,2026-06-13,US202505280006,20,10:00,10:30,班,on_duty
US00003,2026-06-13,US202505280006,21,10:30,11:00,班,on_duty
US00003,2026-06-13,US202505280006,22,11:00,11:30,班,on_duty
US00003,2026-06-13,US202505280006,23,11:30,12:00,班,on_duty
US00003,2026-06-13,US202505280006,24,12:00,12:30,休,rest
US00003,2026-06-13,US202505280006,25,12:30,13:00,休,rest
US00003,2026-06-13,US202505280006,26,13:00,13:30,班,on_duty
US00003,2026-06-13,US202505280006,27,13:30,14:00,班,on_duty
US00003,2026-06-13,US202505280006,28,14:00,14:30,班,on_duty
US00003,2026-06-13,US202505280006,29,14:30,15:00,班,on_duty
US00003,2026-06-13,US202505280006,30,15:00,15:30,班,on_duty
US00003,2026-06-13,US202505280006,31,15:30,16:00,班,on_duty
US00003,2026-06-13,US202601130001,12,06:00,06:30,班,on_duty
US00003,2026-06-13,US202601130001,13,06:30,07:00,班,on_duty
US00003,2026-06-13,US202601130001,14,07:00,07:30,班,on_duty
US00003,2026-06-13,US202601130001,15,07:30,08:00,班,on_duty
US00003,2026-06-13,US202601130001,16,08:00,08:30,班,on_duty
US00003,2026-06-13,US202601130001,17,08:30,09:00,班,on_duty
US00003,2026-06-13,US202601130001,18,09:00,09:30,休,rest
US00003,2026-06-13,US202601130001,19,09:30,10:00,休,rest
US00003,2026-06-13,US202601130001,20,10:00,10:30,班,on_duty
US00003,2026-06-13,US202601130001,21,10:30,11:00,班,on_duty
US00003,2026-06-13,US202601130001,22,11:00,11:30,班,on_duty
US00003,2026-06-13,US202601130001,23,11:30,12:00,班,on_duty
US00003,2026-06-13,US202601130001,24,12:00,12:30,班,on_duty
US00003,2026-06-13,US202601130001,25,12:30,13:00,班,on_duty
US00003,2026-06-13,US202601130001,26,13:00,13:30,班,on_duty
US00003,2026-06-13,US202601130001,27,13:30,14:00,班,on_duty
US00003,2026-06-13,US202601200006,23,11:30,12:00,班,on_duty
US00003,2026-06-13,US202601200006,24,12:00,12:30,班,on_duty
US00003,2026-06-13,US202601200006,25,12:30,13:00,班,on_duty
US00003,2026-06-13,US202601200006,26,13:00,13:30,班,on_duty
US00003,2026-06-13,US202601200006,27,13:30,14:00,班,on_duty
US00003,2026-06-13,US202601200006,28,14:00,14:30,班,on_duty
US00003,2026-06-13,US202601200006,29,14:30,15:00,班,on_duty
US00003,2026-06-13,US202601200006,30,15:00,15:30,休,rest
US00003,2026-06-13,US202601200006,31,15:30,16:00,休,rest
US00003,2026-06-13,US202601200006,32,16:00,16:30,班,on_duty
US00003,2026-06-13,US202601200006,33,16:30,17:00,班,on_duty
US00003,2026-06-13,US202601200006,34,17:00,17:30,班,on_duty
US00003,2026-06-13,US202601200006,35,17:30,18:00,班,on_duty
US00003,2026-06-13,US202601200006,36,18:00,18:30,班,on_duty
US00003,2026-06-13,US202601200006,37,18:30,19:00,班,on_duty
US00003,2026-06-13,US202601200006,38,19:00,19:30,班,on_duty
US00003,2026-06-13,US202605050002,23,11:30,12:00,班,on_duty
US00003,2026-06-13,US202605050002,24,12:00,12:30,班,on_duty
US00003,2026-06-13,US202605050002,25,12:30,13:00,班,on_duty
US00003,2026-06-13,US202605050002,26,13:00,13:30,班,on_duty
US00003,2026-06-13,US202605050002,27,13:30,14:00,班,on_duty
US00003,2026-06-13,US202605050002,28,14:00,14:30,班,on_duty
US00003,2026-06-13,US202605050002,29,14:30,15:00,休,rest
US00003,2026-06-13,US202605050002,30,15:00,15:30,休,rest
US00003,2026-06-13,US202605050002,31,15:30,16:00,班,on_duty
US00003,2026-06-13,US202605050002,32,16:00,16:30,班,on_duty
US00003,2026-06-13,US202605050002,33,16:30,17:00,班,on_duty
US00003,2026-06-13,US202605050002,34,17:00,17:30,班,on_duty
US00003,2026-06-13,US202605050002,35,17:30,18:00,班,on_duty
US00003,2026-06-13,US202605050002,36,18:00,18:30,班,on_duty
US00003,2026-06-13,US202605050002,37,18:30,19:00,班,on_duty
US00003,2026-06-13,US202605050002,38,19:00,19:30,班,on_duty
US00003,2026-06-13,US202605190004,12,06:00,06:30,班,on_duty
US00003,2026-06-13,US202605190004,13,06:30,07:00,班,on_duty
US00003,2026-06-13,US202605190004,14,07:00,07:30,班,on_duty
US00003,2026-06-13,US202605190004,15,07:30,08:00,班,on_duty
US00003,2026-06-13,US202605190004,16,08:00,08:30,班,on_duty
US00003,2026-06-13,US202605190004,17,08:30,09:00,班,on_duty
US00003,2026-06-13,US202605190004,18,09:00,09:30,班,on_duty
US00003,2026-06-13,US202605190004,19,09:30,10:00,休,rest
US00003,2026-06-13,US202605190004,20,10:00,10:30,休,rest
US00003,2026-06-13,US202605190004,21,10:30,11:00,班,on_duty
US00003,2026-06-13,US202605190004,22,11:00,11:30,班,on_duty
US00003,2026-06-13,US202605190004,23,11:30,12:00,班,on_duty
US00003,2026-06-13,US202605190004,24,12:00,12:30,班,on_duty
US00003,2026-06-13,US202605190004,25,12:30,13:00,班,on_duty
US00003,2026-06-13,US202605190004,26,13:00,13:30,班,on_duty
US00003,2026-06-13,US202605190004,27,13:30,14:00,班,on_duty
US00003,2026-06-14,US202505280006,12,06:00,06:30,班,on_duty
US00003,2026-06-14,US202505280006,13,06:30,07:00,班,on_duty
US00003,2026-06-14,US202505280006,14,07:00,07:30,班,on_duty
US00003,2026-06-14,US202505280006,15,07:30,08:00,班,on_duty
US00003,2026-06-14,US202505280006,16,08:00,08:30,班,on_duty
US00003,2026-06-14,US202505280006,17,08:30,09:00,班,on_duty
US00003,2026-06-14,US202505280006,18,09:00,09:30,班,on_duty
US00003,2026-06-14,US202505280006,19,09:30,10:00,班,on_duty
US00003,2026-06-14,US202505280006,20,10:00,10:30,休,rest
US00003,2026-06-14,US202505280006,21,10:30,11:00,休,rest
US00003,2026-06-14,US202505280006,22,11:00,11:30,班,on_duty
US00003,2026-06-14,US202505280006,23,11:30,12:00,班,on_duty
US00003,2026-06-14,US202505280006,24,12:00,12:30,班,on_duty
US00003,2026-06-14,US202505280006,25,12:30,13:00,班,on_duty
US00003,2026-06-14,US202505280006,26,13:00,13:30,班,on_duty
US00003,2026-06-14,US202505280006,27,13:30,14:00,班,on_duty
US00003,2026-06-14,US202601200006,23,11:30,12:00,班,on_duty
US00003,2026-06-14,US202601200006,24,12:00,12:30,班,on_duty
US00003,2026-06-14,US202601200006,25,12:30,13:00,班,on_duty
US00003,2026-06-14,US202601200006,26,13:00,13:30,班,on_duty
US00003,2026-06-14,US202601200006,27,13:30,14:00,班,on_duty
US00003,2026-06-14,US202601200006,28,14:00,14:30,班,on_duty
US00003,2026-06-14,US202601200006,29,14:30,15:00,休,rest
US00003,2026-06-14,US202601200006,30,15:00,15:30,休,rest
US00003,2026-06-14,US202601200006,31,15:30,16:00,班,on_duty
US00003,2026-06-14,US202601200006,32,16:00,16:30,班,on_duty
US00003,2026-06-14,US202601200006,33,16:30,17:00,班,on_duty
US00003,2026-06-14,US202601200006,34,17:00,17:30,班,on_duty
US00003,2026-06-14,US202601200006,35,17:30,18:00,班,on_duty
US00003,2026-06-14,US202601200006,36,18:00,18:30,班,on_duty
US00003,2026-06-14,US202601200006,37,18:30,19:00,班,on_duty
US00003,2026-06-14,US202601200006,38,19:00,19:30,班,on_duty
US00003,2026-06-14,US202603100011,20,10:00,10:30,班,on_duty
US00003,2026-06-14,US202603100011,21,10:30,11:00,班,on_duty
US00003,2026-06-14,US202603100011,22,11:00,11:30,班,on_duty
US00003,2026-06-14,US202603100011,23,11:30,12:00,班,on_duty
US00003,2026-06-14,US202603100011,24,12:00,12:30,班,on_duty
US00003,2026-06-14,US202603100011,25,12:30,13:00,班,on_duty
US00003,2026-06-14,US202603100011,26,13:00,13:30,班,on_duty
US00003,2026-06-14,US202603100011,27,13:30,14:00,班,on_duty
US00003,2026-06-14,US202603100011,28,14:00,14:30,休,rest
US00003,2026-06-14,US202603100011,29,14:30,15:00,班,on_duty
US00003,2026-06-14,US202603100011,30,15:00,15:30,班,on_duty
US00003,2026-06-14,US202603100011,31,15:30,16:00,班,on_duty
US00003,2026-06-14,US202603100011,32,16:00,16:30,班,on_duty
US00003,2026-06-14,US202603100011,33,16:30,17:00,班,on_duty
US00003,2026-06-14,US202603100011,34,17:00,17:30,班,on_duty
US00003,2026-06-14,US202603100011,35,17:30,18:00,班,on_duty
US00003,2026-06-14,US202604280003,12,06:00,06:30,班,on_duty
US00003,2026-06-14,US202604280003,13,06:30,07:00,班,on_duty
US00003,2026-06-14,US202604280003,14,07:00,07:30,班,on_duty
US00003,2026-06-14,US202604280003,15,07:30,08:00,班,on_duty
US00003,2026-06-14,US202604280003,16,08:00,08:30,班,on_duty
US00003,2026-06-14,US202604280003,17,08:30,09:00,班,on_duty
US00003,2026-06-14,US202604280003,18,09:00,09:30,班,on_duty
US00003,2026-06-14,US202604280003,19,09:30,10:00,班,on_duty
US00003,2026-06-14,US202604280003,20,10:00,10:30,班,on_duty
US00003,2026-06-14,US202604280003,21,10:30,11:00,休,rest
US00003,2026-06-14,US202604280003,22,11:00,11:30,休,rest
US00003,2026-06-14,US202604280003,23,11:30,12:00,班,on_duty
US00003,2026-06-14,US202604280003,24,12:00,12:30,班,on_duty
US00003,2026-06-14,US202604280003,25,12:30,13:00,班,on_duty
US00003,2026-06-14,US202604280003,26,13:00,13:30,班,on_duty
US00003,2026-06-14,US202604280003,27,13:30,14:00,班,on_duty
US00003,2026-06-14,US202605140005,23,11:30,12:00,班,on_duty
US00003,2026-06-14,US202605140005,24,12:00,12:30,班,on_duty
US00003,2026-06-14,US202605140005,25,12:30,13:00,班,on_duty
US00003,2026-06-14,US202605140005,26,13:00,13:30,班,on_duty
US00003,2026-06-14,US202605140005,27,13:30,14:00,班,on_duty
US00003,2026-06-14,US202605140005,28,14:00,14:30,班,on_duty
US00003,2026-06-14,US202605140005,29,14:30,15:00,班,on_duty
US00003,2026-06-14,US202605140005,30,15:00,15:30,休,rest
US00003,2026-06-14,US202605140005,31,15:30,16:00,休,rest
US00003,2026-06-14,US202605140005,32,16:00,16:30,班,on_duty
US00003,2026-06-14,US202605140005,33,16:30,17:00,班,on_duty
US00003,2026-06-14,US202605140005,34,17:00,17:30,班,on_duty
US00003,2026-06-14,US202605140005,35,17:30,18:00,班,on_duty
US00003,2026-06-14,US202605140005,36,18:00,18:30,班,on_duty
US00003,2026-06-14,US202605140005,37,18:30,19:00,班,on_duty
US00003,2026-06-14,US202605140005,38,19:00,19:30,班,on_duty
US00005,2026-06-08,US202507170003,27,13:30,14:00,班,on_duty
US00005,2026-06-08,US202507170003,28,14:00,14:30,班,on_duty
US00005,2026-06-08,US202507170003,29,14:30,15:00,班,on_duty
US00005,2026-06-08,US202507170003,30,15:00,15:30,班,on_duty
US00005,2026-06-08,US202507170003,31,15:30,16:00,班,on_duty
US00005,2026-06-08,US202507170003,32,16:00,16:30,班,on_duty
US00005,2026-06-08,US202507170003,33,16:30,17:00,班,on_duty
US00005,2026-06-08,US202507170003,34,17:00,17:30,休,rest
US00005,2026-06-08,US202507170003,35,17:30,18:00,休,rest
US00005,2026-06-08,US202507170003,36,18:00,18:30,班,on_duty
US00005,2026-06-08,US202507170003,37,18:30,19:00,班,on_duty
US00005,2026-06-08,US202507170003,38,19:00,19:30,班,on_duty
US00005,2026-06-08,US202507170003,39,19:30,20:00,班,on_duty
US00005,2026-06-08,US202507170003,40,20:00,20:30,班,on_duty
US00005,2026-06-08,US202507170003,41,20:30,21:00,班,on_duty
US00005,2026-06-08,US202507170003,42,21:00,21:30,班,on_duty
US00005,2026-06-08,US202509100001,27,13:30,14:00,班,on_duty
US00005,2026-06-08,US202509100001,28,14:00,14:30,班,on_duty
US00005,2026-06-08,US202509100001,29,14:30,15:00,班,on_duty
US00005,2026-06-08,US202509100001,30,15:00,15:30,班,on_duty
US00005,2026-06-08,US202509100001,31,15:30,16:00,班,on_duty
US00005,2026-06-08,US202509100001,32,16:00,16:30,班,on_duty
US00005,2026-06-08,US202509100001,33,16:30,17:00,班,on_duty
US00005,2026-06-08,US202509100001,34,17:00,17:30,休,rest
US00005,2026-06-08,US202509100001,35,17:30,18:00,休,rest
US00005,2026-06-08,US202509100001,36,18:00,18:30,班,on_duty
US00005,2026-06-08,US202509100001,37,18:30,19:00,班,on_duty
US00005,2026-06-08,US202509100001,38,19:00,19:30,班,on_duty
US00005,2026-06-08,US202509100001,39,19:30,20:00,班,on_duty
US00005,2026-06-08,US202509100001,40,20:00,20:30,班,on_duty
US00005,2026-06-08,US202509100001,41,20:30,21:00,班,on_duty
US00005,2026-06-08,US202509100001,42,21:00,21:30,班,on_duty
US00005,2026-06-08,US202512020004,12,06:00,06:30,班,on_duty
US00005,2026-06-08,US202512020004,13,06:30,07:00,班,on_duty
US00005,2026-06-08,US202512020004,14,07:00,07:30,班,on_duty
US00005,2026-06-08,US202601270004,12,06:00,06:30,班,on_duty
US00005,2026-06-08,US202601270004,13,06:30,07:00,班,on_duty
US00005,2026-06-08,US202601270004,14,07:00,07:30,班,on_duty
US00005,2026-06-08,US202601270004,15,07:30,08:00,班,on_duty
US00005,2026-06-08,US202601270004,16,08:00,08:30,班,on_duty
US00005,2026-06-08,US202601270004,17,08:30,09:00,班,on_duty
US00005,2026-06-08,US202601270004,18,09:00,09:30,休,rest
US00005,2026-06-08,US202601270004,19,09:30,10:00,休,rest
US00005,2026-06-08,US202601270004,20,10:00,10:30,班,on_duty
US00005,2026-06-08,US202601270004,21,10:30,11:00,班,on_duty
US00005,2026-06-08,US202601270004,22,11:00,11:30,班,on_duty
US00005,2026-06-08,US202601270004,23,11:30,12:00,班,on_duty
US00005,2026-06-08,US202601270004,24,12:00,12:30,班,on_duty
US00005,2026-06-08,US202601270004,25,12:30,13:00,班,on_duty
US00005,2026-06-08,US202601270004,26,13:00,13:30,班,on_duty
US00005,2026-06-08,US202601270004,27,13:30,14:00,班,on_duty
US00005,2026-06-08,US202604160002,12,06:00,06:30,班,on_duty
US00005,2026-06-08,US202604160002,13,06:30,07:00,班,on_duty
US00005,2026-06-08,US202604160002,14,07:00,07:30,班,on_duty
US00005,2026-06-08,US202604160002,15,07:30,08:00,班,on_duty
US00005,2026-06-08,US202604160002,16,08:00,08:30,班,on_duty
US00005,2026-06-08,US202604160002,17,08:30,09:00,班,on_duty
US00005,2026-06-08,US202604160002,18,09:00,09:30,班,on_duty
US00005,2026-06-08,US202604160002,19,09:30,10:00,休,rest
US00005,2026-06-08,US202604160002,20,10:00,10:30,休,rest
US00005,2026-06-08,US202604160002,21,10:30,11:00,班,on_duty
US00005,2026-06-08,US202604160002,22,11:00,11:30,班,on_duty
US00005,2026-06-08,US202604160002,23,11:30,12:00,班,on_duty
US00005,2026-06-08,US202604160002,24,12:00,12:30,班,on_duty
US00005,2026-06-08,US202604160002,25,12:30,13:00,班,on_duty
US00005,2026-06-08,US202604160002,26,13:00,13:30,班,on_duty
US00005,2026-06-08,US202604160002,27,13:30,14:00,班,on_duty
US00005,2026-06-08,US202604280002,27,13:30,14:00,班,on_duty
US00005,2026-06-08,US202604280002,28,14:00,14:30,班,on_duty
US00005,2026-06-08,US202604280002,29,14:30,15:00,班,on_duty
US00005,2026-06-08,US202604280002,30,15:00,15:30,班,on_duty
US00005,2026-06-08,US202604280002,31,15:30,16:00,班,on_duty
US00005,2026-06-08,US202604280002,32,16:00,16:30,班,on_duty
US00005,2026-06-08,US202604280002,33,16:30,17:00,班,on_duty
US00005,2026-06-08,US202604280002,34,17:00,17:30,班,on_duty
US00005,2026-06-08,US202604280002,35,17:30,18:00,休,rest
US00005,2026-06-08,US202604280002,36,18:00,18:30,休,rest
US00005,2026-06-08,US202604280002,37,18:30,19:00,班,on_duty
US00005,2026-06-08,US202604280002,38,19:00,19:30,班,on_duty
US00005,2026-06-08,US202604280002,39,19:30,20:00,班,on_duty
US00005,2026-06-08,US202604280002,40,20:00,20:30,班,on_duty
US00005,2026-06-08,US202604280002,41,20:30,21:00,班,on_duty
US00005,2026-06-08,US202604280002,42,21:00,21:30,班,on_duty
US00005,2026-06-08,US202605050005,12,06:00,06:30,班,on_duty
US00005,2026-06-08,US202605050005,13,06:30,07:00,班,on_duty
US00005,2026-06-08,US202605050005,14,07:00,07:30,班,on_duty
US00005,2026-06-08,US202605050005,15,07:30,08:00,班,on_duty
US00005,2026-06-08,US202605050005,16,08:00,08:30,班,on_duty
US00005,2026-06-08,US202605050005,17,08:30,09:00,班,on_duty
US00005,2026-06-08,US202605050005,18,09:00,09:30,班,on_duty
US00005,2026-06-08,US202605050005,19,09:30,10:00,班,on_duty
US00005,2026-06-08,US202605050005,20,10:00,10:30,班,on_duty
US00005,2026-06-08,US202605050005,21,10:30,11:00,休,rest
US00005,2026-06-08,US202605050005,22,11:00,11:30,休,rest
US00005,2026-06-08,US202605050005,23,11:30,12:00,班,on_duty
US00005,2026-06-08,US202605050005,24,12:00,12:30,班,on_duty
US00005,2026-06-08,US202605050005,25,12:30,13:00,班,on_duty
US00005,2026-06-08,US202605050005,26,13:00,13:30,班,on_duty
US00005,2026-06-08,US202605050005,27,13:30,14:00,班,on_duty
US00005,2026-06-08,US202605260009,27,13:30,14:00,班,on_duty
US00005,2026-06-08,US202605260009,28,14:00,14:30,班,on_duty
US00005,2026-06-08,US202605260009,29,14:30,15:00,班,on_duty
US00005,2026-06-08,US202605260009,30,15:00,15:30,班,on_duty
US00005,2026-06-08,US202605260009,31,15:30,16:00,班,on_duty
US00005,2026-06-08,US202605260009,32,16:00,16:30,班,on_duty
US00005,2026-06-08,US202605260009,33,16:30,17:00,班,on_duty
US00005,2026-06-08,US202605260009,34,17:00,17:30,班,on_duty
US00005,2026-06-08,US202605260009,35,17:30,18:00,休,rest
US00005,2026-06-08,US202605260009,36,18:00,18:30,休,rest
US00005,2026-06-08,US202605260009,37,18:30,19:00,班,on_duty
US00005,2026-06-08,US202605260009,38,19:00,19:30,班,on_duty
US00005,2026-06-08,US202605260009,39,19:30,20:00,班,on_duty
US00005,2026-06-08,US202605260009,40,20:00,20:30,班,on_duty
US00005,2026-06-08,US202605260009,41,20:30,21:00,班,on_duty
US00005,2026-06-08,US202605260009,42,21:00,21:30,班,on_duty
US00005,2026-06-09,US202507170003,27,13:30,14:00,班,on_duty
US00005,2026-06-09,US202507170003,28,14:00,14:30,班,on_duty
US00005,2026-06-09,US202507170003,29,14:30,15:00,班,on_duty
US00005,2026-06-09,US202507170003,30,15:00,15:30,班,on_duty
US00005,2026-06-09,US202507170003,31,15:30,16:00,班,on_duty
US00005,2026-06-09,US202507170003,32,16:00,16:30,班,on_duty
US00005,2026-06-09,US202507170003,33,16:30,17:00,班,on_duty
US00005,2026-06-09,US202507170003,34,17:00,17:30,休,rest
US00005,2026-06-09,US202507170003,35,17:30,18:00,休,rest
US00005,2026-06-09,US202507170003,36,18:00,18:30,班,on_duty
US00005,2026-06-09,US202507170003,37,18:30,19:00,班,on_duty
US00005,2026-06-09,US202507170003,38,19:00,19:30,班,on_duty
US00005,2026-06-09,US202507170003,39,19:30,20:00,班,on_duty
US00005,2026-06-09,US202507170003,40,20:00,20:30,班,on_duty
US00005,2026-06-09,US202507170003,41,20:30,21:00,班,on_duty
US00005,2026-06-09,US202507170003,42,21:00,21:30,班,on_duty
US00005,2026-06-09,US202509100001,20,10:00,10:30,班,on_duty
US00005,2026-06-09,US202509100001,21,10:30,11:00,班,on_duty
US00005,2026-06-09,US202509100001,22,11:00,11:30,班,on_duty
US00005,2026-06-09,US202509100001,23,11:30,12:00,班,on_duty
US00005,2026-06-09,US202509100001,24,12:00,12:30,班,on_duty
US00005,2026-06-09,US202509100001,25,12:30,13:00,班,on_duty
US00005,2026-06-09,US202509100001,26,13:00,13:30,休,rest
US00005,2026-06-09,US202509100001,27,13:30,14:00,班,on_duty
US00005,2026-06-09,US202509100001,28,14:00,14:30,班,on_duty
US00005,2026-06-09,US202509100001,29,14:30,15:00,班,on_duty
US00005,2026-06-09,US202509100001,30,15:00,15:30,班,on_duty
US00005,2026-06-09,US202509100001,31,15:30,16:00,班,on_duty
US00005,2026-06-09,US202509100001,32,16:00,16:30,班,on_duty
US00005,2026-06-09,US202509100001,33,16:30,17:00,班,on_duty
US00005,2026-06-09,US202509100001,34,17:00,17:30,班,on_duty
US00005,2026-06-09,US202509100001,35,17:30,18:00,班,on_duty
US00005,2026-06-09,US202512020004,12,06:00,06:30,班,on_duty
US00005,2026-06-09,US202512020004,13,06:30,07:00,班,on_duty
US00005,2026-06-09,US202512020004,14,07:00,07:30,班,on_duty
US00005,2026-06-09,US202512020004,15,07:30,08:00,班,on_duty
US00005,2026-06-09,US202512020004,16,08:00,08:30,班,on_duty
US00005,2026-06-09,US202512020004,17,08:30,09:00,班,on_duty
US00005,2026-06-09,US202512020004,18,09:00,09:30,休,rest
US00005,2026-06-09,US202512020004,19,09:30,10:00,休,rest
US00005,2026-06-09,US202512020004,20,10:00,10:30,班,on_duty
US00005,2026-06-09,US202512020004,21,10:30,11:00,班,on_duty
US00005,2026-06-09,US202512020004,22,11:00,11:30,班,on_duty
US00005,2026-06-09,US202512020004,23,11:30,12:00,班,on_duty
US00005,2026-06-09,US202512020004,24,12:00,12:30,班,on_duty
US00005,2026-06-09,US202512020004,25,12:30,13:00,班,on_duty
US00005,2026-06-09,US202512020004,26,13:00,13:30,班,on_duty
US00005,2026-06-09,US202512020004,27,13:30,14:00,班,on_duty
US00005,2026-06-09,US202604160001,27,13:30,14:00,班,on_duty
US00005,2026-06-09,US202604160001,28,14:00,14:30,班,on_duty
US00005,2026-06-09,US202604160001,29,14:30,15:00,班,on_duty
US00005,2026-06-09,US202604160001,30,15:00,15:30,班,on_duty
US00005,2026-06-09,US202604160001,31,15:30,16:00,班,on_duty
US00005,2026-06-09,US202604160001,32,16:00,16:30,班,on_duty
US00005,2026-06-09,US202604160001,33,16:30,17:00,班,on_duty
US00005,2026-06-09,US202604160001,34,17:00,17:30,休,rest
US00005,2026-06-09,US202604160001,35,17:30,18:00,休,rest
US00005,2026-06-09,US202604160001,36,18:00,18:30,班,on_duty
US00005,2026-06-09,US202604160001,37,18:30,19:00,班,on_duty
US00005,2026-06-09,US202604160001,38,19:00,19:30,班,on_duty
US00005,2026-06-09,US202604160001,39,19:30,20:00,班,on_duty
US00005,2026-06-09,US202604160001,40,20:00,20:30,班,on_duty
US00005,2026-06-09,US202604160001,41,20:30,21:00,班,on_duty
US00005,2026-06-09,US202604160001,42,21:00,21:30,班,on_duty
US00005,2026-06-09,US202604160002,12,06:00,06:30,班,on_duty
US00005,2026-06-09,US202604160002,13,06:30,07:00,班,on_duty
US00005,2026-06-09,US202604160002,14,07:00,07:30,班,on_duty
US00005,2026-06-09,US202604160002,15,07:30,08:00,班,on_duty
US00005,2026-06-09,US202604160002,16,08:00,08:30,班,on_duty
US00005,2026-06-09,US202604160002,17,08:30,09:00,班,on_duty
US00005,2026-06-09,US202604160002,18,09:00,09:30,班,on_duty
US00005,2026-06-09,US202604160002,19,09:30,10:00,休,rest
US00005,2026-06-09,US202604160002,20,10:00,10:30,休,rest
US00005,2026-06-09,US202604160002,21,10:30,11:00,班,on_duty
US00005,2026-06-09,US202604160002,22,11:00,11:30,班,on_duty
US00005,2026-06-09,US202604160002,23,11:30,12:00,班,on_duty
US00005,2026-06-09,US202604160002,24,12:00,12:30,班,on_duty
US00005,2026-06-09,US202604160002,25,12:30,13:00,班,on_duty
US00005,2026-06-09,US202604160002,26,13:00,13:30,班,on_duty
US00005,2026-06-09,US202604160002,27,13:30,14:00,班,on_duty
US00005,2026-06-09,US202604280002,27,13:30,14:00,班,on_duty
US00005,2026-06-09,US202604280002,28,14:00,14:30,班,on_duty
US00005,2026-06-09,US202604280002,29,14:30,15:00,班,on_duty
US00005,2026-06-09,US202604280002,30,15:00,15:30,班,on_duty
US00005,2026-06-09,US202604280002,31,15:30,16:00,班,on_duty
US00005,2026-06-09,US202604280002,32,16:00,16:30,班,on_duty
US00005,2026-06-09,US202604280002,33,16:30,17:00,班,on_duty
US00005,2026-06-09,US202604280002,34,17:00,17:30,班,on_duty
US00005,2026-06-09,US202604280002,35,17:30,18:00,休,rest
US00005,2026-06-09,US202604280002,36,18:00,18:30,休,rest
US00005,2026-06-09,US202604280002,37,18:30,19:00,班,on_duty
US00005,2026-06-09,US202604280002,38,19:00,19:30,班,on_duty
US00005,2026-06-09,US202604280002,39,19:30,20:00,班,on_duty
US00005,2026-06-09,US202604280002,40,20:00,20:30,班,on_duty
US00005,2026-06-09,US202604280002,41,20:30,21:00,班,on_duty
US00005,2026-06-09,US202604280002,42,21:00,21:30,班,on_duty
US00005,2026-06-09,US202605050005,12,06:00,06:30,班,on_duty
US00005,2026-06-09,US202605050005,13,06:30,07:00,班,on_duty
US00005,2026-06-09,US202605050005,14,07:00,07:30,班,on_duty
US00005,2026-06-09,US202605050005,15,07:30,08:00,班,on_duty
US00005,2026-06-09,US202605050005,16,08:00,08:30,班,on_duty
US00005,2026-06-09,US202605050005,17,08:30,09:00,班,on_duty
US00005,2026-06-09,US202605050005,18,09:00,09:30,班,on_duty
US00005,2026-06-09,US202605050005,19,09:30,10:00,班,on_duty
US00005,2026-06-09,US202605050005,20,10:00,10:30,休,rest
US00005,2026-06-09,US202605050005,21,10:30,11:00,休,rest
US00005,2026-06-09,US202605050005,22,11:00,11:30,班,on_duty
US00005,2026-06-09,US202605050005,23,11:30,12:00,班,on_duty
US00005,2026-06-09,US202605050005,24,12:00,12:30,班,on_duty
US00005,2026-06-09,US202605050005,25,12:30,13:00,班,on_duty
US00005,2026-06-09,US202605050005,26,13:00,13:30,班,on_duty
US00005,2026-06-09,US202605050005,27,13:30,14:00,班,on_duty
US00005,2026-06-10,US202507170003,27,13:30,14:00,班,on_duty
US00005,2026-06-10,US202507170003,28,14:00,14:30,班,on_duty
US00005,2026-06-10,US202507170003,29,14:30,15:00,班,on_duty
US00005,2026-06-10,US202507170003,30,15:00,15:30,班,on_duty
US00005,2026-06-10,US202507170003,31,15:30,16:00,班,on_duty
US00005,2026-06-10,US202507170003,32,16:00,16:30,班,on_duty
US00005,2026-06-10,US202507170003,33,16:30,17:00,休,rest
US00005,2026-06-10,US202507170003,34,17:00,17:30,休,rest
US00005,2026-06-10,US202507170003,35,17:30,18:00,班,on_duty
US00005,2026-06-10,US202507170003,36,18:00,18:30,班,on_duty
US00005,2026-06-10,US202507170003,37,18:30,19:00,班,on_duty
US00005,2026-06-10,US202507170003,38,19:00,19:30,班,on_duty
US00005,2026-06-10,US202507170003,39,19:30,20:00,班,on_duty
US00005,2026-06-10,US202507170003,40,20:00,20:30,班,on_duty
US00005,2026-06-10,US202507170003,41,20:30,21:00,班,on_duty
US00005,2026-06-10,US202507170003,42,21:00,21:30,班,on_duty
US00005,2026-06-10,US202510280003,12,06:00,06:30,班,on_duty
US00005,2026-06-10,US202510280003,13,06:30,07:00,班,on_duty
US00005,2026-06-10,US202510280003,14,07:00,07:30,班,on_duty
US00005,2026-06-10,US202510280003,15,07:30,08:00,班,on_duty
US00005,2026-06-10,US202510280003,16,08:00,08:30,班,on_duty
US00005,2026-06-10,US202510280003,17,08:30,09:00,班,on_duty
US00005,2026-06-10,US202510280003,18,09:00,09:30,班,on_duty
US00005,2026-06-10,US202510280003,19,09:30,10:00,班,on_duty
US00005,2026-06-10,US202510280003,20,10:00,10:30,休,rest
US00005,2026-06-10,US202510280003,21,10:30,11:00,休,rest
US00005,2026-06-10,US202510280003,22,11:00,11:30,班,on_duty
US00005,2026-06-10,US202510280003,23,11:30,12:00,班,on_duty
US00005,2026-06-10,US202510280003,24,12:00,12:30,班,on_duty
US00005,2026-06-10,US202510280003,25,12:30,13:00,班,on_duty
US00005,2026-06-10,US202510280003,26,13:00,13:30,班,on_duty
US00005,2026-06-10,US202510280003,27,13:30,14:00,班,on_duty
US00005,2026-06-10,US202512020004,19,09:30,10:00,训,training
US00005,2026-06-10,US202512020004,20,10:00,10:30,训,training
US00005,2026-06-10,US202512020004,21,10:30,11:00,训,training
US00005,2026-06-10,US202512020004,22,11:00,11:30,休,rest
US00005,2026-06-10,US202512020004,23,11:30,12:00,休,rest
US00005,2026-06-10,US202512020004,24,12:00,12:30,训,training
US00005,2026-06-10,US202512020004,25,12:30,13:00,训,training
US00005,2026-06-10,US202512020004,26,13:00,13:30,训,training
US00005,2026-06-10,US202512020004,27,13:30,14:00,训,training
US00005,2026-06-10,US202512020004,28,14:00,14:30,训,training
US00005,2026-06-10,US202512020004,29,14:30,15:00,训,training
US00005,2026-06-10,US202512020004,30,15:00,15:30,训,training
US00005,2026-06-10,US202512020004,31,15:30,16:00,训,training
US00005,2026-06-10,US202512020004,32,16:00,16:30,训,training
US00005,2026-06-10,US202602180019,12,06:00,06:30,班,on_duty
US00005,2026-06-10,US202602180019,13,06:30,07:00,班,on_duty
US00005,2026-06-10,US202602180019,14,07:00,07:30,班,on_duty
US00005,2026-06-10,US202602180019,15,07:30,08:00,班,on_duty
US00005,2026-06-10,US202602180019,16,08:00,08:30,班,on_duty
US00005,2026-06-10,US202602180019,17,08:30,09:00,班,on_duty
US00005,2026-06-10,US202602180019,18,09:00,09:30,休,rest
US00005,2026-06-10,US202602180019,19,09:30,10:00,休,rest
US00005,2026-06-10,US202602180019,20,10:00,10:30,班,on_duty
US00005,2026-06-10,US202602180019,21,10:30,11:00,班,on_duty
US00005,2026-06-10,US202602180019,22,11:00,11:30,班,on_duty
US00005,2026-06-10,US202602180019,23,11:30,12:00,班,on_duty
US00005,2026-06-10,US202602180019,24,12:00,12:30,班,on_duty
US00005,2026-06-10,US202602180019,25,12:30,13:00,班,on_duty
US00005,2026-06-10,US202602180019,26,13:00,13:30,班,on_duty
US00005,2026-06-10,US202602180019,27,13:30,14:00,班,on_duty
US00005,2026-06-10,US202604160002,20,10:00,10:30,班,on_duty
US00005,2026-06-10,US202604160002,21,10:30,11:00,班,on_duty
US00005,2026-06-10,US202604160002,22,11:00,11:30,班,on_duty
US00005,2026-06-10,US202604160002,23,11:30,12:00,班,on_duty
US00005,2026-06-10,US202604160002,24,12:00,12:30,班,on_duty
US00005,2026-06-10,US202604160002,25,12:30,13:00,休,rest
US00005,2026-06-10,US202604160002,26,13:00,13:30,班,on_duty
US00005,2026-06-10,US202604160002,27,13:30,14:00,班,on_duty
US00005,2026-06-10,US202604160002,28,14:00,14:30,班,on_duty
US00005,2026-06-10,US202604160002,29,14:30,15:00,班,on_duty
US00005,2026-06-10,US202604160002,30,15:00,15:30,班,on_duty
US00005,2026-06-10,US202604160002,31,15:30,16:00,班,on_duty
US00005,2026-06-10,US202604160002,32,16:00,16:30,班,on_duty
US00005,2026-06-10,US202604160002,33,16:30,17:00,班,on_duty
US00005,2026-06-10,US202604160002,34,17:00,17:30,班,on_duty
US00005,2026-06-10,US202604160002,35,17:30,18:00,班,on_duty
US00005,2026-06-10,US202604280002,27,13:30,14:00,班,on_duty
US00005,2026-06-10,US202604280002,28,14:00,14:30,班,on_duty
US00005,2026-06-10,US202604280002,29,14:30,15:00,班,on_duty
US00005,2026-06-10,US202604280002,30,15:00,15:30,班,on_duty
US00005,2026-06-10,US202604280002,31,15:30,16:00,班,on_duty
US00005,2026-06-10,US202604280002,32,16:00,16:30,班,on_duty
US00005,2026-06-10,US202604280002,33,16:30,17:00,班,on_duty
US00005,2026-06-10,US202604280002,34,17:00,17:30,班,on_duty
US00005,2026-06-10,US202604280002,35,17:30,18:00,班,on_duty
US00005,2026-06-10,US202604280002,36,18:00,18:30,休,rest
US00005,2026-06-10,US202604280002,37,18:30,19:00,休,rest
US00005,2026-06-10,US202604280002,38,19:00,19:30,班,on_duty
US00005,2026-06-10,US202604280002,39,19:30,20:00,班,on_duty
US00005,2026-06-10,US202604280002,40,20:00,20:30,班,on_duty
US00005,2026-06-10,US202604280002,41,20:30,21:00,班,on_duty
US00005,2026-06-10,US202604280002,42,21:00,21:30,班,on_duty
US00005,2026-06-10,US202605050005,12,06:00,06:30,班,on_duty
US00005,2026-06-10,US202605050005,13,06:30,07:00,班,on_duty
US00005,2026-06-10,US202605050005,14,07:00,07:30,班,on_duty
US00005,2026-06-10,US202605050005,15,07:30,08:00,班,on_duty
US00005,2026-06-10,US202605050005,16,08:00,08:30,班,on_duty
US00005,2026-06-10,US202605050005,17,08:30,09:00,班,on_duty
US00005,2026-06-10,US202605050005,18,09:00,09:30,班,on_duty
US00005,2026-06-10,US202605050005,19,09:30,10:00,休,rest
US00005,2026-06-10,US202605050005,20,10:00,10:30,休,rest
US00005,2026-06-10,US202605050005,21,10:30,11:00,班,on_duty
US00005,2026-06-10,US202605050005,22,11:00,11:30,班,on_duty
US00005,2026-06-10,US202605050005,23,11:30,12:00,班,on_duty
US00005,2026-06-10,US202605050005,24,12:00,12:30,班,on_duty
US00005,2026-06-10,US202605050005,25,12:30,13:00,班,on_duty
US00005,2026-06-10,US202605050005,26,13:00,13:30,班,on_duty
US00005,2026-06-10,US202605050005,27,13:30,14:00,班,on_duty
US00005,2026-06-11,US202510280003,12,06:00,06:30,班,on_duty
US00005,2026-06-11,US202510280003,13,06:30,07:00,班,on_duty
US00005,2026-06-11,US202510280003,14,07:00,07:30,班,on_duty
US00005,2026-06-11,US202510280003,15,07:30,08:00,班,on_duty
US00005,2026-06-11,US202510280003,16,08:00,08:30,班,on_duty
US00005,2026-06-11,US202510280003,17,08:30,09:00,班,on_duty
US00005,2026-06-11,US202510280003,18,09:00,09:30,休,rest
US00005,2026-06-11,US202510280003,19,09:30,10:00,休,rest
US00005,2026-06-11,US202510280003,20,10:00,10:30,班,on_duty
US00005,2026-06-11,US202510280003,21,10:30,11:00,班,on_duty
US00005,2026-06-11,US202510280003,22,11:00,11:30,班,on_duty
US00005,2026-06-11,US202510280003,23,11:30,12:00,班,on_duty
US00005,2026-06-11,US202510280003,24,12:00,12:30,班,on_duty
US00005,2026-06-11,US202510280003,25,12:30,13:00,班,on_duty
US00005,2026-06-11,US202510280003,26,13:00,13:30,班,on_duty
US00005,2026-06-11,US202510280003,27,13:30,14:00,班,on_duty
US00005,2026-06-11,US202512020004,12,06:00,06:30,班,on_duty
US00005,2026-06-11,US202512020004,13,06:30,07:00,班,on_duty
US00005,2026-06-11,US202512020004,14,07:00,07:30,班,on_duty
US00005,2026-06-11,US202512020004,15,07:30,08:00,班,on_duty
US00005,2026-06-11,US202512020004,16,08:00,08:30,班,on_duty
US00005,2026-06-11,US202512020004,17,08:30,09:00,班,on_duty
US00005,2026-06-11,US202512020004,18,09:00,09:30,班,on_duty
US00005,2026-06-11,US202512020004,19,09:30,10:00,休,rest
US00005,2026-06-11,US202512020004,20,10:00,10:30,休,rest
US00005,2026-06-11,US202512020004,21,10:30,11:00,班,on_duty
US00005,2026-06-11,US202512020004,22,11:00,11:30,班,on_duty
US00005,2026-06-11,US202512020004,23,11:30,12:00,班,on_duty
US00005,2026-06-11,US202512020004,24,12:00,12:30,班,on_duty
US00005,2026-06-11,US202512020004,25,12:30,13:00,班,on_duty
US00005,2026-06-11,US202512020004,26,13:00,13:30,班,on_duty
US00005,2026-06-11,US202512020004,27,13:30,14:00,班,on_duty
US00005,2026-06-11,US202601270004,27,13:30,14:00,班,on_duty
US00005,2026-06-11,US202601270004,28,14:00,14:30,班,on_duty
US00005,2026-06-11,US202601270004,29,14:30,15:00,班,on_duty
US00005,2026-06-11,US202601270004,30,15:00,15:30,班,on_duty
US00005,2026-06-11,US202601270004,31,15:30,16:00,班,on_duty
US00005,2026-06-11,US202601270004,32,16:00,16:30,班,on_duty
US00005,2026-06-11,US202601270004,33,16:30,17:00,班,on_duty
US00005,2026-06-11,US202601270004,34,17:00,17:30,休,rest
US00005,2026-06-11,US202601270004,35,17:30,18:00,休,rest
US00005,2026-06-11,US202601270004,36,18:00,18:30,班,on_duty
US00005,2026-06-11,US202601270004,37,18:30,19:00,班,on_duty
US00005,2026-06-11,US202601270004,38,19:00,19:30,班,on_duty
US00005,2026-06-11,US202601270004,39,19:30,20:00,班,on_duty
US00005,2026-06-11,US202601270004,40,20:00,20:30,班,on_duty
US00005,2026-06-11,US202601270004,41,20:30,21:00,班,on_duty
US00005,2026-06-11,US202601270004,42,21:00,21:30,班,on_duty
US00005,2026-06-11,US202602180019,27,13:30,14:00,班,on_duty
US00005,2026-06-11,US202602180019,28,14:00,14:30,班,on_duty
US00005,2026-06-11,US202602180019,29,14:30,15:00,班,on_duty
US00005,2026-06-11,US202602180019,30,15:00,15:30,班,on_duty
US00005,2026-06-11,US202602180019,31,15:30,16:00,班,on_duty
US00005,2026-06-11,US202602180019,32,16:00,16:30,班,on_duty
US00005,2026-06-11,US202602180019,33,16:30,17:00,班,on_duty
US00005,2026-06-11,US202602180019,34,17:00,17:30,休,rest
US00005,2026-06-11,US202602180019,35,17:30,18:00,休,rest
US00005,2026-06-11,US202602180019,36,18:00,18:30,班,on_duty
US00005,2026-06-11,US202602180019,37,18:30,19:00,班,on_duty
US00005,2026-06-11,US202602180019,38,19:00,19:30,班,on_duty
US00005,2026-06-11,US202602180019,39,19:30,20:00,班,on_duty
US00005,2026-06-11,US202602180019,40,20:00,20:30,班,on_duty
US00005,2026-06-11,US202602180019,41,20:30,21:00,班,on_duty
US00005,2026-06-11,US202602180019,42,21:00,21:30,班,on_duty
US00005,2026-06-11,US202604160002,27,13:30,14:00,班,on_duty
US00005,2026-06-11,US202604160002,28,14:00,14:30,班,on_duty
US00005,2026-06-11,US202604160002,29,14:30,15:00,班,on_duty
US00005,2026-06-11,US202604160002,30,15:00,15:30,班,on_duty
US00005,2026-06-11,US202604160002,31,15:30,16:00,班,on_duty
US00005,2026-06-11,US202604160002,32,16:00,16:30,班,on_duty
US00005,2026-06-11,US202604160002,33,16:30,17:00,班,on_duty
US00005,2026-06-11,US202604160002,34,17:00,17:30,班,on_duty
US00005,2026-06-11,US202604160002,35,17:30,18:00,休,rest
US00005,2026-06-11,US202604160002,36,18:00,18:30,休,rest
US00005,2026-06-11,US202604160002,37,18:30,19:00,班,on_duty
US00005,2026-06-11,US202604160002,38,19:00,19:30,班,on_duty
US00005,2026-06-11,US202604160002,39,19:30,20:00,班,on_duty
US00005,2026-06-11,US202604160002,40,20:00,20:30,班,on_duty
US00005,2026-06-11,US202604160002,41,20:30,21:00,班,on_duty
US00005,2026-06-11,US202604160002,42,21:00,21:30,班,on_duty
US00005,2026-06-11,US202605050005,12,06:00,06:30,班,on_duty
US00005,2026-06-11,US202605050005,13,06:30,07:00,班,on_duty
US00005,2026-06-11,US202605050005,14,07:00,07:30,班,on_duty
US00005,2026-06-11,US202605050005,15,07:30,08:00,班,on_duty
US00005,2026-06-11,US202605050005,16,08:00,08:30,班,on_duty
US00005,2026-06-11,US202605050005,17,08:30,09:00,班,on_duty
US00005,2026-06-11,US202605050005,18,09:00,09:30,班,on_duty
US00005,2026-06-11,US202605050005,19,09:30,10:00,班,on_duty
US00005,2026-06-11,US202605050005,20,10:00,10:30,休,rest
US00005,2026-06-11,US202605050005,21,10:30,11:00,休,rest
US00005,2026-06-11,US202605050005,22,11:00,11:30,班,on_duty
US00005,2026-06-11,US202605050005,23,11:30,12:00,班,on_duty
US00005,2026-06-11,US202605050005,24,12:00,12:30,班,on_duty
US00005,2026-06-11,US202605050005,25,12:30,13:00,班,on_duty
US00005,2026-06-11,US202605050005,26,13:00,13:30,班,on_duty
US00005,2026-06-11,US202605050005,27,13:30,14:00,班,on_duty
US00005,2026-06-11,US202605260006,29,14:30,15:00,班,on_duty
US00005,2026-06-11,US202605260006,30,15:00,15:30,班,on_duty
US00005,2026-06-11,US202605260006,31,15:30,16:00,班,on_duty
US00005,2026-06-11,US202605260006,32,16:00,16:30,班,on_duty
US00005,2026-06-11,US202605260006,33,16:30,17:00,班,on_duty
US00005,2026-06-11,US202605260006,34,17:00,17:30,班,on_duty
US00005,2026-06-11,US202605260006,35,17:30,18:00,休,rest
US00005,2026-06-11,US202605260006,36,18:00,18:30,休,rest
US00005,2026-06-11,US202605260006,37,18:30,19:00,班,on_duty
US00005,2026-06-11,US202605260006,38,19:00,19:30,班,on_duty
US00005,2026-06-11,US202605260006,39,19:30,20:00,班,on_duty
US00005,2026-06-11,US202605260006,40,20:00,20:30,班,on_duty
US00005,2026-06-11,US202605260006,41,20:30,21:00,班,on_duty
US00005,2026-06-11,US202605260006,42,21:00,21:30,班,on_duty
US00005,2026-06-11,US202605260009,27,13:30,14:00,班,on_duty
US00005,2026-06-11,US202605260009,28,14:00,14:30,班,on_duty
US00005,2026-06-11,US202605260009,29,14:30,15:00,班,on_duty
US00005,2026-06-11,US202605260009,30,15:00,15:30,班,on_duty
US00005,2026-06-11,US202605260009,31,15:30,16:00,班,on_duty
US00005,2026-06-11,US202605260009,32,16:00,16:30,班,on_duty
US00005,2026-06-11,US202605260009,33,16:30,17:00,班,on_duty
US00005,2026-06-11,US202605260009,34,17:00,17:30,班,on_duty
US00005,2026-06-11,US202605260009,35,17:30,18:00,休,rest
US00005,2026-06-11,US202605260009,36,18:00,18:30,休,rest
US00005,2026-06-11,US202605260009,37,18:30,19:00,班,on_duty
US00005,2026-06-11,US202605260009,38,19:00,19:30,班,on_duty
US00005,2026-06-11,US202605260009,39,19:30,20:00,班,on_duty
US00005,2026-06-11,US202605260009,40,20:00,20:30,班,on_duty
US00005,2026-06-11,US202605260009,41,20:30,21:00,班,on_duty
US00005,2026-06-11,US202605260009,42,21:00,21:30,班,on_duty
US00005,2026-06-12,US202507170003,27,13:30,14:00,班,on_duty
US00005,2026-06-12,US202507170003,28,14:00,14:30,班,on_duty
US00005,2026-06-12,US202507170003,29,14:30,15:00,班,on_duty
US00005,2026-06-12,US202507170003,30,15:00,15:30,班,on_duty
US00005,2026-06-12,US202507170003,31,15:30,16:00,班,on_duty
US00005,2026-06-12,US202507170003,32,16:00,16:30,班,on_duty
US00005,2026-06-12,US202507170003,33,16:30,17:00,班,on_duty
US00005,2026-06-12,US202507170003,34,17:00,17:30,休,rest
US00005,2026-06-12,US202507170003,35,17:30,18:00,休,rest
US00005,2026-06-12,US202507170003,36,18:00,18:30,班,on_duty
US00005,2026-06-12,US202507170003,37,18:30,19:00,班,on_duty
US00005,2026-06-12,US202507170003,38,19:00,19:30,班,on_duty
US00005,2026-06-12,US202507170003,39,19:30,20:00,班,on_duty
US00005,2026-06-12,US202507170003,40,20:00,20:30,班,on_duty
US00005,2026-06-12,US202507170003,41,20:30,21:00,班,on_duty
US00005,2026-06-12,US202507170003,42,21:00,21:30,班,on_duty
US00005,2026-06-12,US202509100001,12,06:00,06:30,班,on_duty
US00005,2026-06-12,US202509100001,13,06:30,07:00,班,on_duty
US00005,2026-06-12,US202509100001,14,07:00,07:30,班,on_duty
US00005,2026-06-12,US202509100001,15,07:30,08:00,班,on_duty
US00005,2026-06-12,US202509100001,16,08:00,08:30,班,on_duty
US00005,2026-06-12,US202509100001,17,08:30,09:00,班,on_duty
US00005,2026-06-12,US202509100001,18,09:00,09:30,班,on_duty
US00005,2026-06-12,US202509100001,19,09:30,10:00,休,rest
US00005,2026-06-12,US202509100001,20,10:00,10:30,休,rest
US00005,2026-06-12,US202509100001,21,10:30,11:00,班,on_duty
US00005,2026-06-12,US202509100001,22,11:00,11:30,班,on_duty
US00005,2026-06-12,US202509100001,23,11:30,12:00,班,on_duty
US00005,2026-06-12,US202509100001,24,12:00,12:30,班,on_duty
US00005,2026-06-12,US202509100001,25,12:30,13:00,班,on_duty
US00005,2026-06-12,US202509100001,26,13:00,13:30,班,on_duty
US00005,2026-06-12,US202509100001,27,13:30,14:00,班,on_duty
US00005,2026-06-12,US202510280003,12,06:00,06:30,班,on_duty
US00005,2026-06-12,US202510280003,13,06:30,07:00,班,on_duty
US00005,2026-06-12,US202510280003,14,07:00,07:30,班,on_duty
US00005,2026-06-12,US202510280003,15,07:30,08:00,班,on_duty
US00005,2026-06-12,US202510280003,16,08:00,08:30,班,on_duty
US00005,2026-06-12,US202510280003,17,08:30,09:00,班,on_duty
US00005,2026-06-12,US202510280003,18,09:00,09:30,休,rest
US00005,2026-06-12,US202510280003,19,09:30,10:00,休,rest
US00005,2026-06-12,US202510280003,20,10:00,10:30,班,on_duty
US00005,2026-06-12,US202510280003,21,10:30,11:00,班,on_duty
US00005,2026-06-12,US202510280003,22,11:00,11:30,班,on_duty
US00005,2026-06-12,US202510280003,23,11:30,12:00,班,on_duty
US00005,2026-06-12,US202510280003,24,12:00,12:30,班,on_duty
US00005,2026-06-12,US202510280003,25,12:30,13:00,班,on_duty
US00005,2026-06-12,US202510280003,26,13:00,13:30,班,on_duty
US00005,2026-06-12,US202510280003,27,13:30,14:00,班,on_duty
US00005,2026-06-12,US202512020004,12,06:00,06:30,班,on_duty
US00005,2026-06-12,US202512020004,13,06:30,07:00,班,on_duty
US00005,2026-06-12,US202512020004,14,07:00,07:30,班,on_duty
US00005,2026-06-12,US202512020004,15,07:30,08:00,班,on_duty
US00005,2026-06-12,US202512020004,16,08:00,08:30,班,on_duty
US00005,2026-06-12,US202512020004,17,08:30,09:00,班,on_duty
US00005,2026-06-12,US202512020004,18,09:00,09:30,班,on_duty
US00005,2026-06-12,US202512020004,19,09:30,10:00,班,on_duty
US00005,2026-06-12,US202512020004,20,10:00,10:30,休,rest
US00005,2026-06-12,US202512020004,21,10:30,11:00,休,rest
US00005,2026-06-12,US202512020004,22,11:00,11:30,班,on_duty
US00005,2026-06-12,US202512020004,23,11:30,12:00,班,on_duty
US00005,2026-06-12,US202512020004,24,12:00,12:30,班,on_duty
US00005,2026-06-12,US202512020004,25,12:30,13:00,班,on_duty
US00005,2026-06-12,US202512020004,26,13:00,13:30,班,on_duty
US00005,2026-06-12,US202512020004,27,13:30,14:00,班,on_duty
US00005,2026-06-12,US202601270004,27,13:30,14:00,班,on_duty
US00005,2026-06-12,US202601270004,28,14:00,14:30,班,on_duty
US00005,2026-06-12,US202601270004,29,14:30,15:00,班,on_duty
US00005,2026-06-12,US202601270004,30,15:00,15:30,班,on_duty
US00005,2026-06-12,US202601270004,31,15:30,16:00,班,on_duty
US00005,2026-06-12,US202601270004,32,16:00,16:30,班,on_duty
US00005,2026-06-12,US202601270004,33,16:30,17:00,班,on_duty
US00005,2026-06-12,US202601270004,34,17:00,17:30,休,rest
US00005,2026-06-12,US202601270004,35,17:30,18:00,休,rest
US00005,2026-06-12,US202601270004,36,18:00,18:30,班,on_duty
US00005,2026-06-12,US202601270004,37,18:30,19:00,班,on_duty
US00005,2026-06-12,US202601270004,38,19:00,19:30,班,on_duty
US00005,2026-06-12,US202601270004,39,19:30,20:00,班,on_duty
US00005,2026-06-12,US202601270004,40,20:00,20:30,班,on_duty
US00005,2026-06-12,US202601270004,41,20:30,21:00,班,on_duty
US00005,2026-06-12,US202601270004,42,21:00,21:30,班,on_duty
US00005,2026-06-12,US202602180019,27,13:30,14:00,班,on_duty
US00005,2026-06-12,US202602180019,28,14:00,14:30,班,on_duty
US00005,2026-06-12,US202602180019,29,14:30,15:00,班,on_duty
US00005,2026-06-12,US202602180019,30,15:00,15:30,班,on_duty
US00005,2026-06-12,US202602180019,31,15:30,16:00,班,on_duty
US00005,2026-06-12,US202602180019,32,16:00,16:30,班,on_duty
US00005,2026-06-12,US202602180019,33,16:30,17:00,班,on_duty
US00005,2026-06-12,US202602180019,34,17:00,17:30,班,on_duty
US00005,2026-06-12,US202602180019,35,17:30,18:00,休,rest
US00005,2026-06-12,US202602180019,36,18:00,18:30,休,rest
US00005,2026-06-12,US202602180019,37,18:30,19:00,班,on_duty
US00005,2026-06-12,US202602180019,38,19:00,19:30,班,on_duty
US00005,2026-06-12,US202602180019,39,19:30,20:00,班,on_duty
US00005,2026-06-12,US202602180019,40,20:00,20:30,班,on_duty
US00005,2026-06-12,US202602180019,41,20:30,21:00,班,on_duty
US00005,2026-06-12,US202602180019,42,21:00,21:30,班,on_duty
US00005,2026-06-12,US202604160002,20,10:00,10:30,班,on_duty
US00005,2026-06-12,US202604160002,21,10:30,11:00,班,on_duty
US00005,2026-06-12,US202604160002,22,11:00,11:30,班,on_duty
US00005,2026-06-12,US202604160002,23,11:30,12:00,班,on_duty
US00005,2026-06-12,US202604160002,24,12:00,12:30,班,on_duty
US00005,2026-06-12,US202604160002,25,12:30,13:00,班,on_duty
US00005,2026-06-12,US202604160002,26,13:00,13:30,班,on_duty
US00005,2026-06-12,US202604160002,27,13:30,14:00,休,rest
US00005,2026-06-12,US202604160002,28,14:00,14:30,班,on_duty
US00005,2026-06-12,US202604160002,29,14:30,15:00,班,on_duty
US00005,2026-06-12,US202604160002,30,15:00,15:30,班,on_duty
US00005,2026-06-12,US202604160002,31,15:30,16:00,班,on_duty
US00005,2026-06-12,US202604160002,32,16:00,16:30,班,on_duty
US00005,2026-06-12,US202604160002,33,16:30,17:00,班,on_duty
US00005,2026-06-12,US202604160002,34,17:00,17:30,班,on_duty
US00005,2026-06-12,US202604160002,35,17:30,18:00,班,on_duty
US00005,2026-06-12,US202605260009,27,13:30,14:00,班,on_duty
US00005,2026-06-12,US202605260009,28,14:00,14:30,班,on_duty
US00005,2026-06-12,US202605260009,29,14:30,15:00,班,on_duty
US00005,2026-06-12,US202605260009,30,15:00,15:30,班,on_duty
US00005,2026-06-12,US202605260009,31,15:30,16:00,班,on_duty
US00005,2026-06-12,US202605260009,32,16:00,16:30,班,on_duty
US00005,2026-06-12,US202605260009,33,16:30,17:00,班,on_duty
US00005,2026-06-12,US202605260009,34,17:00,17:30,班,on_duty
US00005,2026-06-12,US202605260009,35,17:30,18:00,休,rest
US00005,2026-06-12,US202605260009,36,18:00,18:30,休,rest
US00005,2026-06-12,US202605260009,37,18:30,19:00,班,on_duty
US00005,2026-06-12,US202605260009,38,19:00,19:30,班,on_duty
US00005,2026-06-12,US202605260009,39,19:30,20:00,班,on_duty
US00005,2026-06-12,US202605260009,40,20:00,20:30,班,on_duty
US00005,2026-06-12,US202605260009,41,20:30,21:00,班,on_duty
US00005,2026-06-12,US202605260009,42,21:00,21:30,班,on_duty
US00005,2026-06-13,US202509100001,27,13:30,14:00,班,on_duty
US00005,2026-06-13,US202509100001,28,14:00,14:30,班,on_duty
US00005,2026-06-13,US202509100001,29,14:30,15:00,班,on_duty
US00005,2026-06-13,US202509100001,30,15:00,15:30,班,on_duty
US00005,2026-06-13,US202509100001,31,15:30,16:00,班,on_duty
US00005,2026-06-13,US202509100001,32,16:00,16:30,班,on_duty
US00005,2026-06-13,US202509100001,33,16:30,17:00,班,on_duty
US00005,2026-06-13,US202509100001,34,17:00,17:30,休,rest
US00005,2026-06-13,US202509100001,35,17:30,18:00,休,rest
US00005,2026-06-13,US202509100001,36,18:00,18:30,班,on_duty
US00005,2026-06-13,US202509100001,37,18:30,19:00,班,on_duty
US00005,2026-06-13,US202509100001,38,19:00,19:30,班,on_duty
US00005,2026-06-13,US202509100001,39,19:30,20:00,班,on_duty
US00005,2026-06-13,US202509100001,40,20:00,20:30,班,on_duty
US00005,2026-06-13,US202509100001,41,20:30,21:00,班,on_duty
US00005,2026-06-13,US202509100001,42,21:00,21:30,班,on_duty
US00005,2026-06-13,US202510280003,12,06:00,06:30,班,on_duty
US00005,2026-06-13,US202510280003,13,06:30,07:00,班,on_duty
US00005,2026-06-13,US202510280003,14,07:00,07:30,班,on_duty
US00005,2026-06-13,US202510280003,15,07:30,08:00,班,on_duty
US00005,2026-06-13,US202510280003,16,08:00,08:30,班,on_duty
US00005,2026-06-13,US202510280003,17,08:30,09:00,班,on_duty
US00005,2026-06-13,US202510280003,18,09:00,09:30,休,rest
US00005,2026-06-13,US202510280003,19,09:30,10:00,休,rest
US00005,2026-06-13,US202510280003,20,10:00,10:30,班,on_duty
US00005,2026-06-13,US202510280003,21,10:30,11:00,班,on_duty
US00005,2026-06-13,US202510280003,22,11:00,11:30,班,on_duty
US00005,2026-06-13,US202510280003,23,11:30,12:00,班,on_duty
US00005,2026-06-13,US202510280003,24,12:00,12:30,班,on_duty
US00005,2026-06-13,US202510280003,25,12:30,13:00,班,on_duty
US00005,2026-06-13,US202510280003,26,13:00,13:30,班,on_duty
US00005,2026-06-13,US202510280003,27,13:30,14:00,班,on_duty
US00005,2026-06-13,US202601270004,20,10:00,10:30,班,on_duty
US00005,2026-06-13,US202601270004,21,10:30,11:00,班,on_duty
US00005,2026-06-13,US202601270004,22,11:00,11:30,班,on_duty
US00005,2026-06-13,US202601270004,23,11:30,12:00,班,on_duty
US00005,2026-06-13,US202601270004,24,12:00,12:30,班,on_duty
US00005,2026-06-13,US202601270004,25,12:30,13:00,班,on_duty
US00005,2026-06-13,US202601270004,26,13:00,13:30,休,rest
US00005,2026-06-13,US202601270004,27,13:30,14:00,班,on_duty
US00005,2026-06-13,US202601270004,28,14:00,14:30,班,on_duty
US00005,2026-06-13,US202601270004,29,14:30,15:00,班,on_duty
US00005,2026-06-13,US202601270004,30,15:00,15:30,班,on_duty
US00005,2026-06-13,US202601270004,31,15:30,16:00,班,on_duty
US00005,2026-06-13,US202601270004,32,16:00,16:30,班,on_duty
US00005,2026-06-13,US202601270004,33,16:30,17:00,班,on_duty
US00005,2026-06-13,US202601270004,34,17:00,17:30,班,on_duty
US00005,2026-06-13,US202601270004,35,17:30,18:00,班,on_duty
US00005,2026-06-13,US202602180019,27,13:30,14:00,班,on_duty
US00005,2026-06-13,US202602180019,28,14:00,14:30,班,on_duty
US00005,2026-06-13,US202602180019,29,14:30,15:00,班,on_duty
US00005,2026-06-13,US202602180019,30,15:00,15:30,班,on_duty
US00005,2026-06-13,US202602180019,31,15:30,16:00,班,on_duty
US00005,2026-06-13,US202602180019,32,16:00,16:30,班,on_duty
US00005,2026-06-13,US202602180019,33,16:30,17:00,班,on_duty
US00005,2026-06-13,US202602180019,34,17:00,17:30,班,on_duty
US00005,2026-06-13,US202602180019,35,17:30,18:00,休,rest
US00005,2026-06-13,US202602180019,36,18:00,18:30,休,rest
US00005,2026-06-13,US202602180019,37,18:30,19:00,班,on_duty
US00005,2026-06-13,US202602180019,38,19:00,19:30,班,on_duty
US00005,2026-06-13,US202602180019,39,19:30,20:00,班,on_duty
US00005,2026-06-13,US202602180019,40,20:00,20:30,班,on_duty
US00005,2026-06-13,US202602180019,41,20:30,21:00,班,on_duty
US00005,2026-06-13,US202602180019,42,21:00,21:30,班,on_duty
US00005,2026-06-13,US202604280002,12,06:00,06:30,班,on_duty
US00005,2026-06-13,US202604280002,13,06:30,07:00,班,on_duty
US00005,2026-06-13,US202604280002,14,07:00,07:30,班,on_duty
US00005,2026-06-13,US202604280002,15,07:30,08:00,班,on_duty
US00005,2026-06-13,US202604280002,16,08:00,08:30,班,on_duty
US00005,2026-06-13,US202604280002,17,08:30,09:00,班,on_duty
US00005,2026-06-13,US202604280002,18,09:00,09:30,班,on_duty
US00005,2026-06-13,US202604280002,19,09:30,10:00,休,rest
US00005,2026-06-13,US202604280002,20,10:00,10:30,休,rest
US00005,2026-06-13,US202604280002,21,10:30,11:00,班,on_duty
US00005,2026-06-13,US202604280002,22,11:00,11:30,班,on_duty
US00005,2026-06-13,US202604280002,23,11:30,12:00,班,on_duty
US00005,2026-06-13,US202604280002,24,12:00,12:30,班,on_duty
US00005,2026-06-13,US202604280002,25,12:30,13:00,班,on_duty
US00005,2026-06-13,US202604280002,26,13:00,13:30,班,on_duty
US00005,2026-06-13,US202604280002,27,13:30,14:00,班,on_duty
US00005,2026-06-13,US202605050005,12,06:00,06:30,班,on_duty
US00005,2026-06-13,US202605050005,13,06:30,07:00,班,on_duty
US00005,2026-06-13,US202605050005,14,07:00,07:30,班,on_duty
US00005,2026-06-13,US202605050005,15,07:30,08:00,班,on_duty
US00005,2026-06-13,US202605050005,16,08:00,08:30,班,on_duty
US00005,2026-06-13,US202605050005,17,08:30,09:00,班,on_duty
US00005,2026-06-13,US202605050005,18,09:00,09:30,班,on_duty
US00005,2026-06-13,US202605050005,19,09:30,10:00,班,on_duty
US00005,2026-06-13,US202605050005,20,10:00,10:30,休,rest
US00005,2026-06-13,US202605050005,21,10:30,11:00,休,rest
US00005,2026-06-13,US202605050005,22,11:00,11:30,班,on_duty
US00005,2026-06-13,US202605050005,23,11:30,12:00,班,on_duty
US00005,2026-06-13,US202605050005,24,12:00,12:30,班,on_duty
US00005,2026-06-13,US202605050005,25,12:30,13:00,班,on_duty
US00005,2026-06-13,US202605050005,26,13:00,13:30,班,on_duty
US00005,2026-06-13,US202605050005,27,13:30,14:00,班,on_duty
US00005,2026-06-13,US202605260009,27,13:30,14:00,班,on_duty
US00005,2026-06-13,US202605260009,28,14:00,14:30,班,on_duty
US00005,2026-06-13,US202605260009,29,14:30,15:00,班,on_duty
US00005,2026-06-13,US202605260009,30,15:00,15:30,班,on_duty
US00005,2026-06-13,US202605260009,31,15:30,16:00,班,on_duty
US00005,2026-06-13,US202605260009,32,16:00,16:30,班,on_duty
US00005,2026-06-13,US202605260009,33,16:30,17:00,班,on_duty
US00005,2026-06-13,US202605260009,34,17:00,17:30,班,on_duty
US00005,2026-06-13,US202605260009,35,17:30,18:00,休,rest
US00005,2026-06-13,US202605260009,36,18:00,18:30,休,rest
US00005,2026-06-13,US202605260009,37,18:30,19:00,班,on_duty
US00005,2026-06-13,US202605260009,38,19:00,19:30,班,on_duty
US00005,2026-06-13,US202605260009,39,19:30,20:00,班,on_duty
US00005,2026-06-13,US202605260009,40,20:00,20:30,班,on_duty
US00005,2026-06-13,US202605260009,41,20:30,21:00,班,on_duty
US00005,2026-06-13,US202605260009,42,21:00,21:30,班,on_duty
US00005,2026-06-14,US202507170003,12,06:00,06:30,班,on_duty
US00005,2026-06-14,US202507170003,13,06:30,07:00,班,on_duty
US00005,2026-06-14,US202507170003,14,07:00,07:30,班,on_duty
US00005,2026-06-14,US202507170003,15,07:30,08:00,班,on_duty
US00005,2026-06-14,US202507170003,16,08:00,08:30,班,on_duty
US00005,2026-06-14,US202507170003,17,08:30,09:00,班,on_duty
US00005,2026-06-14,US202507170003,18,09:00,09:30,休,rest
US00005,2026-06-14,US202507170003,19,09:30,10:00,休,rest
US00005,2026-06-14,US202507170003,20,10:00,10:30,班,on_duty
US00005,2026-06-14,US202507170003,21,10:30,11:00,班,on_duty
US00005,2026-06-14,US202507170003,22,11:00,11:30,班,on_duty
US00005,2026-06-14,US202507170003,23,11:30,12:00,班,on_duty
US00005,2026-06-14,US202507170003,24,12:00,12:30,班,on_duty
US00005,2026-06-14,US202507170003,25,12:30,13:00,班,on_duty
US00005,2026-06-14,US202507170003,26,13:00,13:30,班,on_duty
US00005,2026-06-14,US202507170003,27,13:30,14:00,班,on_duty
US00005,2026-06-14,US202509100001,20,10:00,10:30,班,on_duty
US00005,2026-06-14,US202509100001,21,10:30,11:00,班,on_duty
US00005,2026-06-14,US202509100001,22,11:00,11:30,班,on_duty
US00005,2026-06-14,US202509100001,23,11:30,12:00,班,on_duty
US00005,2026-06-14,US202509100001,24,12:00,12:30,班,on_duty
US00005,2026-06-14,US202509100001,25,12:30,13:00,班,on_duty
US00005,2026-06-14,US202509100001,26,13:00,13:30,休,rest
US00005,2026-06-14,US202509100001,27,13:30,14:00,班,on_duty
US00005,2026-06-14,US202509100001,28,14:00,14:30,班,on_duty
US00005,2026-06-14,US202509100001,29,14:30,15:00,班,on_duty
US00005,2026-06-14,US202509100001,30,15:00,15:30,班,on_duty
US00005,2026-06-14,US202509100001,31,15:30,16:00,班,on_duty
US00005,2026-06-14,US202509100001,32,16:00,16:30,班,on_duty
US00005,2026-06-14,US202509100001,33,16:30,17:00,班,on_duty
US00005,2026-06-14,US202509100001,34,17:00,17:30,班,on_duty
US00005,2026-06-14,US202509100001,35,17:30,18:00,班,on_duty
US00005,2026-06-14,US202510280003,27,13:30,14:00,班,on_duty
US00005,2026-06-14,US202510280003,28,14:00,14:30,班,on_duty
US00005,2026-06-14,US202510280003,29,14:30,15:00,班,on_duty
US00005,2026-06-14,US202510280003,30,15:00,15:30,班,on_duty
US00005,2026-06-14,US202510280003,31,15:30,16:00,班,on_duty
US00005,2026-06-14,US202510280003,32,16:00,16:30,班,on_duty
US00005,2026-06-14,US202510280003,33,16:30,17:00,班,on_duty
US00005,2026-06-14,US202510280003,34,17:00,17:30,休,rest
US00005,2026-06-14,US202510280003,35,17:30,18:00,休,rest
US00005,2026-06-14,US202510280003,36,18:00,18:30,班,on_duty
US00005,2026-06-14,US202510280003,37,18:30,19:00,班,on_duty
US00005,2026-06-14,US202510280003,38,19:00,19:30,班,on_duty
US00005,2026-06-14,US202510280003,39,19:30,20:00,班,on_duty
US00005,2026-06-14,US202510280003,40,20:00,20:30,班,on_duty
US00005,2026-06-14,US202510280003,41,20:30,21:00,班,on_duty
US00005,2026-06-14,US202510280003,42,21:00,21:30,班,on_duty
US00005,2026-06-14,US202512020004,27,13:30,14:00,班,on_duty
US00005,2026-06-14,US202512020004,28,14:00,14:30,班,on_duty
US00005,2026-06-14,US202512020004,29,14:30,15:00,班,on_duty
US00005,2026-06-14,US202512020004,30,15:00,15:30,班,on_duty
US00005,2026-06-14,US202512020004,31,15:30,16:00,班,on_duty
US00005,2026-06-14,US202512020004,32,16:00,16:30,班,on_duty
US00005,2026-06-14,US202512020004,33,16:30,17:00,班,on_duty
US00005,2026-06-14,US202512020004,34,17:00,17:30,休,rest
US00005,2026-06-14,US202512020004,35,17:30,18:00,休,rest
US00005,2026-06-14,US202512020004,36,18:00,18:30,班,on_duty
US00005,2026-06-14,US202512020004,37,18:30,19:00,班,on_duty
US00005,2026-06-14,US202512020004,38,19:00,19:30,班,on_duty
US00005,2026-06-14,US202512020004,39,19:30,20:00,班,on_duty
US00005,2026-06-14,US202512020004,40,20:00,20:30,班,on_duty
US00005,2026-06-14,US202512020004,41,20:30,21:00,班,on_duty
US00005,2026-06-14,US202512020004,42,21:00,21:30,班,on_duty
US00005,2026-06-14,US202601270004,12,06:00,06:30,班,on_duty
US00005,2026-06-14,US202601270004,13,06:30,07:00,班,on_duty
US00005,2026-06-14,US202601270004,14,07:00,07:30,班,on_duty
US00005,2026-06-14,US202601270004,15,07:30,08:00,班,on_duty
US00005,2026-06-14,US202601270004,16,08:00,08:30,班,on_duty
US00005,2026-06-14,US202601270004,17,08:30,09:00,班,on_duty
US00005,2026-06-14,US202601270004,18,09:00,09:30,休,rest
US00005,2026-06-14,US202601270004,19,09:30,10:00,休,rest
US00005,2026-06-14,US202601270004,20,10:00,10:30,班,on_duty
US00005,2026-06-14,US202601270004,21,10:30,11:00,班,on_duty
US00005,2026-06-14,US202601270004,22,11:00,11:30,班,on_duty
US00005,2026-06-14,US202601270004,23,11:30,12:00,班,on_duty
US00005,2026-06-14,US202601270004,24,12:00,12:30,班,on_duty
US00005,2026-06-14,US202601270004,25,12:30,13:00,班,on_duty
US00005,2026-06-14,US202601270004,26,13:00,13:30,班,on_duty
US00005,2026-06-14,US202601270004,27,13:30,14:00,班,on_duty
US00005,2026-06-14,US202602180019,27,13:30,14:00,班,on_duty
US00005,2026-06-14,US202602180019,28,14:00,14:30,班,on_duty
US00005,2026-06-14,US202602180019,29,14:30,15:00,班,on_duty
US00005,2026-06-14,US202602180019,30,15:00,15:30,班,on_duty
US00005,2026-06-14,US202602180019,31,15:30,16:00,班,on_duty
US00005,2026-06-14,US202602180019,32,16:00,16:30,班,on_duty
US00005,2026-06-14,US202602180019,33,16:30,17:00,班,on_duty
US00005,2026-06-14,US202602180019,34,17:00,17:30,班,on_duty
US00005,2026-06-14,US202602180019,35,17:30,18:00,休,rest
US00005,2026-06-14,US202602180019,36,18:00,18:30,休,rest
US00005,2026-06-14,US202602180019,37,18:30,19:00,班,on_duty
US00005,2026-06-14,US202602180019,38,19:00,19:30,班,on_duty
US00005,2026-06-14,US202602180019,39,19:30,20:00,班,on_duty
US00005,2026-06-14,US202602180019,40,20:00,20:30,班,on_duty
US00005,2026-06-14,US202602180019,41,20:30,21:00,班,on_duty
US00005,2026-06-14,US202602180019,42,21:00,21:30,班,on_duty
US00005,2026-06-14,US202604280002,12,06:00,06:30,班,on_duty
US00005,2026-06-14,US202604280002,13,06:30,07:00,班,on_duty
US00005,2026-06-14,US202604280002,14,07:00,07:30,班,on_duty
US00005,2026-06-14,US202604280002,15,07:30,08:00,班,on_duty
US00005,2026-06-14,US202604280002,16,08:00,08:30,班,on_duty
US00005,2026-06-14,US202604280002,17,08:30,09:00,班,on_duty
US00005,2026-06-14,US202604280002,18,09:00,09:30,班,on_duty
US00005,2026-06-14,US202604280002,19,09:30,10:00,休,rest
US00005,2026-06-14,US202604280002,20,10:00,10:30,休,rest
US00005,2026-06-14,US202604280002,21,10:30,11:00,班,on_duty
US00005,2026-06-14,US202604280002,22,11:00,11:30,班,on_duty
US00005,2026-06-14,US202604280002,23,11:30,12:00,班,on_duty
US00005,2026-06-14,US202604280002,24,12:00,12:30,班,on_duty
US00005,2026-06-14,US202604280002,25,12:30,13:00,班,on_duty
US00005,2026-06-14,US202604280002,26,13:00,13:30,班,on_duty
US00005,2026-06-14,US202604280002,27,13:30,14:00,班,on_duty
US00005,2026-06-14,US202605260009,27,13:30,14:00,班,on_duty
US00005,2026-06-14,US202605260009,28,14:00,14:30,班,on_duty
US00005,2026-06-14,US202605260009,29,14:30,15:00,班,on_duty
US00005,2026-06-14,US202605260009,30,15:00,15:30,班,on_duty
US00005,2026-06-14,US202605260009,31,15:30,16:00,班,on_duty
US00005,2026-06-14,US202605260009,32,16:00,16:30,班,on_duty
US00005,2026-06-14,US202605260009,33,16:30,17:00,班,on_duty
US00005,2026-06-14,US202605260009,34,17:00,17:30,班,on_duty
US00005,2026-06-14,US202605260009,35,17:30,18:00,休,rest
US00005,2026-06-14,US202605260009,36,18:00,18:30,休,rest
US00005,2026-06-14,US202605260009,37,18:30,19:00,班,on_duty
US00005,2026-06-14,US202605260009,38,19:00,19:30,班,on_duty
US00005,2026-06-14,US202605260009,39,19:30,20:00,班,on_duty
US00005,2026-06-14,US202605260009,40,20:00,20:30,班,on_duty
US00005,2026-06-14,US202605260009,41,20:30,21:00,班,on_duty
US00005,2026-06-14,US202605260009,42,21:00,21:30,班,on_duty
US00008,2026-06-08,US202505130005,18,09:00,09:30,班,on_duty
US00008,2026-06-08,US202505130005,19,09:30,10:00,班,on_duty
US00008,2026-06-08,US202505130005,20,10:00,10:30,班,on_duty
US00008,2026-06-08,US202505130005,21,10:30,11:00,班,on_duty
US00008,2026-06-08,US202505130005,22,11:00,11:30,班,on_duty
US00008,2026-06-08,US202505130005,23,11:30,12:00,班,on_duty
US00008,2026-06-08,US202505130005,24,12:00,12:30,班,on_duty
US00008,2026-06-08,US202505130005,25,12:30,13:00,班,on_duty
US00008,2026-06-08,US202505130005,26,13:00,13:30,休,rest
US00008,2026-06-08,US202505130005,27,13:30,14:00,班,on_duty
US00008,2026-06-08,US202505130005,28,14:00,14:30,班,on_duty
US00008,2026-06-08,US202505130005,29,14:30,15:00,班,on_duty
US00008,2026-06-08,US202505130005,30,15:00,15:30,班,on_duty
US00008,2026-06-08,US202505130005,31,15:30,16:00,班,on_duty
US00008,2026-06-08,US202505130005,32,16:00,16:30,班,on_duty
US00008,2026-06-08,US202505130005,33,16:30,17:00,班,on_duty
US00008,2026-06-08,US202505130005,34,17:00,17:30,班,on_duty
US00008,2026-06-08,US202509230011,27,13:30,14:00,班,on_duty
US00008,2026-06-08,US202509230011,28,14:00,14:30,班,on_duty
US00008,2026-06-08,US202509230011,29,14:30,15:00,班,on_duty
US00008,2026-06-08,US202509230011,30,15:00,15:30,班,on_duty
US00008,2026-06-08,US202509230011,31,15:30,16:00,班,on_duty
US00008,2026-06-08,US202509230011,32,16:00,16:30,班,on_duty
US00008,2026-06-08,US202509230011,33,16:30,17:00,休,rest
US00008,2026-06-08,US202509230011,34,17:00,17:30,休,rest
US00008,2026-06-08,US202509230011,35,17:30,18:00,班,on_duty
US00008,2026-06-08,US202509230011,36,18:00,18:30,班,on_duty
US00008,2026-06-08,US202509230011,37,18:30,19:00,班,on_duty
US00008,2026-06-08,US202509230011,38,19:00,19:30,班,on_duty
US00008,2026-06-08,US202509230011,39,19:30,20:00,班,on_duty
US00008,2026-06-08,US202509230011,40,20:00,20:30,班,on_duty
US00008,2026-06-08,US202509230011,41,20:30,21:00,班,on_duty
US00008,2026-06-08,US202510070003,12,06:00,06:30,班,on_duty
US00008,2026-06-08,US202510070003,13,06:30,07:00,班,on_duty
US00008,2026-06-08,US202510070003,14,07:00,07:30,班,on_duty
US00008,2026-06-08,US202510070003,15,07:30,08:00,班,on_duty
US00008,2026-06-08,US202510070003,16,08:00,08:30,班,on_duty
US00008,2026-06-08,US202510070003,17,08:30,09:00,班,on_duty
US00008,2026-06-08,US202510070003,18,09:00,09:30,班,on_duty
US00008,2026-06-08,US202510070003,19,09:30,10:00,休,rest
US00008,2026-06-08,US202510070003,20,10:00,10:30,休,rest
US00008,2026-06-08,US202510070003,21,10:30,11:00,班,on_duty
US00008,2026-06-08,US202510070003,22,11:00,11:30,班,on_duty
US00008,2026-06-08,US202510070003,23,11:30,12:00,班,on_duty
US00008,2026-06-08,US202510070003,24,12:00,12:30,班,on_duty
US00008,2026-06-08,US202510070003,25,12:30,13:00,班,on_duty
US00008,2026-06-08,US202510070003,26,13:00,13:30,班,on_duty
US00008,2026-06-08,US202510210005,27,13:30,14:00,班,on_duty
US00008,2026-06-08,US202510210005,28,14:00,14:30,班,on_duty
US00008,2026-06-08,US202510210005,29,14:30,15:00,班,on_duty
US00008,2026-06-08,US202510210005,30,15:00,15:30,班,on_duty
US00008,2026-06-08,US202510210005,31,15:30,16:00,班,on_duty
US00008,2026-06-08,US202510210005,32,16:00,16:30,班,on_duty
US00008,2026-06-08,US202510210005,33,16:30,17:00,休,rest
US00008,2026-06-08,US202510210005,34,17:00,17:30,休,rest
US00008,2026-06-08,US202510210005,35,17:30,18:00,班,on_duty
US00008,2026-06-08,US202510210005,36,18:00,18:30,班,on_duty
US00008,2026-06-08,US202510210005,37,18:30,19:00,班,on_duty
US00008,2026-06-08,US202510210005,38,19:00,19:30,班,on_duty
US00008,2026-06-08,US202510210005,39,19:30,20:00,班,on_duty
US00008,2026-06-08,US202510210005,40,20:00,20:30,班,on_duty
US00008,2026-06-08,US202510210005,41,20:30,21:00,班,on_duty
US00008,2026-06-08,US202512020004,15,07:30,08:00,班,on_duty
US00008,2026-06-08,US202512020004,16,08:00,08:30,班,on_duty
US00008,2026-06-08,US202512020004,17,08:30,09:00,班,on_duty
US00008,2026-06-08,US202512020004,18,09:00,09:30,班,on_duty
US00008,2026-06-08,US202512020004,19,09:30,10:00,班,on_duty
US00008,2026-06-08,US202512020004,20,10:00,10:30,休,rest
US00008,2026-06-08,US202512020004,21,10:30,11:00,休,rest
US00008,2026-06-08,US202512020004,22,11:00,11:30,班,on_duty
US00008,2026-06-08,US202512020004,23,11:30,12:00,班,on_duty
US00008,2026-06-08,US202512020004,24,12:00,12:30,班,on_duty
US00008,2026-06-08,US202512020004,25,12:30,13:00,班,on_duty
US00008,2026-06-08,US202512020004,26,13:00,13:30,班,on_duty
US00008,2026-06-08,US202512020004,27,13:30,14:00,班,on_duty
US00008,2026-06-08,US202512020004,28,14:00,14:30,班,on_duty
US00008,2026-06-08,US202603170007,12,06:00,06:30,班,on_duty
US00008,2026-06-08,US202603170007,13,06:30,07:00,班,on_duty
US00008,2026-06-08,US202603170007,14,07:00,07:30,班,on_duty
US00008,2026-06-08,US202603170007,15,07:30,08:00,班,on_duty
US00008,2026-06-08,US202603170007,16,08:00,08:30,班,on_duty
US00008,2026-06-08,US202603170007,17,08:30,09:00,班,on_duty
US00008,2026-06-08,US202603170007,18,09:00,09:30,休,rest
US00008,2026-06-08,US202603170007,19,09:30,10:00,休,rest
US00008,2026-06-08,US202603170007,20,10:00,10:30,班,on_duty
US00008,2026-06-08,US202603170007,21,10:30,11:00,班,on_duty
US00008,2026-06-08,US202603170007,22,11:00,11:30,班,on_duty
US00008,2026-06-08,US202603170007,23,11:30,12:00,班,on_duty
US00008,2026-06-08,US202603170007,24,12:00,12:30,班,on_duty
US00008,2026-06-08,US202603170007,25,12:30,13:00,班,on_duty
US00008,2026-06-08,US202603170007,26,13:00,13:30,班,on_duty
US00008,2026-06-08,US202603170007,27,13:30,14:00,班,on_duty
US00008,2026-06-08,US202603170007,28,14:00,14:30,班,on_duty
US00008,2026-06-08,US202604020006,12,06:00,06:30,班,on_duty
US00008,2026-06-08,US202604020006,13,06:30,07:00,班,on_duty
US00008,2026-06-08,US202604020006,14,07:00,07:30,班,on_duty
US00008,2026-06-08,US202604020006,15,07:30,08:00,班,on_duty
US00008,2026-06-08,US202604020006,16,08:00,08:30,班,on_duty
US00008,2026-06-08,US202604020006,17,08:30,09:00,班,on_duty
US00008,2026-06-08,US202604020006,18,09:00,09:30,休,rest
US00008,2026-06-08,US202604020006,19,09:30,10:00,休,rest
US00008,2026-06-08,US202604020006,20,10:00,10:30,班,on_duty
US00008,2026-06-08,US202604020006,21,10:30,11:00,班,on_duty
US00008,2026-06-08,US202604020006,22,11:00,11:30,班,on_duty
US00008,2026-06-08,US202604020006,23,11:30,12:00,班,on_duty
US00008,2026-06-08,US202604020006,24,12:00,12:30,班,on_duty
US00008,2026-06-08,US202604020006,25,12:30,13:00,班,on_duty
US00008,2026-06-08,US202604020006,26,13:00,13:30,班,on_duty
US00008,2026-06-08,US202604020006,27,13:30,14:00,班,on_duty
US00008,2026-06-08,US202604020006,28,14:00,14:30,班,on_duty
US00008,2026-06-08,US202605120006,27,13:30,14:00,班,on_duty
US00008,2026-06-08,US202605120006,28,14:00,14:30,班,on_duty
US00008,2026-06-08,US202605120006,29,14:30,15:00,班,on_duty
US00008,2026-06-08,US202605120006,30,15:00,15:30,班,on_duty
US00008,2026-06-08,US202605120006,31,15:30,16:00,班,on_duty
US00008,2026-06-08,US202605120006,32,16:00,16:30,班,on_duty
US00008,2026-06-08,US202605120006,33,16:30,17:00,班,on_duty
US00008,2026-06-08,US202605120006,34,17:00,17:30,休,rest
US00008,2026-06-08,US202605120006,35,17:30,18:00,休,rest
US00008,2026-06-08,US202605120006,36,18:00,18:30,班,on_duty
US00008,2026-06-08,US202605120006,37,18:30,19:00,班,on_duty
US00008,2026-06-08,US202605120006,38,19:00,19:30,班,on_duty
US00008,2026-06-08,US202605120006,39,19:30,20:00,班,on_duty
US00008,2026-06-08,US202605120006,40,20:00,20:30,班,on_duty
US00008,2026-06-08,US202605120006,41,20:30,21:00,班,on_duty
US00008,2026-06-08,US202606020003,27,13:30,14:00,班,on_duty
US00008,2026-06-08,US202606020003,28,14:00,14:30,班,on_duty
US00008,2026-06-08,US202606020003,29,14:30,15:00,班,on_duty
US00008,2026-06-08,US202606020003,30,15:00,15:30,班,on_duty
US00008,2026-06-08,US202606020003,31,15:30,16:00,班,on_duty
US00008,2026-06-08,US202606020003,32,16:00,16:30,班,on_duty
US00008,2026-06-08,US202606020003,33,16:30,17:00,班,on_duty
US00008,2026-06-08,US202606020003,34,17:00,17:30,休,rest
US00008,2026-06-08,US202606020003,35,17:30,18:00,休,rest
US00008,2026-06-08,US202606020003,36,18:00,18:30,班,on_duty
US00008,2026-06-08,US202606020003,37,18:30,19:00,班,on_duty
US00008,2026-06-08,US202606020003,38,19:00,19:30,班,on_duty
US00008,2026-06-08,US202606020003,39,19:30,20:00,班,on_duty
US00008,2026-06-08,US202606020003,40,20:00,20:30,班,on_duty
US00008,2026-06-08,US202606020003,41,20:30,21:00,班,on_duty
US00008,2026-06-09,US202505130005,18,09:00,09:30,班,on_duty
US00008,2026-06-09,US202505130005,19,09:30,10:00,班,on_duty
US00008,2026-06-09,US202505130005,20,10:00,10:30,班,on_duty
US00008,2026-06-09,US202505130005,21,10:30,11:00,班,on_duty
US00008,2026-06-09,US202505130005,22,11:00,11:30,班,on_duty
US00008,2026-06-09,US202505130005,23,11:30,12:00,班,on_duty
US00008,2026-06-09,US202505130005,24,12:00,12:30,班,on_duty
US00008,2026-06-09,US202505130005,25,12:30,13:00,班,on_duty
US00008,2026-06-09,US202505130005,26,13:00,13:30,休,rest
US00008,2026-06-09,US202505130005,27,13:30,14:00,班,on_duty
US00008,2026-06-09,US202505130005,28,14:00,14:30,班,on_duty
US00008,2026-06-09,US202505130005,29,14:30,15:00,班,on_duty
US00008,2026-06-09,US202505130005,30,15:00,15:30,班,on_duty
US00008,2026-06-09,US202505130005,31,15:30,16:00,班,on_duty
US00008,2026-06-09,US202505130005,32,16:00,16:30,班,on_duty
US00008,2026-06-09,US202505130005,33,16:30,17:00,班,on_duty
US00008,2026-06-09,US202505130005,34,17:00,17:30,班,on_duty
US00008,2026-06-09,US202507280003,16,08:00,08:30,班,on_duty
US00008,2026-06-09,US202507280003,17,08:30,09:00,班,on_duty
US00008,2026-06-09,US202507280003,18,09:00,09:30,班,on_duty
US00008,2026-06-09,US202507280003,19,09:30,10:00,班,on_duty
US00008,2026-06-09,US202507280003,20,10:00,10:30,班,on_duty
US00008,2026-06-09,US202507280003,21,10:30,11:00,班,on_duty
US00008,2026-06-09,US202507280003,22,11:00,11:30,班,on_duty
US00008,2026-06-09,US202507280003,23,11:30,12:00,班,on_duty
US00008,2026-06-09,US202507280003,24,12:00,12:30,休,rest
US00008,2026-06-09,US202507280003,25,12:30,13:00,班,on_duty
US00008,2026-06-09,US202507280003,26,13:00,13:30,班,on_duty
US00008,2026-06-09,US202507280003,27,13:30,14:00,班,on_duty
US00008,2026-06-09,US202507280003,28,14:00,14:30,班,on_duty
US00008,2026-06-09,US202507280003,29,14:30,15:00,班,on_duty
US00008,2026-06-09,US202507280003,30,15:00,15:30,班,on_duty
US00008,2026-06-09,US202507280003,31,15:30,16:00,班,on_duty
US00008,2026-06-09,US202507280003,32,16:00,16:30,班,on_duty
US00008,2026-06-09,US202508050003,12,06:00,06:30,班,on_duty
US00008,2026-06-09,US202508050003,13,06:30,07:00,班,on_duty
US00008,2026-06-09,US202508050003,14,07:00,07:30,班,on_duty
US00008,2026-06-09,US202508050003,15,07:30,08:00,班,on_duty
US00008,2026-06-09,US202508050003,16,08:00,08:30,班,on_duty
US00008,2026-06-09,US202508050003,17,08:30,09:00,班,on_duty
US00008,2026-06-09,US202508050003,18,09:00,09:30,班,on_duty
US00008,2026-06-09,US202508050003,19,09:30,10:00,休,rest
US00008,2026-06-09,US202508050003,20,10:00,10:30,休,rest
US00008,2026-06-09,US202508050003,21,10:30,11:00,班,on_duty
US00008,2026-06-09,US202508050003,22,11:00,11:30,班,on_duty
US00008,2026-06-09,US202508050003,23,11:30,12:00,班,on_duty
US00008,2026-06-09,US202508050003,24,12:00,12:30,班,on_duty
US00008,2026-06-09,US202508050003,25,12:30,13:00,班,on_duty
US00008,2026-06-09,US202508050003,26,13:00,13:30,班,on_duty
US00008,2026-06-09,US202508050003,27,13:30,14:00,班,on_duty
US00008,2026-06-09,US202508050003,28,14:00,14:30,班,on_duty
US00008,2026-06-09,US202509230011,27,13:30,14:00,班,on_duty
US00008,2026-06-09,US202509230011,28,14:00,14:30,班,on_duty
US00008,2026-06-09,US202509230011,29,14:30,15:00,班,on_duty
US00008,2026-06-09,US202509230011,30,15:00,15:30,班,on_duty
US00008,2026-06-09,US202509230011,31,15:30,16:00,班,on_duty
US00008,2026-06-09,US202509230011,32,16:00,16:30,班,on_duty
US00008,2026-06-09,US202509230011,33,16:30,17:00,休,rest
US00008,2026-06-09,US202509230011,34,17:00,17:30,休,rest
US00008,2026-06-09,US202509230011,35,17:30,18:00,班,on_duty
US00008,2026-06-09,US202509230011,36,18:00,18:30,班,on_duty
US00008,2026-06-09,US202509230011,37,18:30,19:00,班,on_duty
US00008,2026-06-09,US202509230011,38,19:00,19:30,班,on_duty
US00008,2026-06-09,US202509230011,39,19:30,20:00,班,on_duty
US00008,2026-06-09,US202509230011,40,20:00,20:30,班,on_duty
US00008,2026-06-09,US202509230011,41,20:30,21:00,班,on_duty
US00008,2026-06-09,US202509230011,42,21:00,21:30,班,on_duty
US00008,2026-06-09,US202510210005,27,13:30,14:00,班,on_duty
US00008,2026-06-09,US202510210005,28,14:00,14:30,班,on_duty
US00008,2026-06-09,US202510210005,29,14:30,15:00,班,on_duty
US00008,2026-06-09,US202510210005,30,15:00,15:30,班,on_duty
US00008,2026-06-09,US202510210005,31,15:30,16:00,班,on_duty
US00008,2026-06-09,US202510210005,32,16:00,16:30,班,on_duty
US00008,2026-06-09,US202510210005,33,16:30,17:00,休,rest
US00008,2026-06-09,US202510210005,34,17:00,17:30,休,rest
US00008,2026-06-09,US202510210005,35,17:30,18:00,班,on_duty
US00008,2026-06-09,US202510210005,36,18:00,18:30,班,on_duty
US00008,2026-06-09,US202510210005,37,18:30,19:00,班,on_duty
US00008,2026-06-09,US202510210005,38,19:00,19:30,班,on_duty
US00008,2026-06-09,US202510210005,39,19:30,20:00,班,on_duty
US00008,2026-06-09,US202510210005,40,20:00,20:30,班,on_duty
US00008,2026-06-09,US202510210005,41,20:30,21:00,班,on_duty
US00008,2026-06-09,US202510210005,42,21:00,21:30,班,on_duty
US00008,2026-06-09,US202512290004,12,06:00,06:30,班,on_duty
US00008,2026-06-09,US202512290004,13,06:30,07:00,班,on_duty
US00008,2026-06-09,US202512290004,14,07:00,07:30,班,on_duty
US00008,2026-06-09,US202512290004,15,07:30,08:00,班,on_duty
US00008,2026-06-09,US202512290004,16,08:00,08:30,班,on_duty
US00008,2026-06-09,US202512290004,17,08:30,09:00,班,on_duty
US00008,2026-06-09,US202512290004,18,09:00,09:30,休,rest
US00008,2026-06-09,US202512290004,19,09:30,10:00,休,rest
US00008,2026-06-09,US202512290004,20,10:00,10:30,班,on_duty
US00008,2026-06-09,US202512290004,21,10:30,11:00,班,on_duty
US00008,2026-06-09,US202512290004,22,11:00,11:30,班,on_duty
US00008,2026-06-09,US202512290004,23,11:30,12:00,班,on_duty
US00008,2026-06-09,US202512290004,24,12:00,12:30,班,on_duty
US00008,2026-06-09,US202512290004,25,12:30,13:00,班,on_duty
US00008,2026-06-09,US202512290004,26,13:00,13:30,班,on_duty
US00008,2026-06-09,US202512290004,27,13:30,14:00,班,on_duty
US00008,2026-06-09,US202512290004,28,14:00,14:30,班,on_duty
US00008,2026-06-09,US202603170007,12,06:00,06:30,班,on_duty
US00008,2026-06-09,US202603170007,13,06:30,07:00,班,on_duty
US00008,2026-06-09,US202603170007,14,07:00,07:30,班,on_duty
US00008,2026-06-09,US202603170007,15,07:30,08:00,班,on_duty
US00008,2026-06-09,US202603170007,16,08:00,08:30,班,on_duty
US00008,2026-06-09,US202603170007,17,08:30,09:00,班,on_duty
US00008,2026-06-09,US202603170007,18,09:00,09:30,休,rest
US00008,2026-06-09,US202603170007,19,09:30,10:00,休,rest
US00008,2026-06-09,US202603170007,20,10:00,10:30,班,on_duty
US00008,2026-06-09,US202603170007,21,10:30,11:00,班,on_duty
US00008,2026-06-09,US202603170007,22,11:00,11:30,班,on_duty
US00008,2026-06-09,US202603170007,23,11:30,12:00,班,on_duty
US00008,2026-06-09,US202603170007,24,12:00,12:30,班,on_duty
US00008,2026-06-09,US202603170007,25,12:30,13:00,班,on_duty
US00008,2026-06-09,US202603170007,26,13:00,13:30,班,on_duty
US00008,2026-06-09,US202603170007,27,13:30,14:00,班,on_duty
US00008,2026-06-09,US202603170007,28,14:00,14:30,班,on_duty
US00008,2026-06-09,US202603260007,12,06:00,06:30,班,on_duty
US00008,2026-06-09,US202603260007,13,06:30,07:00,班,on_duty
US00008,2026-06-09,US202603260007,14,07:00,07:30,班,on_duty
US00008,2026-06-09,US202603260007,15,07:30,08:00,班,on_duty
US00008,2026-06-09,US202603260007,16,08:00,08:30,班,on_duty
US00008,2026-06-09,US202603260007,17,08:30,09:00,班,on_duty
US00008,2026-06-09,US202603260007,18,09:00,09:30,班,on_duty
US00008,2026-06-09,US202603260007,19,09:30,10:00,休,rest
US00008,2026-06-09,US202603260007,20,10:00,10:30,休,rest
US00008,2026-06-09,US202603260007,21,10:30,11:00,班,on_duty
US00008,2026-06-09,US202603260007,22,11:00,11:30,班,on_duty
US00008,2026-06-09,US202603260007,23,11:30,12:00,班,on_duty
US00008,2026-06-09,US202603260007,24,12:00,12:30,班,on_duty
US00008,2026-06-09,US202603260007,25,12:30,13:00,班,on_duty
US00008,2026-06-09,US202603260007,26,13:00,13:30,班,on_duty
US00008,2026-06-09,US202603260007,27,13:30,14:00,班,on_duty
US00008,2026-06-09,US202603260007,28,14:00,14:30,班,on_duty
US00008,2026-06-09,US202604020006,27,13:30,14:00,班,on_duty
US00008,2026-06-09,US202604020006,28,14:00,14:30,班,on_duty
US00008,2026-06-09,US202604020006,29,14:30,15:00,班,on_duty
US00008,2026-06-09,US202604020006,30,15:00,15:30,班,on_duty
US00008,2026-06-09,US202604020006,31,15:30,16:00,班,on_duty
US00008,2026-06-09,US202604020006,32,16:00,16:30,班,on_duty
US00008,2026-06-09,US202604020006,33,16:30,17:00,班,on_duty
US00008,2026-06-09,US202604020006,34,17:00,17:30,休,rest
US00008,2026-06-09,US202604020006,35,17:30,18:00,休,rest
US00008,2026-06-09,US202604020006,36,18:00,18:30,班,on_duty
US00008,2026-06-09,US202604020006,37,18:30,19:00,班,on_duty
US00008,2026-06-09,US202604020006,38,19:00,19:30,班,on_duty
US00008,2026-06-09,US202604020006,39,19:30,20:00,班,on_duty
US00008,2026-06-09,US202604020006,40,20:00,20:30,班,on_duty
US00008,2026-06-09,US202604020006,41,20:30,21:00,班,on_duty
US00008,2026-06-09,US202604020006,42,21:00,21:30,班,on_duty
US00008,2026-06-09,US202606020003,27,13:30,14:00,班,on_duty
US00008,2026-06-09,US202606020003,28,14:00,14:30,班,on_duty
US00008,2026-06-09,US202606020003,29,14:30,15:00,班,on_duty
US00008,2026-06-09,US202606020003,30,15:00,15:30,班,on_duty
US00008,2026-06-09,US202606020003,31,15:30,16:00,班,on_duty
US00008,2026-06-09,US202606020003,32,16:00,16:30,班,on_duty
US00008,2026-06-09,US202606020003,33,16:30,17:00,班,on_duty
US00008,2026-06-09,US202606020003,34,17:00,17:30,休,rest
US00008,2026-06-09,US202606020003,35,17:30,18:00,休,rest
US00008,2026-06-09,US202606020003,36,18:00,18:30,班,on_duty
US00008,2026-06-09,US202606020003,37,18:30,19:00,班,on_duty
US00008,2026-06-09,US202606020003,38,19:00,19:30,班,on_duty
US00008,2026-06-09,US202606020003,39,19:30,20:00,班,on_duty
US00008,2026-06-09,US202606020003,40,20:00,20:30,班,on_duty
US00008,2026-06-09,US202606020003,41,20:30,21:00,班,on_duty
US00008,2026-06-09,US202606020003,42,21:00,21:30,班,on_duty
US00008,2026-06-10,US202505130005,18,09:00,09:30,班,on_duty
US00008,2026-06-10,US202505130005,19,09:30,10:00,班,on_duty
US00008,2026-06-10,US202505130005,20,10:00,10:30,班,on_duty
US00008,2026-06-10,US202505130005,21,10:30,11:00,班,on_duty
US00008,2026-06-10,US202505130005,22,11:00,11:30,班,on_duty
US00008,2026-06-10,US202505130005,23,11:30,12:00,班,on_duty
US00008,2026-06-10,US202505130005,24,12:00,12:30,休,rest
US00008,2026-06-10,US202505130005,25,12:30,13:00,班,on_duty
US00008,2026-06-10,US202505130005,26,13:00,13:30,班,on_duty
US00008,2026-06-10,US202505130005,27,13:30,14:00,班,on_duty
US00008,2026-06-10,US202505130005,28,14:00,14:30,班,on_duty
US00008,2026-06-10,US202505130005,29,14:30,15:00,班,on_duty
US00008,2026-06-10,US202505130005,30,15:00,15:30,班,on_duty
US00008,2026-06-10,US202505130005,31,15:30,16:00,班,on_duty
US00008,2026-06-10,US202505130005,32,16:00,16:30,班,on_duty
US00008,2026-06-10,US202505130005,33,16:30,17:00,班,on_duty
US00008,2026-06-10,US202505130005,34,17:00,17:30,班,on_duty
US00008,2026-06-10,US202507280003,12,06:00,06:30,班,on_duty
US00008,2026-06-10,US202507280003,13,06:30,07:00,班,on_duty
US00008,2026-06-10,US202507280003,14,07:00,07:30,班,on_duty
US00008,2026-06-10,US202507280003,15,07:30,08:00,班,on_duty
US00008,2026-06-10,US202507280003,16,08:00,08:30,班,on_duty
US00008,2026-06-10,US202507280003,17,08:30,09:00,班,on_duty
US00008,2026-06-10,US202507280003,18,09:00,09:30,休,rest
US00008,2026-06-10,US202507280003,19,09:30,10:00,休,rest
US00008,2026-06-10,US202507280003,20,10:00,10:30,班,on_duty
US00008,2026-06-10,US202507280003,21,10:30,11:00,班,on_duty
US00008,2026-06-10,US202507280003,22,11:00,11:30,班,on_duty
US00008,2026-06-10,US202507280003,23,11:30,12:00,班,on_duty
US00008,2026-06-10,US202507280003,24,12:00,12:30,班,on_duty
US00008,2026-06-10,US202507280003,25,12:30,13:00,班,on_duty
US00008,2026-06-10,US202507280003,26,13:00,13:30,班,on_duty
US00008,2026-06-10,US202507280003,27,13:30,14:00,班,on_duty
US00008,2026-06-10,US202507280003,28,14:00,14:30,班,on_duty
US00008,2026-06-10,US202508050003,19,09:30,10:00,训,training
US00008,2026-06-10,US202508050003,20,10:00,10:30,训,training
US00008,2026-06-10,US202508050003,21,10:30,11:00,训,training
US00008,2026-06-10,US202508050003,22,11:00,11:30,休,rest
US00008,2026-06-10,US202508050003,23,11:30,12:00,休,rest
US00008,2026-06-10,US202508050003,24,12:00,12:30,训,training
US00008,2026-06-10,US202508050003,25,12:30,13:00,训,training
US00008,2026-06-10,US202508050003,26,13:00,13:30,训,training
US00008,2026-06-10,US202508050003,27,13:30,14:00,训,training
US00008,2026-06-10,US202508050003,28,14:00,14:30,训,training
US00008,2026-06-10,US202508050003,29,14:30,15:00,训,training
US00008,2026-06-10,US202508050003,30,15:00,15:30,训,training
US00008,2026-06-10,US202508050003,31,15:30,16:00,训,training
US00008,2026-06-10,US202508050003,32,16:00,16:30,训,training
US00008,2026-06-10,US202509230011,27,13:30,14:00,班,on_duty
US00008,2026-06-10,US202509230011,28,14:00,14:30,班,on_duty
US00008,2026-06-10,US202509230011,29,14:30,15:00,班,on_duty
US00008,2026-06-10,US202509230011,30,15:00,15:30,班,on_duty
US00008,2026-06-10,US202509230011,31,15:30,16:00,班,on_duty
US00008,2026-06-10,US202509230011,32,16:00,16:30,班,on_duty
US00008,2026-06-10,US202509230011,33,16:30,17:00,休,rest
US00008,2026-06-10,US202509230011,34,17:00,17:30,休,rest
US00008,2026-06-10,US202509230011,35,17:30,18:00,班,on_duty
US00008,2026-06-10,US202509230011,36,18:00,18:30,班,on_duty
US00008,2026-06-10,US202509230011,37,18:30,19:00,班,on_duty
US00008,2026-06-10,US202509230011,38,19:00,19:30,班,on_duty
US00008,2026-06-10,US202509230011,39,19:30,20:00,班,on_duty
US00008,2026-06-10,US202509230011,40,20:00,20:30,班,on_duty
US00008,2026-06-10,US202509230011,41,20:30,21:00,班,on_duty
US00008,2026-06-10,US202509230011,42,21:00,21:30,班,on_duty
US00008,2026-06-10,US202510210005,27,13:30,14:00,班,on_duty
US00008,2026-06-10,US202510210005,28,14:00,14:30,班,on_duty
US00008,2026-06-10,US202510210005,29,14:30,15:00,班,on_duty
US00008,2026-06-10,US202510210005,30,15:00,15:30,班,on_duty
US00008,2026-06-10,US202510210005,31,15:30,16:00,班,on_duty
US00008,2026-06-10,US202510210005,32,16:00,16:30,班,on_duty
US00008,2026-06-10,US202510210005,33,16:30,17:00,休,rest
US00008,2026-06-10,US202510210005,34,17:00,17:30,休,rest
US00008,2026-06-10,US202510210005,35,17:30,18:00,班,on_duty
US00008,2026-06-10,US202510210005,36,18:00,18:30,班,on_duty
US00008,2026-06-10,US202510210005,37,18:30,19:00,班,on_duty
US00008,2026-06-10,US202510210005,38,19:00,19:30,班,on_duty
US00008,2026-06-10,US202510210005,39,19:30,20:00,班,on_duty
US00008,2026-06-10,US202510210005,40,20:00,20:30,班,on_duty
US00008,2026-06-10,US202510210005,41,20:30,21:00,班,on_duty
US00008,2026-06-10,US202510210005,42,21:00,21:30,班,on_duty
US00008,2026-06-10,US202512290004,19,09:30,10:00,训,training
US00008,2026-06-10,US202512290004,20,10:00,10:30,训,training
US00008,2026-06-10,US202512290004,21,10:30,11:00,训,training
US00008,2026-06-10,US202512290004,22,11:00,11:30,休,rest
US00008,2026-06-10,US202512290004,23,11:30,12:00,休,rest
US00008,2026-06-10,US202512290004,24,12:00,12:30,训,training
US00008,2026-06-10,US202512290004,25,12:30,13:00,训,training
US00008,2026-06-10,US202512290004,26,13:00,13:30,训,training
US00008,2026-06-10,US202512290004,27,13:30,14:00,训,training
US00008,2026-06-10,US202512290004,28,14:00,14:30,训,training
US00008,2026-06-10,US202512290004,29,14:30,15:00,训,training
US00008,2026-06-10,US202512290004,30,15:00,15:30,训,training
US00008,2026-06-10,US202512290004,31,15:30,16:00,训,training
US00008,2026-06-10,US202512290004,32,16:00,16:30,训,training
US00008,2026-06-10,US202603170007,12,06:00,06:30,班,on_duty
US00008,2026-06-10,US202603170007,13,06:30,07:00,班,on_duty
US00008,2026-06-10,US202603170007,14,07:00,07:30,班,on_duty
US00008,2026-06-10,US202603170007,15,07:30,08:00,班,on_duty
US00008,2026-06-10,US202603170007,16,08:00,08:30,班,on_duty
US00008,2026-06-10,US202603170007,17,08:30,09:00,班,on_duty
US00008,2026-06-10,US202603170007,18,09:00,09:30,休,rest
US00008,2026-06-10,US202603170007,19,09:30,10:00,休,rest
US00008,2026-06-10,US202603170007,20,10:00,10:30,班,on_duty
US00008,2026-06-10,US202603170007,21,10:30,11:00,班,on_duty
US00008,2026-06-10,US202603170007,22,11:00,11:30,班,on_duty
US00008,2026-06-10,US202603170007,23,11:30,12:00,班,on_duty
US00008,2026-06-10,US202603170007,24,12:00,12:30,班,on_duty
US00008,2026-06-10,US202603170007,25,12:30,13:00,班,on_duty
US00008,2026-06-10,US202603170007,26,13:00,13:30,班,on_duty
US00008,2026-06-10,US202603170007,27,13:30,14:00,班,on_duty
US00008,2026-06-10,US202603170007,28,14:00,14:30,班,on_duty
US00008,2026-06-10,US202603260007,12,06:00,06:30,班,on_duty
US00008,2026-06-10,US202603260007,13,06:30,07:00,班,on_duty
US00008,2026-06-10,US202603260007,14,07:00,07:30,班,on_duty
US00008,2026-06-10,US202603260007,15,07:30,08:00,班,on_duty
US00008,2026-06-10,US202603260007,16,08:00,08:30,班,on_duty
US00008,2026-06-10,US202603260007,17,08:30,09:00,班,on_duty
US00008,2026-06-10,US202603260007,18,09:00,09:30,班,on_duty
US00008,2026-06-10,US202603260007,19,09:30,10:00,休,rest
US00008,2026-06-10,US202603260007,20,10:00,10:30,休,rest
US00008,2026-06-10,US202603260007,21,10:30,11:00,班,on_duty
US00008,2026-06-10,US202603260007,22,11:00,11:30,班,on_duty
US00008,2026-06-10,US202603260007,23,11:30,12:00,班,on_duty
US00008,2026-06-10,US202603260007,24,12:00,12:30,班,on_duty
US00008,2026-06-10,US202603260007,25,12:30,13:00,班,on_duty
US00008,2026-06-10,US202603260007,26,13:00,13:30,班,on_duty
US00008,2026-06-10,US202603260007,27,13:30,14:00,班,on_duty
US00008,2026-06-10,US202603260007,28,14:00,14:30,班,on_duty
US00008,2026-06-10,US202604020006,27,13:30,14:00,班,on_duty
US00008,2026-06-10,US202604020006,28,14:00,14:30,班,on_duty
US00008,2026-06-10,US202604020006,29,14:30,15:00,班,on_duty
US00008,2026-06-10,US202604020006,30,15:00,15:30,班,on_duty
US00008,2026-06-10,US202604020006,31,15:30,16:00,班,on_duty
US00008,2026-06-10,US202604020006,32,16:00,16:30,班,on_duty
US00008,2026-06-10,US202604020006,33,16:30,17:00,班,on_duty
US00008,2026-06-10,US202604020006,34,17:00,17:30,休,rest
US00008,2026-06-10,US202604020006,35,17:30,18:00,休,rest
US00008,2026-06-10,US202604020006,36,18:00,18:30,班,on_duty
US00008,2026-06-10,US202604020006,37,18:30,19:00,班,on_duty
US00008,2026-06-10,US202604020006,38,19:00,19:30,班,on_duty
US00008,2026-06-10,US202604020006,39,19:30,20:00,班,on_duty
US00008,2026-06-10,US202604020006,40,20:00,20:30,班,on_duty
US00008,2026-06-10,US202604020006,41,20:30,21:00,班,on_duty
US00008,2026-06-10,US202604020006,42,21:00,21:30,班,on_duty
US00008,2026-06-10,US202605120006,12,06:00,06:30,班,on_duty
US00008,2026-06-10,US202605120006,13,06:30,07:00,班,on_duty
US00008,2026-06-10,US202605120006,14,07:00,07:30,班,on_duty
US00008,2026-06-10,US202605120006,15,07:30,08:00,班,on_duty
US00008,2026-06-10,US202605120006,16,08:00,08:30,班,on_duty
US00008,2026-06-10,US202605120006,17,08:30,09:00,班,on_duty
US00008,2026-06-10,US202605120006,18,09:00,09:30,班,on_duty
US00008,2026-06-10,US202605120006,19,09:30,10:00,休,rest
US00008,2026-06-10,US202605120006,20,10:00,10:30,休,rest
US00008,2026-06-10,US202605120006,21,10:30,11:00,班,on_duty
US00008,2026-06-10,US202605120006,22,11:00,11:30,班,on_duty
US00008,2026-06-10,US202605120006,23,11:30,12:00,班,on_duty
US00008,2026-06-10,US202605120006,24,12:00,12:30,班,on_duty
US00008,2026-06-10,US202605120006,25,12:30,13:00,班,on_duty
US00008,2026-06-10,US202605120006,26,13:00,13:30,班,on_duty
US00008,2026-06-10,US202605120006,27,13:30,14:00,班,on_duty
US00008,2026-06-10,US202605120006,28,14:00,14:30,班,on_duty
US00008,2026-06-10,US202606020003,27,13:30,14:00,班,on_duty
US00008,2026-06-10,US202606020003,28,14:00,14:30,班,on_duty
US00008,2026-06-10,US202606020003,29,14:30,15:00,班,on_duty
US00008,2026-06-10,US202606020003,30,15:00,15:30,班,on_duty
US00008,2026-06-10,US202606020003,31,15:30,16:00,班,on_duty
US00008,2026-06-10,US202606020003,32,16:00,16:30,班,on_duty
US00008,2026-06-10,US202606020003,33,16:30,17:00,班,on_duty
US00008,2026-06-10,US202606020003,34,17:00,17:30,休,rest
US00008,2026-06-10,US202606020003,35,17:30,18:00,休,rest
US00008,2026-06-10,US202606020003,36,18:00,18:30,班,on_duty
US00008,2026-06-10,US202606020003,37,18:30,19:00,班,on_duty
US00008,2026-06-10,US202606020003,38,19:00,19:30,班,on_duty
US00008,2026-06-10,US202606020003,39,19:30,20:00,班,on_duty
US00008,2026-06-10,US202606020003,40,20:00,20:30,班,on_duty
US00008,2026-06-10,US202606020003,41,20:30,21:00,班,on_duty
US00008,2026-06-10,US202606020003,42,21:00,21:30,班,on_duty
US00008,2026-06-11,US202505130005,18,09:00,09:30,班,on_duty
US00008,2026-06-11,US202505130005,19,09:30,10:00,班,on_duty
US00008,2026-06-11,US202505130005,20,10:00,10:30,班,on_duty
US00008,2026-06-11,US202505130005,21,10:30,11:00,班,on_duty
US00008,2026-06-11,US202505130005,22,11:00,11:30,班,on_duty
US00008,2026-06-11,US202505130005,23,11:30,12:00,班,on_duty
US00008,2026-06-11,US202505130005,24,12:00,12:30,休,rest
US00008,2026-06-11,US202505130005,25,12:30,13:00,班,on_duty
US00008,2026-06-11,US202505130005,26,13:00,13:30,班,on_duty
US00008,2026-06-11,US202505130005,27,13:30,14:00,班,on_duty
US00008,2026-06-11,US202505130005,28,14:00,14:30,班,on_duty
US00008,2026-06-11,US202505130005,29,14:30,15:00,班,on_duty
US00008,2026-06-11,US202505130005,30,15:00,15:30,班,on_duty
US00008,2026-06-11,US202505130005,31,15:30,16:00,班,on_duty
US00008,2026-06-11,US202505130005,32,16:00,16:30,班,on_duty
US00008,2026-06-11,US202505130005,33,16:30,17:00,班,on_duty
US00008,2026-06-11,US202505130005,34,17:00,17:30,班,on_duty
US00008,2026-06-11,US202507280003,27,13:30,14:00,班,on_duty
US00008,2026-06-11,US202507280003,28,14:00,14:30,班,on_duty
US00008,2026-06-11,US202507280003,29,14:30,15:00,班,on_duty
US00008,2026-06-11,US202507280003,30,15:00,15:30,班,on_duty
US00008,2026-06-11,US202507280003,31,15:30,16:00,班,on_duty
US00008,2026-06-11,US202507280003,32,16:00,16:30,班,on_duty
US00008,2026-06-11,US202507280003,33,16:30,17:00,班,on_duty
US00008,2026-06-11,US202507280003,34,17:00,17:30,班,on_duty
US00008,2026-06-11,US202507280003,35,17:30,18:00,休,rest
US00008,2026-06-11,US202507280003,36,18:00,18:30,休,rest
US00008,2026-06-11,US202507280003,37,18:30,19:00,班,on_duty
US00008,2026-06-11,US202507280003,38,19:00,19:30,班,on_duty
US00008,2026-06-11,US202507280003,39,19:30,20:00,班,on_duty
US00008,2026-06-11,US202507280003,40,20:00,20:30,班,on_duty
US00008,2026-06-11,US202507280003,41,20:30,21:00,班,on_duty
US00008,2026-06-11,US202507280003,42,21:00,21:30,班,on_duty
US00008,2026-06-11,US202508050003,12,06:00,06:30,班,on_duty
US00008,2026-06-11,US202508050003,13,06:30,07:00,班,on_duty
US00008,2026-06-11,US202508050003,14,07:00,07:30,班,on_duty
US00008,2026-06-11,US202508050003,15,07:30,08:00,班,on_duty
US00008,2026-06-11,US202508050003,16,08:00,08:30,班,on_duty
US00008,2026-06-11,US202508050003,17,08:30,09:00,班,on_duty
US00008,2026-06-11,US202508050003,18,09:00,09:30,班,on_duty
US00008,2026-06-11,US202508050003,19,09:30,10:00,班,on_duty
US00008,2026-06-11,US202508050003,20,10:00,10:30,休,rest
US00008,2026-06-11,US202508050003,21,10:30,11:00,休,rest
US00008,2026-06-11,US202508050003,22,11:00,11:30,班,on_duty
US00008,2026-06-11,US202508050003,23,11:30,12:00,班,on_duty
US00008,2026-06-11,US202508050003,24,12:00,12:30,班,on_duty
US00008,2026-06-11,US202508050003,25,12:30,13:00,班,on_duty
US00008,2026-06-11,US202508050003,26,13:00,13:30,班,on_duty
US00008,2026-06-11,US202508050003,27,13:30,14:00,班,on_duty
US00008,2026-06-11,US202508050003,28,14:00,14:30,班,on_duty
US00008,2026-06-11,US202510210005,27,13:30,14:00,班,on_duty
US00008,2026-06-11,US202510210005,28,14:00,14:30,班,on_duty
US00008,2026-06-11,US202510210005,29,14:30,15:00,班,on_duty
US00008,2026-06-11,US202510210005,30,15:00,15:30,班,on_duty
US00008,2026-06-11,US202510210005,31,15:30,16:00,班,on_duty
US00008,2026-06-11,US202510210005,32,16:00,16:30,班,on_duty
US00008,2026-06-11,US202510210005,33,16:30,17:00,休,rest
US00008,2026-06-11,US202510210005,34,17:00,17:30,休,rest
US00008,2026-06-11,US202510210005,35,17:30,18:00,班,on_duty
US00008,2026-06-11,US202510210005,36,18:00,18:30,班,on_duty
US00008,2026-06-11,US202510210005,37,18:30,19:00,班,on_duty
US00008,2026-06-11,US202510210005,38,19:00,19:30,班,on_duty
US00008,2026-06-11,US202510210005,39,19:30,20:00,班,on_duty
US00008,2026-06-11,US202510210005,40,20:00,20:30,班,on_duty
US00008,2026-06-11,US202510210005,41,20:30,21:00,班,on_duty
US00008,2026-06-11,US202510210005,42,21:00,21:30,班,on_duty
US00008,2026-06-11,US202512290004,12,06:00,06:30,班,on_duty
US00008,2026-06-11,US202512290004,13,06:30,07:00,班,on_duty
US00008,2026-06-11,US202512290004,14,07:00,07:30,班,on_duty
US00008,2026-06-11,US202512290004,15,07:30,08:00,班,on_duty
US00008,2026-06-11,US202512290004,16,08:00,08:30,班,on_duty
US00008,2026-06-11,US202512290004,17,08:30,09:00,班,on_duty
US00008,2026-06-11,US202512290004,18,09:00,09:30,休,rest
US00008,2026-06-11,US202512290004,19,09:30,10:00,休,rest
US00008,2026-06-11,US202512290004,20,10:00,10:30,班,on_duty
US00008,2026-06-11,US202512290004,21,10:30,11:00,班,on_duty
US00008,2026-06-11,US202512290004,22,11:00,11:30,班,on_duty
US00008,2026-06-11,US202512290004,23,11:30,12:00,班,on_duty
US00008,2026-06-11,US202512290004,24,12:00,12:30,班,on_duty
US00008,2026-06-11,US202512290004,25,12:30,13:00,班,on_duty
US00008,2026-06-11,US202512290004,26,13:00,13:30,班,on_duty
US00008,2026-06-11,US202512290004,27,13:30,14:00,班,on_duty
US00008,2026-06-11,US202512290004,28,14:00,14:30,班,on_duty
US00008,2026-06-11,US202603260007,12,06:00,06:30,班,on_duty
US00008,2026-06-11,US202603260007,13,06:30,07:00,班,on_duty
US00008,2026-06-11,US202603260007,14,07:00,07:30,班,on_duty
US00008,2026-06-11,US202603260007,15,07:30,08:00,班,on_duty
US00008,2026-06-11,US202603260007,16,08:00,08:30,班,on_duty
US00008,2026-06-11,US202603260007,17,08:30,09:00,班,on_duty
US00008,2026-06-11,US202603260007,18,09:00,09:30,休,rest
US00008,2026-06-11,US202603260007,19,09:30,10:00,休,rest
US00008,2026-06-11,US202603260007,20,10:00,10:30,班,on_duty
US00008,2026-06-11,US202603260007,21,10:30,11:00,班,on_duty
US00008,2026-06-11,US202603260007,22,11:00,11:30,班,on_duty
US00008,2026-06-11,US202603260007,23,11:30,12:00,班,on_duty
US00008,2026-06-11,US202603260007,24,12:00,12:30,班,on_duty
US00008,2026-06-11,US202603260007,25,12:30,13:00,班,on_duty
US00008,2026-06-11,US202603260007,26,13:00,13:30,班,on_duty
US00008,2026-06-11,US202603260007,27,13:30,14:00,班,on_duty
US00008,2026-06-11,US202603260007,28,14:00,14:30,班,on_duty
US00008,2026-06-11,US202604020006,27,13:30,14:00,班,on_duty
US00008,2026-06-11,US202604020006,28,14:00,14:30,班,on_duty
US00008,2026-06-11,US202604020006,29,14:30,15:00,班,on_duty
US00008,2026-06-11,US202604020006,30,15:00,15:30,班,on_duty
US00008,2026-06-11,US202604020006,31,15:30,16:00,班,on_duty
US00008,2026-06-11,US202604020006,32,16:00,16:30,班,on_duty
US00008,2026-06-11,US202604020006,33,16:30,17:00,休,rest
US00008,2026-06-11,US202604020006,34,17:00,17:30,休,rest
US00008,2026-06-11,US202604020006,35,17:30,18:00,班,on_duty
US00008,2026-06-11,US202604020006,36,18:00,18:30,班,on_duty
US00008,2026-06-11,US202604020006,37,18:30,19:00,班,on_duty
US00008,2026-06-11,US202604020006,38,19:00,19:30,班,on_duty
US00008,2026-06-11,US202604020006,39,19:30,20:00,班,on_duty
US00008,2026-06-11,US202604020006,40,20:00,20:30,班,on_duty
US00008,2026-06-11,US202604020006,41,20:30,21:00,班,on_duty
US00008,2026-06-11,US202604020006,42,21:00,21:30,班,on_duty
US00008,2026-06-11,US202605120006,27,13:30,14:00,班,on_duty
US00008,2026-06-11,US202605120006,28,14:00,14:30,班,on_duty
US00008,2026-06-11,US202605120006,29,14:30,15:00,班,on_duty
US00008,2026-06-11,US202605120006,30,15:00,15:30,班,on_duty
US00008,2026-06-11,US202605120006,31,15:30,16:00,班,on_duty
US00008,2026-06-11,US202605120006,32,16:00,16:30,班,on_duty
US00008,2026-06-11,US202605120006,33,16:30,17:00,班,on_duty
US00008,2026-06-11,US202605120006,34,17:00,17:30,班,on_duty
US00008,2026-06-11,US202605120006,35,17:30,18:00,休,rest
US00008,2026-06-11,US202605120006,36,18:00,18:30,休,rest
US00008,2026-06-11,US202605120006,37,18:30,19:00,班,on_duty
US00008,2026-06-11,US202605120006,38,19:00,19:30,班,on_duty
US00008,2026-06-11,US202605120006,39,19:30,20:00,班,on_duty
US00008,2026-06-11,US202605120006,40,20:00,20:30,班,on_duty
US00008,2026-06-11,US202605120006,41,20:30,21:00,班,on_duty
US00008,2026-06-11,US202605120006,42,21:00,21:30,班,on_duty
US00008,2026-06-12,US202505130005,27,13:30,14:00,班,on_duty
US00008,2026-06-12,US202505130005,28,14:00,14:30,班,on_duty
US00008,2026-06-12,US202505130005,29,14:30,15:00,班,on_duty
US00008,2026-06-12,US202505130005,30,15:00,15:30,班,on_duty
US00008,2026-06-12,US202505130005,31,15:30,16:00,班,on_duty
US00008,2026-06-12,US202505130005,32,16:00,16:30,班,on_duty
US00008,2026-06-12,US202505130005,33,16:30,17:00,休,rest
US00008,2026-06-12,US202505130005,34,17:00,17:30,休,rest
US00008,2026-06-12,US202505130005,35,17:30,18:00,班,on_duty
US00008,2026-06-12,US202505130005,36,18:00,18:30,班,on_duty
US00008,2026-06-12,US202505130005,37,18:30,19:00,班,on_duty
US00008,2026-06-12,US202505130005,38,19:00,19:30,班,on_duty
US00008,2026-06-12,US202505130005,39,19:30,20:00,班,on_duty
US00008,2026-06-12,US202505130005,40,20:00,20:30,班,on_duty
US00008,2026-06-12,US202505130005,41,20:30,21:00,班,on_duty
US00008,2026-06-12,US202505130005,42,21:00,21:30,班,on_duty
US00008,2026-06-12,US202507280003,27,13:30,14:00,班,on_duty
US00008,2026-06-12,US202507280003,28,14:00,14:30,班,on_duty
US00008,2026-06-12,US202507280003,29,14:30,15:00,班,on_duty
US00008,2026-06-12,US202507280003,30,15:00,15:30,班,on_duty
US00008,2026-06-12,US202507280003,31,15:30,16:00,班,on_duty
US00008,2026-06-12,US202507280003,32,16:00,16:30,班,on_duty
US00008,2026-06-12,US202507280003,33,16:30,17:00,休,rest
US00008,2026-06-12,US202507280003,34,17:00,17:30,休,rest
US00008,2026-06-12,US202507280003,35,17:30,18:00,班,on_duty
US00008,2026-06-12,US202507280003,36,18:00,18:30,班,on_duty
US00008,2026-06-12,US202507280003,37,18:30,19:00,班,on_duty
US00008,2026-06-12,US202507280003,38,19:00,19:30,班,on_duty
US00008,2026-06-12,US202507280003,39,19:30,20:00,班,on_duty
US00008,2026-06-12,US202507280003,40,20:00,20:30,班,on_duty
US00008,2026-06-12,US202507280003,41,20:30,21:00,班,on_duty
US00008,2026-06-12,US202507280003,42,21:00,21:30,班,on_duty
US00008,2026-06-12,US202509230011,12,06:00,06:30,班,on_duty
US00008,2026-06-12,US202509230011,13,06:30,07:00,班,on_duty
US00008,2026-06-12,US202509230011,14,07:00,07:30,班,on_duty
US00008,2026-06-12,US202509230011,15,07:30,08:00,班,on_duty
US00008,2026-06-12,US202509230011,16,08:00,08:30,班,on_duty
US00008,2026-06-12,US202509230011,17,08:30,09:00,班,on_duty
US00008,2026-06-12,US202509230011,18,09:00,09:30,班,on_duty
US00008,2026-06-12,US202509230011,19,09:30,10:00,休,rest
US00008,2026-06-12,US202509230011,20,10:00,10:30,休,rest
US00008,2026-06-12,US202509230011,21,10:30,11:00,班,on_duty
US00008,2026-06-12,US202509230011,22,11:00,11:30,班,on_duty
US00008,2026-06-12,US202509230011,23,11:30,12:00,班,on_duty
US00008,2026-06-12,US202509230011,24,12:00,12:30,班,on_duty
US00008,2026-06-12,US202509230011,25,12:30,13:00,班,on_duty
US00008,2026-06-12,US202509230011,26,13:00,13:30,班,on_duty
US00008,2026-06-12,US202509230011,27,13:30,14:00,班,on_duty
US00008,2026-06-12,US202509230011,28,14:00,14:30,班,on_duty
US00008,2026-06-12,US202510210005,27,13:30,14:00,班,on_duty
US00008,2026-06-12,US202510210005,28,14:00,14:30,班,on_duty
US00008,2026-06-12,US202510210005,29,14:30,15:00,班,on_duty
US00008,2026-06-12,US202510210005,30,15:00,15:30,班,on_duty
US00008,2026-06-12,US202510210005,31,15:30,16:00,班,on_duty
US00008,2026-06-12,US202510210005,32,16:00,16:30,班,on_duty
US00008,2026-06-12,US202510210005,33,16:30,17:00,班,on_duty
US00008,2026-06-12,US202510210005,34,17:00,17:30,休,rest
US00008,2026-06-12,US202510210005,35,17:30,18:00,休,rest
US00008,2026-06-12,US202510210005,36,18:00,18:30,班,on_duty
US00008,2026-06-12,US202510210005,37,18:30,19:00,班,on_duty
US00008,2026-06-12,US202510210005,38,19:00,19:30,班,on_duty
US00008,2026-06-12,US202510210005,39,19:30,20:00,班,on_duty
US00008,2026-06-12,US202510210005,40,20:00,20:30,班,on_duty
US00008,2026-06-12,US202510210005,41,20:30,21:00,班,on_duty
US00008,2026-06-12,US202510210005,42,21:00,21:30,班,on_duty
US00008,2026-06-12,US202512290004,12,06:00,06:30,班,on_duty
US00008,2026-06-12,US202512290004,13,06:30,07:00,班,on_duty
US00008,2026-06-12,US202512290004,14,07:00,07:30,班,on_duty
US00008,2026-06-12,US202512290004,15,07:30,08:00,班,on_duty
US00008,2026-06-12,US202512290004,16,08:00,08:30,班,on_duty
US00008,2026-06-12,US202512290004,17,08:30,09:00,班,on_duty
US00008,2026-06-12,US202512290004,18,09:00,09:30,休,rest
US00008,2026-06-12,US202512290004,19,09:30,10:00,休,rest
US00008,2026-06-12,US202512290004,20,10:00,10:30,班,on_duty
US00008,2026-06-12,US202512290004,21,10:30,11:00,班,on_duty
US00008,2026-06-12,US202512290004,22,11:00,11:30,班,on_duty
US00008,2026-06-12,US202512290004,23,11:30,12:00,班,on_duty
US00008,2026-06-12,US202512290004,24,12:00,12:30,班,on_duty
US00008,2026-06-12,US202512290004,25,12:30,13:00,班,on_duty
US00008,2026-06-12,US202512290004,26,13:00,13:30,班,on_duty
US00008,2026-06-12,US202512290004,27,13:30,14:00,班,on_duty
US00008,2026-06-12,US202512290004,28,14:00,14:30,班,on_duty
US00008,2026-06-12,US202603170007,27,13:30,14:00,班,on_duty
US00008,2026-06-12,US202603170007,28,14:00,14:30,班,on_duty
US00008,2026-06-12,US202603170007,29,14:30,15:00,班,on_duty
US00008,2026-06-12,US202603170007,30,15:00,15:30,班,on_duty
US00008,2026-06-12,US202603170007,31,15:30,16:00,班,on_duty
US00008,2026-06-12,US202603170007,32,16:00,16:30,班,on_duty
US00008,2026-06-12,US202603170007,33,16:30,17:00,班,on_duty
US00008,2026-06-12,US202603170007,34,17:00,17:30,休,rest
US00008,2026-06-12,US202603170007,35,17:30,18:00,休,rest
US00008,2026-06-12,US202603170007,36,18:00,18:30,班,on_duty
US00008,2026-06-12,US202603170007,37,18:30,19:00,班,on_duty
US00008,2026-06-12,US202603170007,38,19:00,19:30,班,on_duty
US00008,2026-06-12,US202603170007,39,19:30,20:00,班,on_duty
US00008,2026-06-12,US202603170007,40,20:00,20:30,班,on_duty
US00008,2026-06-12,US202603170007,41,20:30,21:00,班,on_duty
US00008,2026-06-12,US202603170007,42,21:00,21:30,班,on_duty
US00008,2026-06-12,US202604020006,20,10:00,10:30,班,on_duty
US00008,2026-06-12,US202604020006,21,10:30,11:00,班,on_duty
US00008,2026-06-12,US202604020006,22,11:00,11:30,班,on_duty
US00008,2026-06-12,US202604020006,23,11:30,12:00,班,on_duty
US00008,2026-06-12,US202604020006,24,12:00,12:30,班,on_duty
US00008,2026-06-12,US202604020006,25,12:30,13:00,班,on_duty
US00008,2026-06-12,US202604020006,26,13:00,13:30,班,on_duty
US00008,2026-06-12,US202604020006,27,13:30,14:00,班,on_duty
US00008,2026-06-12,US202604020006,28,14:00,14:30,班,on_duty
US00008,2026-06-12,US202604020006,29,14:30,15:00,班,on_duty
US00008,2026-06-12,US202604020006,30,15:00,15:30,班,on_duty
US00008,2026-06-12,US202604020006,31,15:30,16:00,班,on_duty
US00008,2026-06-12,US202606020003,12,06:00,06:30,班,on_duty
US00008,2026-06-12,US202606020003,13,06:30,07:00,班,on_duty
US00008,2026-06-12,US202606020003,14,07:00,07:30,班,on_duty
US00008,2026-06-12,US202606020003,15,07:30,08:00,班,on_duty
US00008,2026-06-12,US202606020003,16,08:00,08:30,班,on_duty
US00008,2026-06-12,US202606020003,17,08:30,09:00,班,on_duty
US00008,2026-06-12,US202606020003,18,09:00,09:30,班,on_duty
US00008,2026-06-12,US202606020003,19,09:30,10:00,班,on_duty
US00008,2026-06-12,US202606020003,20,10:00,10:30,休,rest
US00008,2026-06-12,US202606020003,21,10:30,11:00,休,rest
US00008,2026-06-12,US202606020003,22,11:00,11:30,班,on_duty
US00008,2026-06-12,US202606020003,23,11:30,12:00,班,on_duty
US00008,2026-06-12,US202606020003,24,12:00,12:30,班,on_duty
US00008,2026-06-12,US202606020003,25,12:30,13:00,班,on_duty
US00008,2026-06-12,US202606020003,26,13:00,13:30,班,on_duty
US00008,2026-06-12,US202606020003,27,13:30,14:00,班,on_duty
US00008,2026-06-12,US202606020003,28,14:00,14:30,班,on_duty
US00008,2026-06-13,US202510070003,12,06:00,06:30,班,on_duty
US00008,2026-06-13,US202510070003,13,06:30,07:00,班,on_duty
US00008,2026-06-13,US202510070003,14,07:00,07:30,班,on_duty
US00008,2026-06-13,US202510070003,15,07:30,08:00,班,on_duty
US00008,2026-06-13,US202510070003,16,08:00,08:30,班,on_duty
US00008,2026-06-13,US202510070003,17,08:30,09:00,班,on_duty
US00008,2026-06-13,US202510070003,18,09:00,09:30,休,rest
US00008,2026-06-13,US202510070003,19,09:30,10:00,休,rest
US00008,2026-06-13,US202510070003,20,10:00,10:30,班,on_duty
US00008,2026-06-13,US202510070003,21,10:30,11:00,班,on_duty
US00008,2026-06-13,US202510070003,22,11:00,11:30,班,on_duty
US00008,2026-06-13,US202510070003,23,11:30,12:00,班,on_duty
US00008,2026-06-13,US202510070003,24,12:00,12:30,班,on_duty
US00008,2026-06-13,US202510070003,25,12:30,13:00,班,on_duty
US00008,2026-06-13,US202510070003,26,13:00,13:30,班,on_duty
US00008,2026-06-13,US202512290004,12,06:00,06:30,班,on_duty
US00008,2026-06-13,US202512290004,13,06:30,07:00,班,on_duty
US00008,2026-06-13,US202512290004,14,07:00,07:30,班,on_duty
US00008,2026-06-13,US202512290004,15,07:30,08:00,班,on_duty
US00008,2026-06-13,US202512290004,16,08:00,08:30,班,on_duty
US00008,2026-06-13,US202512290004,17,08:30,09:00,班,on_duty
US00008,2026-06-13,US202512290004,18,09:00,09:30,班,on_duty
US00008,2026-06-13,US202512290004,19,09:30,10:00,班,on_duty
US00008,2026-06-13,US202512290004,20,10:00,10:30,休,rest
US00008,2026-06-13,US202512290004,21,10:30,11:00,休,rest
US00008,2026-06-13,US202512290004,22,11:00,11:30,班,on_duty
US00008,2026-06-13,US202512290004,23,11:30,12:00,班,on_duty
US00008,2026-06-13,US202512290004,24,12:00,12:30,班,on_duty
US00008,2026-06-13,US202512290004,25,12:30,13:00,班,on_duty
US00008,2026-06-13,US202512290004,26,13:00,13:30,班,on_duty
US00008,2026-06-13,US202512290004,27,13:30,14:00,班,on_duty
US00008,2026-06-13,US202512290004,28,14:00,14:30,班,on_duty
US00008,2026-06-13,US202601130011,25,12:30,13:00,班,on_duty
US00008,2026-06-13,US202601130011,26,13:00,13:30,班,on_duty
US00008,2026-06-13,US202601130011,27,13:30,14:00,休,rest
US00008,2026-06-13,US202601130011,28,14:00,14:30,班,on_duty
US00008,2026-06-13,US202601130011,29,14:30,15:00,班,on_duty
US00008,2026-06-13,US202601130011,30,15:00,15:30,班,on_duty
US00008,2026-06-13,US202601130011,31,15:30,16:00,班,on_duty
US00008,2026-06-13,US202601130011,32,16:00,16:30,班,on_duty
US00008,2026-06-13,US202601130011,33,16:30,17:00,班,on_duty
US00008,2026-06-13,US202601130011,34,17:00,17:30,班,on_duty
US00008,2026-06-13,US202601130011,35,17:30,18:00,班,on_duty
US00008,2026-06-13,US202601130011,36,18:00,18:30,班,on_duty
US00008,2026-06-13,US202601130011,37,18:30,19:00,班,on_duty
US00008,2026-06-13,US202601130011,38,19:00,19:30,班,on_duty
US00008,2026-06-13,US202601130011,39,19:30,20:00,班,on_duty
US00008,2026-06-13,US202603170007,25,12:30,13:00,班,on_duty
US00008,2026-06-13,US202603170007,26,13:00,13:30,班,on_duty
US00008,2026-06-13,US202603170007,27,13:30,14:00,休,rest
US00008,2026-06-13,US202603170007,28,14:00,14:30,班,on_duty
US00008,2026-06-13,US202603170007,29,14:30,15:00,班,on_duty
US00008,2026-06-13,US202603170007,30,15:00,15:30,班,on_duty
US00008,2026-06-13,US202603170007,31,15:30,16:00,班,on_duty
US00008,2026-06-13,US202603170007,32,16:00,16:30,班,on_duty
US00008,2026-06-13,US202603170007,33,16:30,17:00,班,on_duty
US00008,2026-06-13,US202603170007,34,17:00,17:30,班,on_duty
US00008,2026-06-13,US202603170007,35,17:30,18:00,班,on_duty
US00008,2026-06-13,US202603170007,36,18:00,18:30,班,on_duty
US00008,2026-06-13,US202603170007,37,18:30,19:00,班,on_duty
US00008,2026-06-13,US202603170007,38,19:00,19:30,班,on_duty
US00008,2026-06-13,US202603170007,39,19:30,20:00,班,on_duty
US00008,2026-06-13,US202603260007,12,06:00,06:30,班,on_duty
US00008,2026-06-13,US202603260007,13,06:30,07:00,班,on_duty
US00008,2026-06-13,US202603260007,14,07:00,07:30,班,on_duty
US00008,2026-06-13,US202603260007,15,07:30,08:00,班,on_duty
US00008,2026-06-13,US202603260007,16,08:00,08:30,班,on_duty
US00008,2026-06-13,US202603260007,17,08:30,09:00,休,rest
US00008,2026-06-13,US202603260007,18,09:00,09:30,休,rest
US00008,2026-06-13,US202603260007,19,09:30,10:00,休,rest
US00008,2026-06-13,US202603260007,20,10:00,10:30,班,on_duty
US00008,2026-06-13,US202603260007,21,10:30,11:00,班,on_duty
US00008,2026-06-13,US202603260007,22,11:00,11:30,班,on_duty
US00008,2026-06-13,US202603260007,23,11:30,12:00,班,on_duty
US00008,2026-06-13,US202603260007,24,12:00,12:30,班,on_duty
US00008,2026-06-13,US202603260007,25,12:30,13:00,班,on_duty
US00008,2026-06-13,US202603260007,26,13:00,13:30,班,on_duty
US00008,2026-06-13,US202603260007,27,13:30,14:00,班,on_duty
US00008,2026-06-13,US202603260007,28,14:00,14:30,班,on_duty
US00008,2026-06-13,US202605120006,25,12:30,13:00,班,on_duty
US00008,2026-06-13,US202605120006,26,13:00,13:30,班,on_duty
US00008,2026-06-13,US202605120006,27,13:30,14:00,休,rest
US00008,2026-06-13,US202605120006,28,14:00,14:30,班,on_duty
US00008,2026-06-13,US202605120006,29,14:30,15:00,班,on_duty
US00008,2026-06-13,US202605120006,30,15:00,15:30,班,on_duty
US00008,2026-06-13,US202605120006,31,15:30,16:00,班,on_duty
US00008,2026-06-13,US202605120006,32,16:00,16:30,班,on_duty
US00008,2026-06-13,US202605120006,33,16:30,17:00,班,on_duty
US00008,2026-06-13,US202605120006,34,17:00,17:30,班,on_duty
US00008,2026-06-13,US202605120006,35,17:30,18:00,班,on_duty
US00008,2026-06-13,US202605120006,36,18:00,18:30,班,on_duty
US00008,2026-06-13,US202605120006,37,18:30,19:00,班,on_duty
US00008,2026-06-13,US202605120006,38,19:00,19:30,班,on_duty
US00008,2026-06-13,US202605120006,39,19:30,20:00,班,on_duty
US00008,2026-06-13,US202606020003,12,06:00,06:30,班,on_duty
US00008,2026-06-13,US202606020003,13,06:30,07:00,班,on_duty
US00008,2026-06-13,US202606020003,14,07:00,07:30,班,on_duty
US00008,2026-06-13,US202606020003,15,07:30,08:00,班,on_duty
US00008,2026-06-13,US202606020003,16,08:00,08:30,班,on_duty
US00008,2026-06-13,US202606020003,17,08:30,09:00,班,on_duty
US00008,2026-06-13,US202606020003,18,09:00,09:30,班,on_duty
US00008,2026-06-13,US202606020003,19,09:30,10:00,班,on_duty
US00008,2026-06-13,US202606020003,20,10:00,10:30,休,rest
US00008,2026-06-13,US202606020003,21,10:30,11:00,休,rest
US00008,2026-06-13,US202606020003,22,11:00,11:30,班,on_duty
US00008,2026-06-13,US202606020003,23,11:30,12:00,班,on_duty
US00008,2026-06-13,US202606020003,24,12:00,12:30,班,on_duty
US00008,2026-06-13,US202606020003,25,12:30,13:00,班,on_duty
US00008,2026-06-13,US202606020003,26,13:00,13:30,班,on_duty
US00008,2026-06-13,US202606020003,27,13:30,14:00,班,on_duty
US00008,2026-06-13,US202606020003,28,14:00,14:30,班,on_duty
US00008,2026-06-14,US202508050003,12,06:00,06:30,班,on_duty
US00008,2026-06-14,US202508050003,13,06:30,07:00,班,on_duty
US00008,2026-06-14,US202508050003,14,07:00,07:30,班,on_duty
US00008,2026-06-14,US202508050003,15,07:30,08:00,班,on_duty
US00008,2026-06-14,US202508050003,16,08:00,08:30,班,on_duty
US00008,2026-06-14,US202508050003,17,08:30,09:00,班,on_duty
US00008,2026-06-14,US202508050003,18,09:00,09:30,休,rest
US00008,2026-06-14,US202508050003,19,09:30,10:00,休,rest
US00008,2026-06-14,US202508050003,20,10:00,10:30,班,on_duty
US00008,2026-06-14,US202508050003,21,10:30,11:00,班,on_duty
US00008,2026-06-14,US202508050003,22,11:00,11:30,班,on_duty
US00008,2026-06-14,US202508050003,23,11:30,12:00,班,on_duty
US00008,2026-06-14,US202508050003,24,12:00,12:30,班,on_duty
US00008,2026-06-14,US202508050003,25,12:30,13:00,班,on_duty
US00008,2026-06-14,US202508050003,26,13:00,13:30,班,on_duty
US00008,2026-06-14,US202508050003,27,13:30,14:00,班,on_duty
US00008,2026-06-14,US202508050003,28,14:00,14:30,班,on_duty
US00008,2026-06-14,US202510070003,12,06:00,06:30,班,on_duty
US00008,2026-06-14,US202510070003,13,06:30,07:00,班,on_duty
US00008,2026-06-14,US202510070003,14,07:00,07:30,班,on_duty
US00008,2026-06-14,US202510070003,15,07:30,08:00,班,on_duty
US00008,2026-06-14,US202510070003,16,08:00,08:30,班,on_duty
US00008,2026-06-14,US202510070003,17,08:30,09:00,休,rest
US00008,2026-06-14,US202510070003,18,09:00,09:30,休,rest
US00008,2026-06-14,US202510070003,19,09:30,10:00,班,on_duty
US00008,2026-06-14,US202510070003,20,10:00,10:30,班,on_duty
US00008,2026-06-14,US202510070003,21,10:30,11:00,班,on_duty
US00008,2026-06-14,US202510070003,22,11:00,11:30,班,on_duty
US00008,2026-06-14,US202510070003,23,11:30,12:00,班,on_duty
US00008,2026-06-14,US202510070003,24,12:00,12:30,班,on_duty
US00008,2026-06-14,US202510070003,25,12:30,13:00,班,on_duty
US00008,2026-06-14,US202510070003,26,13:00,13:30,班,on_duty
US00008,2026-06-14,US202510210005,25,12:30,13:00,班,on_duty
US00008,2026-06-14,US202510210005,26,13:00,13:30,班,on_duty
US00008,2026-06-14,US202510210005,27,13:30,14:00,休,rest
US00008,2026-06-14,US202510210005,28,14:00,14:30,班,on_duty
US00008,2026-06-14,US202510210005,29,14:30,15:00,班,on_duty
US00008,2026-06-14,US202510210005,30,15:00,15:30,班,on_duty
US00008,2026-06-14,US202510210005,31,15:30,16:00,班,on_duty
US00008,2026-06-14,US202510210005,32,16:00,16:30,班,on_duty
US00008,2026-06-14,US202510210005,33,16:30,17:00,班,on_duty
US00008,2026-06-14,US202510210005,34,17:00,17:30,班,on_duty
US00008,2026-06-14,US202510210005,35,17:30,18:00,班,on_duty
US00008,2026-06-14,US202510210005,36,18:00,18:30,班,on_duty
US00008,2026-06-14,US202510210005,37,18:30,19:00,班,on_duty
US00008,2026-06-14,US202510210005,38,19:00,19:30,班,on_duty
US00008,2026-06-14,US202510210005,39,19:30,20:00,班,on_duty
US00008,2026-06-14,US202601130011,25,12:30,13:00,班,on_duty
US00008,2026-06-14,US202601130011,26,13:00,13:30,班,on_duty
US00008,2026-06-14,US202601130011,27,13:30,14:00,休,rest
US00008,2026-06-14,US202601130011,28,14:00,14:30,班,on_duty
US00008,2026-06-14,US202601130011,29,14:30,15:00,班,on_duty
US00008,2026-06-14,US202601130011,30,15:00,15:30,班,on_duty
US00008,2026-06-14,US202601130011,31,15:30,16:00,班,on_duty
US00008,2026-06-14,US202601130011,32,16:00,16:30,班,on_duty
US00008,2026-06-14,US202601130011,33,16:30,17:00,班,on_duty
US00008,2026-06-14,US202601130011,34,17:00,17:30,班,on_duty
US00008,2026-06-14,US202601130011,35,17:30,18:00,班,on_duty
US00008,2026-06-14,US202601130011,36,18:00,18:30,班,on_duty
US00008,2026-06-14,US202601130011,37,18:30,19:00,班,on_duty
US00008,2026-06-14,US202601130011,38,19:00,19:30,班,on_duty
US00008,2026-06-14,US202601130011,39,19:30,20:00,班,on_duty
US00008,2026-06-14,US202603260007,25,12:30,13:00,班,on_duty
US00008,2026-06-14,US202603260007,26,13:00,13:30,班,on_duty
US00008,2026-06-14,US202603260007,27,13:30,14:00,休,rest
US00008,2026-06-14,US202603260007,28,14:00,14:30,班,on_duty
US00008,2026-06-14,US202603260007,29,14:30,15:00,班,on_duty
US00008,2026-06-14,US202603260007,30,15:00,15:30,班,on_duty
US00008,2026-06-14,US202603260007,31,15:30,16:00,班,on_duty
US00008,2026-06-14,US202603260007,32,16:00,16:30,班,on_duty
US00008,2026-06-14,US202603260007,33,16:30,17:00,班,on_duty
US00008,2026-06-14,US202603260007,34,17:00,17:30,班,on_duty
US00008,2026-06-14,US202603260007,35,17:30,18:00,班,on_duty
US00008,2026-06-14,US202603260007,36,18:00,18:30,班,on_duty
US00008,2026-06-14,US202603260007,37,18:30,19:00,班,on_duty
US00008,2026-06-14,US202603260007,38,19:00,19:30,班,on_duty
US00008,2026-06-14,US202603260007,39,19:30,20:00,班,on_duty
US00007,2026-06-08,US202507090003,22,11:00,11:30,班,on_duty
US00007,2026-06-08,US202507090003,23,11:30,12:00,班,on_duty
US00007,2026-06-08,US202507090003,24,12:00,12:30,班,on_duty
US00007,2026-06-08,US202507090003,25,12:30,13:00,班,on_duty
US00007,2026-06-08,US202507090003,26,13:00,13:30,班,on_duty
US00007,2026-06-08,US202507090003,27,13:30,14:00,班,on_duty
US00007,2026-06-08,US202507090003,28,14:00,14:30,休,rest
US00007,2026-06-08,US202507090003,29,14:30,15:00,班,on_duty
US00007,2026-06-08,US202507090003,30,15:00,15:30,班,on_duty
US00007,2026-06-08,US202507090003,31,15:30,16:00,班,on_duty
US00007,2026-06-08,US202507090003,32,16:00,16:30,班,on_duty
US00007,2026-06-08,US202507090003,33,16:30,17:00,班,on_duty
US00007,2026-06-08,US202507090003,34,17:00,17:30,班,on_duty
US00007,2026-06-08,US202507090003,35,17:30,18:00,班,on_duty
US00007,2026-06-08,US202507090003,36,18:00,18:30,班,on_duty
US00007,2026-06-08,US202507090003,37,18:30,19:00,班,on_duty
US00007,2026-06-08,US202510140002,24,12:00,12:30,班,on_duty
US00007,2026-06-08,US202510140002,25,12:30,13:00,班,on_duty
US00007,2026-06-08,US202510140002,26,13:00,13:30,班,on_duty
US00007,2026-06-08,US202510140002,27,13:30,14:00,班,on_duty
US00007,2026-06-08,US202510140002,28,14:00,14:30,休,rest
US00007,2026-06-08,US202510140002,29,14:30,15:00,班,on_duty
US00007,2026-06-08,US202510140002,30,15:00,15:30,班,on_duty
US00007,2026-06-08,US202510140002,31,15:30,16:00,班,on_duty
US00007,2026-06-08,US202510140002,32,16:00,16:30,班,on_duty
US00007,2026-06-08,US202510140002,33,16:30,17:00,班,on_duty
US00007,2026-06-08,US202510140002,34,17:00,17:30,班,on_duty
US00007,2026-06-08,US202510140002,35,17:30,18:00,班,on_duty
US00007,2026-06-08,US202510140002,36,18:00,18:30,班,on_duty
US00007,2026-06-08,US202510140002,37,18:30,19:00,班,on_duty
US00007,2026-06-08,US202511250003,12,06:00,06:30,班,on_duty
US00007,2026-06-08,US202511250003,13,06:30,07:00,班,on_duty
US00007,2026-06-08,US202511250003,14,07:00,07:30,班,on_duty
US00007,2026-06-08,US202511250003,15,07:30,08:00,班,on_duty
US00007,2026-06-08,US202511250003,16,08:00,08:30,班,on_duty
US00007,2026-06-08,US202511250003,17,08:30,09:00,班,on_duty
US00007,2026-06-08,US202511250003,18,09:00,09:30,班,on_duty
US00007,2026-06-08,US202511250003,19,09:30,10:00,班,on_duty
US00007,2026-06-08,US202511250003,20,10:00,10:30,休,rest
US00007,2026-06-08,US202511250003,21,10:30,11:00,休,rest
US00007,2026-06-08,US202511250003,22,11:00,11:30,班,on_duty
US00007,2026-06-08,US202511250003,23,11:30,12:00,班,on_duty
US00007,2026-06-08,US202511250003,24,12:00,12:30,班,on_duty
US00007,2026-06-08,US202511250003,25,12:30,13:00,班,on_duty
US00007,2026-06-08,US202511250003,26,13:00,13:30,班,on_duty
US00007,2026-06-08,US202511250003,27,13:30,14:00,班,on_duty
US00007,2026-06-08,US202511250003,28,14:00,14:30,班,on_duty
US00007,2026-06-08,US202602180008,28,14:00,14:30,班,on_duty
US00007,2026-06-08,US202602180008,29,14:30,15:00,班,on_duty
US00007,2026-06-08,US202602180008,30,15:00,15:30,班,on_duty
US00007,2026-06-08,US202602180008,31,15:30,16:00,班,on_duty
US00007,2026-06-08,US202602180008,32,16:00,16:30,班,on_duty
US00007,2026-06-08,US202602180008,33,16:30,17:00,班,on_duty
US00007,2026-06-08,US202602180008,34,17:00,17:30,休,rest
US00007,2026-06-08,US202602180008,35,17:30,18:00,休,rest
US00007,2026-06-08,US202602180008,36,18:00,18:30,班,on_duty
US00007,2026-06-08,US202602180008,37,18:30,19:00,班,on_duty
US00007,2026-06-08,US202602180008,38,19:00,19:30,班,on_duty
US00007,2026-06-08,US202602180008,39,19:30,20:00,班,on_duty
US00007,2026-06-08,US202602180008,40,20:00,20:30,班,on_duty
US00007,2026-06-08,US202602180008,41,20:30,21:00,班,on_duty
US00007,2026-06-08,US202602180008,42,21:00,21:30,班,on_duty
US00007,2026-06-08,US202602180008,43,21:30,22:00,班,on_duty
US00007,2026-06-08,US202602180008,44,22:00,22:30,班,on_duty
US00007,2026-06-08,US202603030006,12,06:00,06:30,班,on_duty
US00007,2026-06-08,US202603030006,13,06:30,07:00,班,on_duty
US00007,2026-06-08,US202603030006,14,07:00,07:30,班,on_duty
US00007,2026-06-08,US202603030006,15,07:30,08:00,班,on_duty
US00007,2026-06-08,US202603030006,16,08:00,08:30,班,on_duty
US00007,2026-06-08,US202603030006,17,08:30,09:00,班,on_duty
US00007,2026-06-08,US202603030006,18,09:00,09:30,休,rest
US00007,2026-06-08,US202603030006,19,09:30,10:00,休,rest
US00007,2026-06-08,US202603030006,20,10:00,10:30,班,on_duty
US00007,2026-06-08,US202603030006,21,10:30,11:00,班,on_duty
US00007,2026-06-08,US202603030006,22,11:00,11:30,班,on_duty
US00007,2026-06-08,US202603030006,23,11:30,12:00,班,on_duty
US00007,2026-06-08,US202603030006,24,12:00,12:30,班,on_duty
US00007,2026-06-08,US202603030006,25,12:30,13:00,班,on_duty
US00007,2026-06-08,US202603030006,26,13:00,13:30,班,on_duty
US00007,2026-06-08,US202603030006,27,13:30,14:00,班,on_duty
US00007,2026-06-08,US202603030006,28,14:00,14:30,班,on_duty
US00007,2026-06-08,US202604210001,28,14:00,14:30,班,on_duty
US00007,2026-06-08,US202604210001,29,14:30,15:00,班,on_duty
US00007,2026-06-08,US202604210001,30,15:00,15:30,班,on_duty
US00007,2026-06-08,US202604210001,31,15:30,16:00,班,on_duty
US00007,2026-06-08,US202604210001,32,16:00,16:30,班,on_duty
US00007,2026-06-08,US202604210001,33,16:30,17:00,班,on_duty
US00007,2026-06-08,US202604210001,34,17:00,17:30,班,on_duty
US00007,2026-06-08,US202604210001,35,17:30,18:00,班,on_duty
US00007,2026-06-08,US202604210001,36,18:00,18:30,休,rest
US00007,2026-06-08,US202604210001,37,18:30,19:00,休,rest
US00007,2026-06-08,US202604210001,38,19:00,19:30,班,on_duty
US00007,2026-06-08,US202604210001,39,19:30,20:00,班,on_duty
US00007,2026-06-08,US202604210001,40,20:00,20:30,班,on_duty
US00007,2026-06-08,US202604210001,41,20:30,21:00,班,on_duty
US00007,2026-06-08,US202604210001,42,21:00,21:30,班,on_duty
US00007,2026-06-08,US202604210001,43,21:30,22:00,班,on_duty
US00007,2026-06-08,US202604210001,44,22:00,22:30,班,on_duty
US00007,2026-06-08,US202605050006,12,06:00,06:30,班,on_duty
US00007,2026-06-08,US202605050006,13,06:30,07:00,班,on_duty
US00007,2026-06-08,US202605050006,14,07:00,07:30,班,on_duty
US00007,2026-06-08,US202605050006,15,07:30,08:00,班,on_duty
US00007,2026-06-08,US202605050006,16,08:00,08:30,班,on_duty
US00007,2026-06-08,US202605050006,17,08:30,09:00,班,on_duty
US00007,2026-06-08,US202605050006,18,09:00,09:30,休,rest
US00007,2026-06-08,US202605050006,19,09:30,10:00,休,rest
US00007,2026-06-08,US202605050006,20,10:00,10:30,班,on_duty
US00007,2026-06-08,US202605050006,21,10:30,11:00,班,on_duty
US00007,2026-06-08,US202605050006,22,11:00,11:30,班,on_duty
US00007,2026-06-08,US202605050006,23,11:30,12:00,班,on_duty
US00007,2026-06-08,US202605050006,24,12:00,12:30,班,on_duty
US00007,2026-06-08,US202605050006,25,12:30,13:00,班,on_duty
US00007,2026-06-08,US202605050006,26,13:00,13:30,班,on_duty
US00007,2026-06-08,US202605050006,27,13:30,14:00,班,on_duty
US00007,2026-06-08,US202605050006,28,14:00,14:30,班,on_duty
US00007,2026-06-08,US202605140004,18,09:00,09:30,班,on_duty
US00007,2026-06-08,US202605140004,19,09:30,10:00,班,on_duty
US00007,2026-06-08,US202605140004,20,10:00,10:30,休,rest
US00007,2026-06-08,US202605140004,21,10:30,11:00,班,on_duty
US00007,2026-06-08,US202605140004,22,11:00,11:30,班,on_duty
US00007,2026-06-08,US202605140004,23,11:30,12:00,班,on_duty
US00007,2026-06-08,US202605140004,24,12:00,12:30,班,on_duty
US00007,2026-06-08,US202605140004,25,12:30,13:00,班,on_duty
US00007,2026-06-08,US202605140004,26,13:00,13:30,班,on_duty
US00007,2026-06-08,US202605140004,27,13:30,14:00,班,on_duty
US00007,2026-06-08,US202605140004,28,14:00,14:30,班,on_duty
US00007,2026-06-08,US202605140004,29,14:30,15:00,班,on_duty
US00007,2026-06-08,US202605140004,30,15:00,15:30,班,on_duty
US00007,2026-06-08,US202605140004,31,15:30,16:00,班,on_duty
US00007,2026-06-08,US202605140004,32,16:00,16:30,班,on_duty
US00007,2026-06-08,US202605140004,33,16:30,17:00,班,on_duty
US00007,2026-06-08,US202605140004,34,17:00,17:30,班,on_duty
US00007,2026-06-08,US202605190009,28,14:00,14:30,班,on_duty
US00007,2026-06-08,US202605190009,29,14:30,15:00,班,on_duty
US00007,2026-06-08,US202605190009,30,15:00,15:30,班,on_duty
US00007,2026-06-08,US202605190009,31,15:30,16:00,班,on_duty
US00007,2026-06-08,US202605190009,32,16:00,16:30,班,on_duty
US00007,2026-06-08,US202605190009,33,16:30,17:00,班,on_duty
US00007,2026-06-08,US202605190009,34,17:00,17:30,班,on_duty
US00007,2026-06-08,US202605190009,35,17:30,18:00,班,on_duty
US00007,2026-06-08,US202605190009,36,18:00,18:30,休,rest
US00007,2026-06-08,US202605190009,37,18:30,19:00,休,rest
US00007,2026-06-08,US202605190009,38,19:00,19:30,班,on_duty
US00007,2026-06-08,US202605190009,39,19:30,20:00,班,on_duty
US00007,2026-06-08,US202605190009,40,20:00,20:30,班,on_duty
US00007,2026-06-08,US202605190009,41,20:30,21:00,班,on_duty
US00007,2026-06-08,US202605190009,42,21:00,21:30,班,on_duty
US00007,2026-06-08,US202605190009,43,21:30,22:00,班,on_duty
US00007,2026-06-08,US202605190009,44,22:00,22:30,班,on_duty
US00007,2026-06-08,US202605260004,28,14:00,14:30,班,on_duty
US00007,2026-06-08,US202605260004,29,14:30,15:00,班,on_duty
US00007,2026-06-08,US202605260004,30,15:00,15:30,班,on_duty
US00007,2026-06-08,US202605260004,31,15:30,16:00,班,on_duty
US00007,2026-06-08,US202605260004,32,16:00,16:30,班,on_duty
US00007,2026-06-08,US202605260004,33,16:30,17:00,班,on_duty
US00007,2026-06-08,US202605260004,34,17:00,17:30,休,rest
US00007,2026-06-08,US202605260004,35,17:30,18:00,休,rest
US00007,2026-06-08,US202605260004,36,18:00,18:30,班,on_duty
US00007,2026-06-08,US202605260004,37,18:30,19:00,班,on_duty
US00007,2026-06-08,US202605260004,38,19:00,19:30,班,on_duty
US00007,2026-06-08,US202605260004,39,19:30,20:00,班,on_duty
US00007,2026-06-08,US202605260004,40,20:00,20:30,班,on_duty
US00007,2026-06-08,US202605260004,41,20:30,21:00,班,on_duty
US00007,2026-06-08,US202605260004,42,21:00,21:30,班,on_duty
US00007,2026-06-08,US202605260004,43,21:30,22:00,班,on_duty
US00007,2026-06-08,US202605260004,44,22:00,22:30,班,on_duty
US00007,2026-06-09,US202511250003,20,10:00,10:30,班,on_duty
US00007,2026-06-09,US202511250003,21,10:30,11:00,班,on_duty
US00007,2026-06-09,US202511250003,22,11:00,11:30,班,on_duty
US00007,2026-06-09,US202511250003,23,11:30,12:00,班,on_duty
US00007,2026-06-09,US202511250003,24,12:00,12:30,班,on_duty
US00007,2026-06-09,US202511250003,25,12:30,13:00,班,on_duty
US00007,2026-06-09,US202511250003,26,13:00,13:30,休,rest
US00007,2026-06-09,US202511250003,27,13:30,14:00,班,on_duty
US00007,2026-06-09,US202511250003,28,14:00,14:30,班,on_duty
US00007,2026-06-09,US202511250003,29,14:30,15:00,班,on_duty
US00007,2026-06-09,US202511250003,30,15:00,15:30,班,on_duty
US00007,2026-06-09,US202511250003,31,15:30,16:00,班,on_duty
US00007,2026-06-09,US202511250003,32,16:00,16:30,班,on_duty
US00007,2026-06-09,US202511250003,33,16:30,17:00,班,on_duty
US00007,2026-06-09,US202511250003,34,17:00,17:30,班,on_duty
US00007,2026-06-09,US202511250003,35,17:30,18:00,班,on_duty
US00007,2026-06-09,US202511250003,36,18:00,18:30,班,on_duty
US00007,2026-06-09,US202602180008,28,14:00,14:30,班,on_duty
US00007,2026-06-09,US202602180008,29,14:30,15:00,班,on_duty
US00007,2026-06-09,US202602180008,30,15:00,15:30,班,on_duty
US00007,2026-06-09,US202602180008,31,15:30,16:00,班,on_duty
US00007,2026-06-09,US202602180008,32,16:00,16:30,班,on_duty
US00007,2026-06-09,US202602180008,33,16:30,17:00,班,on_duty
US00007,2026-06-09,US202602180008,34,17:00,17:30,班,on_duty
US00007,2026-06-09,US202602180008,35,17:30,18:00,班,on_duty
US00007,2026-06-09,US202602180008,36,18:00,18:30,休,rest
US00007,2026-06-09,US202602180008,37,18:30,19:00,休,rest
US00007,2026-06-09,US202602180008,38,19:00,19:30,班,on_duty
US00007,2026-06-09,US202602180008,39,19:30,20:00,班,on_duty
US00007,2026-06-09,US202602180008,40,20:00,20:30,班,on_duty
US00007,2026-06-09,US202602180008,41,20:30,21:00,班,on_duty
US00007,2026-06-09,US202602180008,42,21:00,21:30,班,on_duty
US00007,2026-06-09,US202602180008,43,21:30,22:00,班,on_duty
US00007,2026-06-09,US202602180008,44,22:00,22:30,班,on_duty
US00007,2026-06-09,US202603030006,12,06:00,06:30,班,on_duty
US00007,2026-06-09,US202603030006,13,06:30,07:00,班,on_duty
US00007,2026-06-09,US202603030006,14,07:00,07:30,班,on_duty
US00007,2026-06-09,US202603030006,15,07:30,08:00,班,on_duty
US00007,2026-06-09,US202603030006,16,08:00,08:30,班,on_duty
US00007,2026-06-09,US202603030006,17,08:30,09:00,班,on_duty
US00007,2026-06-09,US202603030006,18,09:00,09:30,班,on_duty
US00007,2026-06-09,US202603030006,19,09:30,10:00,班,on_duty
US00007,2026-06-09,US202603030006,20,10:00,10:30,休,rest
US00007,2026-06-09,US202603030006,21,10:30,11:00,休,rest
US00007,2026-06-09,US202603030006,22,11:00,11:30,班,on_duty
US00007,2026-06-09,US202603030006,23,11:30,12:00,班,on_duty
US00007,2026-06-09,US202603030006,24,12:00,12:30,班,on_duty
US00007,2026-06-09,US202603030006,25,12:30,13:00,班,on_duty
US00007,2026-06-09,US202603030006,26,13:00,13:30,班,on_duty
US00007,2026-06-09,US202603030006,27,13:30,14:00,班,on_duty
US00007,2026-06-09,US202603030006,28,14:00,14:30,班,on_duty
US00007,2026-06-09,US202603030009,31,15:30,16:00,班,on_duty
US00007,2026-06-09,US202603030009,32,16:00,16:30,班,on_duty
US00007,2026-06-09,US202603030009,33,16:30,17:00,班,on_duty
US00007,2026-06-09,US202603030009,34,17:00,17:30,班,on_duty
US00007,2026-06-09,US202603030009,35,17:30,18:00,班,on_duty
US00007,2026-06-09,US202603030009,36,18:00,18:30,休,rest
US00007,2026-06-09,US202603030009,37,18:30,19:00,休,rest
US00007,2026-06-09,US202603030009,38,19:00,19:30,班,on_duty
US00007,2026-06-09,US202603030009,39,19:30,20:00,班,on_duty
US00007,2026-06-09,US202603030009,40,20:00,20:30,班,on_duty
US00007,2026-06-09,US202603030009,41,20:30,21:00,班,on_duty
US00007,2026-06-09,US202603030009,42,21:00,21:30,班,on_duty
US00007,2026-06-09,US202603030009,43,21:30,22:00,班,on_duty
US00007,2026-06-09,US202603030009,44,22:00,22:30,班,on_duty
US00007,2026-06-09,US202603170001,12,06:00,06:30,班,on_duty
US00007,2026-06-09,US202603170001,13,06:30,07:00,班,on_duty
US00007,2026-06-09,US202603170001,14,07:00,07:30,班,on_duty
US00007,2026-06-09,US202603170001,15,07:30,08:00,班,on_duty
US00007,2026-06-09,US202603170001,16,08:00,08:30,班,on_duty
US00007,2026-06-09,US202603170001,17,08:30,09:00,班,on_duty
US00007,2026-06-09,US202603170001,18,09:00,09:30,班,on_duty
US00007,2026-06-09,US202603170001,19,09:30,10:00,班,on_duty
US00007,2026-06-09,US202603170001,20,10:00,10:30,休,rest
US00007,2026-06-09,US202603170001,21,10:30,11:00,休,rest
US00007,2026-06-09,US202603170001,22,11:00,11:30,班,on_duty
US00007,2026-06-09,US202603170001,23,11:30,12:00,班,on_duty
US00007,2026-06-09,US202603170001,24,12:00,12:30,班,on_duty
US00007,2026-06-09,US202603170001,25,12:30,13:00,班,on_duty
US00007,2026-06-09,US202603170001,26,13:00,13:30,班,on_duty
US00007,2026-06-09,US202603170001,27,13:30,14:00,班,on_duty
US00007,2026-06-09,US202603170001,28,14:00,14:30,班,on_duty
US00007,2026-06-09,US202604210001,28,14:00,14:30,班,on_duty
US00007,2026-06-09,US202604210001,29,14:30,15:00,班,on_duty
US00007,2026-06-09,US202604210001,30,15:00,15:30,班,on_duty
US00007,2026-06-09,US202604210001,31,15:30,16:00,班,on_duty
US00007,2026-06-09,US202604210001,32,16:00,16:30,班,on_duty
US00007,2026-06-09,US202604210001,33,16:30,17:00,休,rest
US00007,2026-06-09,US202604210001,34,17:00,17:30,休,rest
US00007,2026-06-09,US202604210001,35,17:30,18:00,班,on_duty
US00007,2026-06-09,US202604210001,36,18:00,18:30,班,on_duty
US00007,2026-06-09,US202604210001,37,18:30,19:00,班,on_duty
US00007,2026-06-09,US202604210001,38,19:00,19:30,班,on_duty
US00007,2026-06-09,US202604210001,39,19:30,20:00,班,on_duty
US00007,2026-06-09,US202604210001,40,20:00,20:30,班,on_duty
US00007,2026-06-09,US202604210001,41,20:30,21:00,班,on_duty
US00007,2026-06-09,US202604210001,42,21:00,21:30,班,on_duty
US00007,2026-06-09,US202604210001,43,21:30,22:00,班,on_duty
US00007,2026-06-09,US202604210001,44,22:00,22:30,班,on_duty
US00007,2026-06-09,US202605050006,12,06:00,06:30,班,on_duty
US00007,2026-06-09,US202605050006,13,06:30,07:00,班,on_duty
US00007,2026-06-09,US202605050006,14,07:00,07:30,班,on_duty
US00007,2026-06-09,US202605050006,15,07:30,08:00,班,on_duty
US00007,2026-06-09,US202605050006,16,08:00,08:30,班,on_duty
US00007,2026-06-09,US202605050006,17,08:30,09:00,班,on_duty
US00007,2026-06-09,US202605050006,18,09:00,09:30,休,rest
US00007,2026-06-09,US202605050006,19,09:30,10:00,休,rest
US00007,2026-06-09,US202605050006,20,10:00,10:30,班,on_duty
US00007,2026-06-09,US202605050006,21,10:30,11:00,班,on_duty
US00007,2026-06-09,US202605050006,22,11:00,11:30,班,on_duty
US00007,2026-06-09,US202605050006,23,11:30,12:00,班,on_duty
US00007,2026-06-09,US202605050006,24,12:00,12:30,班,on_duty
US00007,2026-06-09,US202605050006,25,12:30,13:00,班,on_duty
US00007,2026-06-09,US202605050006,26,13:00,13:30,班,on_duty
US00007,2026-06-09,US202605050006,27,13:30,14:00,班,on_duty
US00007,2026-06-09,US202605050006,28,14:00,14:30,班,on_duty
US00007,2026-06-09,US202605140004,28,14:00,14:30,班,on_duty
US00007,2026-06-09,US202605140004,29,14:30,15:00,班,on_duty
US00007,2026-06-09,US202605140004,30,15:00,15:30,班,on_duty
US00007,2026-06-09,US202605140004,31,15:30,16:00,班,on_duty
US00007,2026-06-09,US202605140004,32,16:00,16:30,班,on_duty
US00007,2026-06-09,US202605140004,33,16:30,17:00,班,on_duty
US00007,2026-06-09,US202605140004,34,17:00,17:30,休,rest
US00007,2026-06-09,US202605140004,35,17:30,18:00,休,rest
US00007,2026-06-09,US202605140004,36,18:00,18:30,班,on_duty
US00007,2026-06-09,US202605140004,37,18:30,19:00,班,on_duty
US00007,2026-06-09,US202605140004,38,19:00,19:30,班,on_duty
US00007,2026-06-09,US202605140004,39,19:30,20:00,班,on_duty
US00007,2026-06-09,US202605140004,40,20:00,20:30,班,on_duty
US00007,2026-06-09,US202605140004,41,20:30,21:00,班,on_duty
US00007,2026-06-09,US202605140004,42,21:00,21:30,班,on_duty
US00007,2026-06-09,US202605140004,43,21:30,22:00,班,on_duty
US00007,2026-06-09,US202605140004,44,22:00,22:30,班,on_duty
US00007,2026-06-09,US202605190008,12,06:00,06:30,班,on_duty
US00007,2026-06-09,US202605190008,13,06:30,07:00,班,on_duty
US00007,2026-06-09,US202605190008,14,07:00,07:30,班,on_duty
US00007,2026-06-09,US202605190008,15,07:30,08:00,班,on_duty
US00007,2026-06-09,US202605190008,16,08:00,08:30,班,on_duty
US00007,2026-06-09,US202605190008,17,08:30,09:00,班,on_duty
US00007,2026-06-09,US202605190008,18,09:00,09:30,休,rest
US00007,2026-06-09,US202605190008,19,09:30,10:00,休,rest
US00007,2026-06-09,US202605190008,20,10:00,10:30,班,on_duty
US00007,2026-06-09,US202605190008,21,10:30,11:00,班,on_duty
US00007,2026-06-09,US202605190008,22,11:00,11:30,班,on_duty
US00007,2026-06-09,US202605190008,23,11:30,12:00,班,on_duty
US00007,2026-06-09,US202605190008,24,12:00,12:30,班,on_duty
US00007,2026-06-09,US202605190008,25,12:30,13:00,班,on_duty
US00007,2026-06-09,US202605190008,26,13:00,13:30,班,on_duty
US00007,2026-06-09,US202605190008,27,13:30,14:00,班,on_duty
US00007,2026-06-09,US202605190008,28,14:00,14:30,班,on_duty
US00007,2026-06-10,US202507090003,12,06:00,06:30,班,on_duty
US00007,2026-06-10,US202507090003,13,06:30,07:00,班,on_duty
US00007,2026-06-10,US202507090003,14,07:00,07:30,班,on_duty
US00007,2026-06-10,US202507090003,15,07:30,08:00,班,on_duty
US00007,2026-06-10,US202507090003,16,08:00,08:30,班,on_duty
US00007,2026-06-10,US202507090003,17,08:30,09:00,班,on_duty
US00007,2026-06-10,US202507090003,18,09:00,09:30,班,on_duty
US00007,2026-06-10,US202507090003,19,09:30,10:00,班,on_duty
US00007,2026-06-10,US202507090003,20,10:00,10:30,休,rest
US00007,2026-06-10,US202507090003,21,10:30,11:00,休,rest
US00007,2026-06-10,US202507090003,22,11:00,11:30,班,on_duty
US00007,2026-06-10,US202507090003,23,11:30,12:00,班,on_duty
US00007,2026-06-10,US202507090003,24,12:00,12:30,班,on_duty
US00007,2026-06-10,US202507090003,25,12:30,13:00,班,on_duty
US00007,2026-06-10,US202507090003,26,13:00,13:30,班,on_duty
US00007,2026-06-10,US202507090003,27,13:30,14:00,班,on_duty
US00007,2026-06-10,US202507090003,28,14:00,14:30,班,on_duty
US00007,2026-06-10,US202511250003,22,11:00,11:30,班,on_duty
US00007,2026-06-10,US202511250003,23,11:30,12:00,班,on_duty
US00007,2026-06-10,US202511250003,24,12:00,12:30,班,on_duty
US00007,2026-06-10,US202511250003,25,12:30,13:00,班,on_duty
US00007,2026-06-10,US202511250003,26,13:00,13:30,班,on_duty
US00007,2026-06-10,US202511250003,27,13:30,14:00,班,on_duty
US00007,2026-06-10,US202511250003,28,14:00,14:30,休,rest
US00007,2026-06-10,US202511250003,29,14:30,15:00,班,on_duty
US00007,2026-06-10,US202511250003,30,15:00,15:30,班,on_duty
US00007,2026-06-10,US202511250003,31,15:30,16:00,班,on_duty
US00007,2026-06-10,US202511250003,32,16:00,16:30,班,on_duty
US00007,2026-06-10,US202511250003,33,16:30,17:00,班,on_duty
US00007,2026-06-10,US202511250003,34,17:00,17:30,班,on_duty
US00007,2026-06-10,US202511250003,35,17:30,18:00,班,on_duty
US00007,2026-06-10,US202511250003,36,18:00,18:30,班,on_duty
US00007,2026-06-10,US202511250003,37,18:30,19:00,班,on_duty
US00007,2026-06-10,US202511250003,38,19:00,19:30,班,on_duty
US00007,2026-06-10,US202602180008,28,14:00,14:30,班,on_duty
US00007,2026-06-10,US202602180008,29,14:30,15:00,班,on_duty
US00007,2026-06-10,US202602180008,30,15:00,15:30,班,on_duty
US00007,2026-06-10,US202602180008,31,15:30,16:00,班,on_duty
US00007,2026-06-10,US202602180008,32,16:00,16:30,班,on_duty
US00007,2026-06-10,US202602180008,33,16:30,17:00,班,on_duty
US00007,2026-06-10,US202602180008,34,17:00,17:30,休,rest
US00007,2026-06-10,US202602180008,35,17:30,18:00,休,rest
US00007,2026-06-10,US202602180008,36,18:00,18:30,班,on_duty
US00007,2026-06-10,US202602180008,37,18:30,19:00,班,on_duty
US00007,2026-06-10,US202602180008,38,19:00,19:30,班,on_duty
US00007,2026-06-10,US202602180008,39,19:30,20:00,班,on_duty
US00007,2026-06-10,US202602180008,40,20:00,20:30,班,on_duty
US00007,2026-06-10,US202602180008,41,20:30,21:00,班,on_duty
US00007,2026-06-10,US202602180008,42,21:00,21:30,班,on_duty
US00007,2026-06-10,US202602180008,43,21:30,22:00,班,on_duty
US00007,2026-06-10,US202602180008,44,22:00,22:30,班,on_duty
US00007,2026-06-10,US202603030009,31,15:30,16:00,班,on_duty
US00007,2026-06-10,US202603030009,32,16:00,16:30,班,on_duty
US00007,2026-06-10,US202603030009,33,16:30,17:00,班,on_duty
US00007,2026-06-10,US202603030009,34,17:00,17:30,班,on_duty
US00007,2026-06-10,US202603030009,35,17:30,18:00,班,on_duty
US00007,2026-06-10,US202603030009,36,18:00,18:30,休,rest
US00007,2026-06-10,US202603030009,37,18:30,19:00,休,rest
US00007,2026-06-10,US202603030009,38,19:00,19:30,班,on_duty
US00007,2026-06-10,US202603030009,39,19:30,20:00,班,on_duty
US00007,2026-06-10,US202603030009,40,20:00,20:30,班,on_duty
US00007,2026-06-10,US202603030009,41,20:30,21:00,班,on_duty
US00007,2026-06-10,US202603030009,42,21:00,21:30,班,on_duty
US00007,2026-06-10,US202603030009,43,21:30,22:00,班,on_duty
US00007,2026-06-10,US202603030009,44,22:00,22:30,班,on_duty
US00007,2026-06-10,US202603170001,19,09:30,10:00,训,training
US00007,2026-06-10,US202603170001,20,10:00,10:30,训,training
US00007,2026-06-10,US202603170001,21,10:30,11:00,训,training
US00007,2026-06-10,US202603170001,22,11:00,11:30,休,rest
US00007,2026-06-10,US202603170001,23,11:30,12:00,休,rest
US00007,2026-06-10,US202603170001,24,12:00,12:30,训,training
US00007,2026-06-10,US202603170001,25,12:30,13:00,训,training
US00007,2026-06-10,US202603170001,26,13:00,13:30,训,training
US00007,2026-06-10,US202603170001,27,13:30,14:00,训,training
US00007,2026-06-10,US202603170001,28,14:00,14:30,训,training
US00007,2026-06-10,US202603170001,29,14:30,15:00,训,training
US00007,2026-06-10,US202603170001,30,15:00,15:30,训,training
US00007,2026-06-10,US202603170001,31,15:30,16:00,训,training
US00007,2026-06-10,US202603170001,32,16:00,16:30,训,training
US00007,2026-06-10,US202604210001,28,14:00,14:30,班,on_duty
US00007,2026-06-10,US202604210001,29,14:30,15:00,班,on_duty
US00007,2026-06-10,US202604210001,30,15:00,15:30,班,on_duty
US00007,2026-06-10,US202604210001,31,15:30,16:00,班,on_duty
US00007,2026-06-10,US202604210001,32,16:00,16:30,班,on_duty
US00007,2026-06-10,US202604210001,33,16:30,17:00,班,on_duty
US00007,2026-06-10,US202604210001,34,17:00,17:30,休,rest
US00007,2026-06-10,US202604210001,35,17:30,18:00,休,rest
US00007,2026-06-10,US202604210001,36,18:00,18:30,班,on_duty
US00007,2026-06-10,US202604210001,37,18:30,19:00,班,on_duty
US00007,2026-06-10,US202604210001,38,19:00,19:30,班,on_duty
US00007,2026-06-10,US202604210001,39,19:30,20:00,班,on_duty
US00007,2026-06-10,US202604210001,40,20:00,20:30,班,on_duty
US00007,2026-06-10,US202604210001,41,20:30,21:00,班,on_duty
US00007,2026-06-10,US202604210001,42,21:00,21:30,班,on_duty
US00007,2026-06-10,US202604210001,43,21:30,22:00,班,on_duty
US00007,2026-06-10,US202604210001,44,22:00,22:30,班,on_duty
US00007,2026-06-10,US202605050006,28,14:00,14:30,班,on_duty
US00007,2026-06-10,US202605050006,29,14:30,15:00,班,on_duty
US00007,2026-06-10,US202605050006,30,15:00,15:30,班,on_duty
US00007,2026-06-10,US202605050006,31,15:30,16:00,班,on_duty
US00007,2026-06-10,US202605050006,32,16:00,16:30,班,on_duty
US00007,2026-06-10,US202605050006,33,16:30,17:00,班,on_duty
US00007,2026-06-10,US202605050006,34,17:00,17:30,班,on_duty
US00007,2026-06-10,US202605050006,35,17:30,18:00,班,on_duty
US00007,2026-06-10,US202605050006,36,18:00,18:30,休,rest
US00007,2026-06-10,US202605050006,37,18:30,19:00,休,rest
US00007,2026-06-10,US202605050006,38,19:00,19:30,班,on_duty
US00007,2026-06-10,US202605050006,39,19:30,20:00,班,on_duty
US00007,2026-06-10,US202605050006,40,20:00,20:30,班,on_duty
US00007,2026-06-10,US202605050006,41,20:30,21:00,班,on_duty
US00007,2026-06-10,US202605050006,42,21:00,21:30,班,on_duty
US00007,2026-06-10,US202605050006,43,21:30,22:00,班,on_duty
US00007,2026-06-10,US202605050006,44,22:00,22:30,班,on_duty
US00007,2026-06-10,US202605190008,12,06:00,06:30,班,on_duty
US00007,2026-06-10,US202605190008,13,06:30,07:00,班,on_duty
US00007,2026-06-10,US202605190008,14,07:00,07:30,班,on_duty
US00007,2026-06-10,US202605190008,15,07:30,08:00,班,on_duty
US00007,2026-06-10,US202605190008,16,08:00,08:30,班,on_duty
US00007,2026-06-10,US202605190008,17,08:30,09:00,班,on_duty
US00007,2026-06-10,US202605190008,18,09:00,09:30,休,rest
US00007,2026-06-10,US202605190008,19,09:30,10:00,休,rest
US00007,2026-06-10,US202605190008,20,10:00,10:30,班,on_duty
US00007,2026-06-10,US202605190008,21,10:30,11:00,班,on_duty
US00007,2026-06-10,US202605190008,22,11:00,11:30,班,on_duty
US00007,2026-06-10,US202605190008,23,11:30,12:00,班,on_duty
US00007,2026-06-10,US202605190008,24,12:00,12:30,班,on_duty
US00007,2026-06-10,US202605190008,25,12:30,13:00,班,on_duty
US00007,2026-06-10,US202605190008,26,13:00,13:30,班,on_duty
US00007,2026-06-10,US202605190008,27,13:30,14:00,班,on_duty
US00007,2026-06-10,US202605190008,28,14:00,14:30,班,on_duty
US00007,2026-06-10,US202605260004,12,06:00,06:30,班,on_duty
US00007,2026-06-10,US202605260004,13,06:30,07:00,班,on_duty
US00007,2026-06-10,US202605260004,14,07:00,07:30,班,on_duty
US00007,2026-06-10,US202605260004,15,07:30,08:00,班,on_duty
US00007,2026-06-10,US202605260004,16,08:00,08:30,班,on_duty
US00007,2026-06-10,US202605260004,17,08:30,09:00,班,on_duty
US00007,2026-06-10,US202605260004,18,09:00,09:30,班,on_duty
US00007,2026-06-10,US202605260004,19,09:30,10:00,班,on_duty
US00007,2026-06-10,US202605260004,20,10:00,10:30,班,on_duty
US00007,2026-06-10,US202605260004,21,10:30,11:00,班,on_duty
US00007,2026-06-10,US202605260004,22,11:00,11:30,休,rest
US00007,2026-06-10,US202605260004,23,11:30,12:00,休,rest
US00007,2026-06-10,US202605260004,24,12:00,12:30,班,on_duty
US00007,2026-06-10,US202605260004,25,12:30,13:00,班,on_duty
US00007,2026-06-10,US202605260004,26,13:00,13:30,班,on_duty
US00007,2026-06-10,US202605260004,27,13:30,14:00,班,on_duty
US00007,2026-06-10,US202605260004,28,14:00,14:30,班,on_duty
US00007,2026-06-11,US202602180008,28,14:00,14:30,班,on_duty
US00007,2026-06-11,US202602180008,29,14:30,15:00,班,on_duty
US00007,2026-06-11,US202602180008,30,15:00,15:30,班,on_duty
US00007,2026-06-11,US202602180008,31,15:30,16:00,班,on_duty
US00007,2026-06-11,US202602180008,32,16:00,16:30,班,on_duty
US00007,2026-06-11,US202602180008,33,16:30,17:00,班,on_duty
US00007,2026-06-11,US202602180008,34,17:00,17:30,班,on_duty
US00007,2026-06-11,US202602180008,35,17:30,18:00,班,on_duty
US00007,2026-06-11,US202602180008,36,18:00,18:30,班,on_duty
US00007,2026-06-11,US202602180008,37,18:30,19:00,班,on_duty
US00007,2026-06-11,US202602180008,38,19:00,19:30,休,rest
US00007,2026-06-11,US202602180008,39,19:30,20:00,休,rest
US00007,2026-06-11,US202602180008,40,20:00,20:30,班,on_duty
US00007,2026-06-11,US202602180008,41,20:30,21:00,班,on_duty
US00007,2026-06-11,US202602180008,42,21:00,21:30,班,on_duty
US00007,2026-06-11,US202602180008,43,21:30,22:00,班,on_duty
US00007,2026-06-11,US202602180008,44,22:00,22:30,班,on_duty
US00007,2026-06-11,US202603170001,12,06:00,06:30,班,on_duty
US00007,2026-06-11,US202603170001,13,06:30,07:00,班,on_duty
US00007,2026-06-11,US202603170001,14,07:00,07:30,班,on_duty
US00007,2026-06-11,US202603170001,15,07:30,08:00,班,on_duty
US00007,2026-06-11,US202603170001,16,08:00,08:30,班,on_duty
US00007,2026-06-11,US202603170001,17,08:30,09:00,班,on_duty
US00007,2026-06-11,US202603170001,18,09:00,09:30,班,on_duty
US00007,2026-06-11,US202603170001,19,09:30,10:00,班,on_duty
US00007,2026-06-11,US202603170001,20,10:00,10:30,休,rest
US00007,2026-06-11,US202603170001,21,10:30,11:00,休,rest
US00007,2026-06-11,US202603170001,22,11:00,11:30,班,on_duty
US00007,2026-06-11,US202603170001,23,11:30,12:00,班,on_duty
US00007,2026-06-11,US202603170001,24,12:00,12:30,班,on_duty
US00007,2026-06-11,US202603170001,25,12:30,13:00,班,on_duty
US00007,2026-06-11,US202603170001,26,13:00,13:30,班,on_duty
US00007,2026-06-11,US202603170001,27,13:30,14:00,班,on_duty
US00007,2026-06-11,US202603170001,28,14:00,14:30,班,on_duty
US00007,2026-06-11,US202604210001,28,14:00,14:30,班,on_duty
US00007,2026-06-11,US202604210001,29,14:30,15:00,班,on_duty
US00007,2026-06-11,US202604210001,30,15:00,15:30,班,on_duty
US00007,2026-06-11,US202604210001,31,15:30,16:00,班,on_duty
US00007,2026-06-11,US202604210001,32,16:00,16:30,班,on_duty
US00007,2026-06-11,US202604210001,33,16:30,17:00,班,on_duty
US00007,2026-06-11,US202604210001,34,17:00,17:30,休,rest
US00007,2026-06-11,US202604210001,35,17:30,18:00,休,rest
US00007,2026-06-11,US202604210001,36,18:00,18:30,班,on_duty
US00007,2026-06-11,US202604210001,37,18:30,19:00,班,on_duty
US00007,2026-06-11,US202604210001,38,19:00,19:30,班,on_duty
US00007,2026-06-11,US202604210001,39,19:30,20:00,班,on_duty
US00007,2026-06-11,US202604210001,40,20:00,20:30,班,on_duty
US00007,2026-06-11,US202604210001,41,20:30,21:00,班,on_duty
US00007,2026-06-11,US202604210001,42,21:00,21:30,班,on_duty
US00007,2026-06-11,US202604210001,43,21:30,22:00,班,on_duty
US00007,2026-06-11,US202604210001,44,22:00,22:30,班,on_duty
US00007,2026-06-11,US202605050006,28,14:00,14:30,班,on_duty
US00007,2026-06-11,US202605050006,29,14:30,15:00,班,on_duty
US00007,2026-06-11,US202605050006,30,15:00,15:30,班,on_duty
US00007,2026-06-11,US202605050006,31,15:30,16:00,班,on_duty
US00007,2026-06-11,US202605050006,32,16:00,16:30,班,on_duty
US00007,2026-06-11,US202605050006,33,16:30,17:00,休,rest
US00007,2026-06-11,US202605050006,34,17:00,17:30,休,rest
US00007,2026-06-11,US202605050006,35,17:30,18:00,班,on_duty
US00007,2026-06-11,US202605050006,36,18:00,18:30,班,on_duty
US00007,2026-06-11,US202605050006,37,18:30,19:00,班,on_duty
US00007,2026-06-11,US202605050006,38,19:00,19:30,班,on_duty
US00007,2026-06-11,US202605050006,39,19:30,20:00,班,on_duty
US00007,2026-06-11,US202605050006,40,20:00,20:30,班,on_duty
US00007,2026-06-11,US202605050006,41,20:30,21:00,班,on_duty
US00007,2026-06-11,US202605050006,42,21:00,21:30,班,on_duty
US00007,2026-06-11,US202605050006,43,21:30,22:00,班,on_duty
US00007,2026-06-11,US202605050006,44,22:00,22:30,班,on_duty
US00007,2026-06-11,US202605140004,12,06:00,06:30,班,on_duty
US00007,2026-06-11,US202605140004,13,06:30,07:00,班,on_duty
US00007,2026-06-11,US202605140004,14,07:00,07:30,班,on_duty
US00007,2026-06-11,US202605140004,15,07:30,08:00,班,on_duty
US00007,2026-06-11,US202605140004,16,08:00,08:30,班,on_duty
US00007,2026-06-11,US202605140004,17,08:30,09:00,班,on_duty
US00007,2026-06-11,US202605140004,18,09:00,09:30,休,rest
US00007,2026-06-11,US202605140004,19,09:30,10:00,休,rest
US00007,2026-06-11,US202605140004,20,10:00,10:30,班,on_duty
US00007,2026-06-11,US202605140004,21,10:30,11:00,班,on_duty
US00007,2026-06-11,US202605140004,22,11:00,11:30,班,on_duty
US00007,2026-06-11,US202605140004,23,11:30,12:00,班,on_duty
US00007,2026-06-11,US202605140004,24,12:00,12:30,班,on_duty
US00007,2026-06-11,US202605140004,25,12:30,13:00,班,on_duty
US00007,2026-06-11,US202605140004,26,13:00,13:30,班,on_duty
US00007,2026-06-11,US202605140004,27,13:30,14:00,班,on_duty
US00007,2026-06-11,US202605140004,28,14:00,14:30,班,on_duty
US00007,2026-06-11,US202605190009,18,09:00,09:30,班,on_duty
US00007,2026-06-11,US202605190009,19,09:30,10:00,班,on_duty
US00007,2026-06-11,US202605190009,20,10:00,10:30,班,on_duty
US00007,2026-06-11,US202605190009,21,10:30,11:00,班,on_duty
US00007,2026-06-11,US202605190009,22,11:00,11:30,班,on_duty
US00007,2026-06-11,US202605190009,23,11:30,12:00,班,on_duty
US00007,2026-06-11,US202605190009,24,12:00,12:30,班,on_duty
US00007,2026-06-11,US202605190009,25,12:30,13:00,休,rest
US00007,2026-06-11,US202605190009,26,13:00,13:30,班,on_duty
US00007,2026-06-11,US202605190009,27,13:30,14:00,班,on_duty
US00007,2026-06-11,US202605190009,28,14:00,14:30,班,on_duty
US00007,2026-06-11,US202605190009,29,14:30,15:00,班,on_duty
US00007,2026-06-11,US202605190009,30,15:00,15:30,班,on_duty
US00007,2026-06-11,US202605190009,31,15:30,16:00,班,on_duty
US00007,2026-06-11,US202605190009,32,16:00,16:30,班,on_duty
US00007,2026-06-11,US202605190009,33,16:30,17:00,班,on_duty
US00007,2026-06-11,US202605190009,34,17:00,17:30,班,on_duty
US00007,2026-06-11,US202605260004,12,06:00,06:30,班,on_duty
US00007,2026-06-11,US202605260004,13,06:30,07:00,班,on_duty
US00007,2026-06-11,US202605260004,14,07:00,07:30,班,on_duty
US00007,2026-06-11,US202605260004,15,07:30,08:00,班,on_duty
US00007,2026-06-11,US202605260004,16,08:00,08:30,班,on_duty
US00007,2026-06-11,US202605260004,17,08:30,09:00,班,on_duty
US00007,2026-06-11,US202605260004,18,09:00,09:30,班,on_duty
US00007,2026-06-11,US202605260004,19,09:30,10:00,班,on_duty
US00007,2026-06-11,US202605260004,20,10:00,10:30,休,rest
US00007,2026-06-11,US202605260004,21,10:30,11:00,休,rest
US00007,2026-06-11,US202605260004,22,11:00,11:30,班,on_duty
US00007,2026-06-11,US202605260004,23,11:30,12:00,班,on_duty
US00007,2026-06-11,US202605260004,24,12:00,12:30,班,on_duty
US00007,2026-06-11,US202605260004,25,12:30,13:00,班,on_duty
US00007,2026-06-11,US202605260004,26,13:00,13:30,班,on_duty
US00007,2026-06-11,US202605260004,27,13:30,14:00,班,on_duty
US00007,2026-06-11,US202605260004,28,14:00,14:30,班,on_duty
US00007,2026-06-12,US202507090003,28,14:00,14:30,班,on_duty
US00007,2026-06-12,US202507090003,29,14:30,15:00,班,on_duty
US00007,2026-06-12,US202507090003,30,15:00,15:30,班,on_duty
US00007,2026-06-12,US202507090003,31,15:30,16:00,班,on_duty
US00007,2026-06-12,US202507090003,32,16:00,16:30,班,on_duty
US00007,2026-06-12,US202507090003,33,16:30,17:00,班,on_duty
US00007,2026-06-12,US202507090003,34,17:00,17:30,班,on_duty
US00007,2026-06-12,US202507090003,35,17:30,18:00,班,on_duty
US00007,2026-06-12,US202507090003,36,18:00,18:30,休,rest
US00007,2026-06-12,US202507090003,37,18:30,19:00,休,rest
US00007,2026-06-12,US202507090003,38,19:00,19:30,班,on_duty
US00007,2026-06-12,US202507090003,39,19:30,20:00,班,on_duty
US00007,2026-06-12,US202507090003,40,20:00,20:30,班,on_duty
US00007,2026-06-12,US202507090003,41,20:30,21:00,班,on_duty
US00007,2026-06-12,US202507090003,42,21:00,21:30,班,on_duty
US00007,2026-06-12,US202507090003,43,21:30,22:00,班,on_duty
US00007,2026-06-12,US202507090003,44,22:00,22:30,班,on_duty
US00007,2026-06-12,US202510140002,12,06:00,06:30,班,on_duty
US00007,2026-06-12,US202510140002,13,06:30,07:00,班,on_duty
US00007,2026-06-12,US202510140002,14,07:00,07:30,班,on_duty
US00007,2026-06-12,US202510140002,15,07:30,08:00,班,on_duty
US00007,2026-06-12,US202510140002,16,08:00,08:30,班,on_duty
US00007,2026-06-12,US202510140002,17,08:30,09:00,班,on_duty
US00007,2026-06-12,US202510140002,18,09:00,09:30,休,rest
US00007,2026-06-12,US202510140002,19,09:30,10:00,休,rest
US00007,2026-06-12,US202510140002,20,10:00,10:30,班,on_duty
US00007,2026-06-12,US202510140002,21,10:30,11:00,班,on_duty
US00007,2026-06-12,US202510140002,22,11:00,11:30,班,on_duty
US00007,2026-06-12,US202510140002,23,11:30,12:00,班,on_duty
US00007,2026-06-12,US202510140002,24,12:00,12:30,班,on_duty
US00007,2026-06-12,US202510140002,25,12:30,13:00,班,on_duty
US00007,2026-06-12,US202510140002,26,13:00,13:30,班,on_duty
US00007,2026-06-12,US202511250003,12,06:00,06:30,班,on_duty
US00007,2026-06-12,US202511250003,13,06:30,07:00,班,on_duty
US00007,2026-06-12,US202511250003,14,07:00,07:30,班,on_duty
US00007,2026-06-12,US202511250003,15,07:30,08:00,班,on_duty
US00007,2026-06-12,US202511250003,16,08:00,08:30,班,on_duty
US00007,2026-06-12,US202511250003,17,08:30,09:00,班,on_duty
US00007,2026-06-12,US202511250003,18,09:00,09:30,班,on_duty
US00007,2026-06-12,US202511250003,19,09:30,10:00,班,on_duty
US00007,2026-06-12,US202511250003,20,10:00,10:30,休,rest
US00007,2026-06-12,US202511250003,21,10:30,11:00,休,rest
US00007,2026-06-12,US202511250003,22,11:00,11:30,班,on_duty
US00007,2026-06-12,US202511250003,23,11:30,12:00,班,on_duty
US00007,2026-06-12,US202511250003,24,12:00,12:30,班,on_duty
US00007,2026-06-12,US202511250003,25,12:30,13:00,班,on_duty
US00007,2026-06-12,US202511250003,26,13:00,13:30,班,on_duty
US00007,2026-06-12,US202511250003,27,13:30,14:00,班,on_duty
US00007,2026-06-12,US202511250003,28,14:00,14:30,班,on_duty
US00007,2026-06-12,US202603030006,12,06:00,06:30,班,on_duty
US00007,2026-06-12,US202603030006,13,06:30,07:00,班,on_duty
US00007,2026-06-12,US202603030006,14,07:00,07:30,班,on_duty
US00007,2026-06-12,US202603030006,15,07:30,08:00,班,on_duty
US00007,2026-06-12,US202603030006,16,08:00,08:30,班,on_duty
US00007,2026-06-12,US202603030006,17,08:30,09:00,班,on_duty
US00007,2026-06-12,US202603030006,18,09:00,09:30,班,on_duty
US00007,2026-06-12,US202603030006,19,09:30,10:00,班,on_duty
US00007,2026-06-12,US202603030006,20,10:00,10:30,班,on_duty
US00007,2026-06-12,US202603030006,21,10:30,11:00,班,on_duty
US00007,2026-06-12,US202603030006,22,11:00,11:30,休,rest
US00007,2026-06-12,US202603030006,23,11:30,12:00,休,rest
US00007,2026-06-12,US202603030006,24,12:00,12:30,班,on_duty
US00007,2026-06-12,US202603030006,25,12:30,13:00,班,on_duty
US00007,2026-06-12,US202603030006,26,13:00,13:30,班,on_duty
US00007,2026-06-12,US202603030006,27,13:30,14:00,班,on_duty
US00007,2026-06-12,US202603030006,28,14:00,14:30,班,on_duty
US00007,2026-06-12,US202603170001,28,14:00,14:30,班,on_duty
US00007,2026-06-12,US202603170001,29,14:30,15:00,班,on_duty
US00007,2026-06-12,US202603170001,30,15:00,15:30,班,on_duty
US00007,2026-06-12,US202603170001,31,15:30,16:00,班,on_duty
US00007,2026-06-12,US202603170001,32,16:00,16:30,班,on_duty
US00007,2026-06-12,US202603170001,33,16:30,17:00,班,on_duty
US00007,2026-06-12,US202603170001,34,17:00,17:30,休,rest
US00007,2026-06-12,US202603170001,35,17:30,18:00,休,rest
US00007,2026-06-12,US202603170001,36,18:00,18:30,班,on_duty
US00007,2026-06-12,US202603170001,37,18:30,19:00,班,on_duty
US00007,2026-06-12,US202603170001,38,19:00,19:30,班,on_duty
US00007,2026-06-12,US202603170001,39,19:30,20:00,班,on_duty
US00007,2026-06-12,US202603170001,40,20:00,20:30,班,on_duty
US00007,2026-06-12,US202603170001,41,20:30,21:00,班,on_duty
US00007,2026-06-12,US202603170001,42,21:00,21:30,班,on_duty
US00007,2026-06-12,US202603170001,43,21:30,22:00,班,on_duty
US00007,2026-06-12,US202603170001,44,22:00,22:30,班,on_duty
US00007,2026-06-12,US202605050006,28,14:00,14:30,班,on_duty
US00007,2026-06-12,US202605050006,29,14:30,15:00,班,on_duty
US00007,2026-06-12,US202605050006,30,15:00,15:30,班,on_duty
US00007,2026-06-12,US202605050006,31,15:30,16:00,班,on_duty
US00007,2026-06-12,US202605050006,32,16:00,16:30,班,on_duty
US00007,2026-06-12,US202605050006,33,16:30,17:00,班,on_duty
US00007,2026-06-12,US202605050006,34,17:00,17:30,班,on_duty
US00007,2026-06-12,US202605050006,35,17:30,18:00,班,on_duty
US00007,2026-06-12,US202605050006,36,18:00,18:30,休,rest
US00007,2026-06-12,US202605050006,37,18:30,19:00,休,rest
US00007,2026-06-12,US202605050006,38,19:00,19:30,班,on_duty
US00007,2026-06-12,US202605050006,39,19:30,20:00,班,on_duty
US00007,2026-06-12,US202605050006,40,20:00,20:30,班,on_duty
US00007,2026-06-12,US202605050006,41,20:30,21:00,班,on_duty
US00007,2026-06-12,US202605050006,42,21:00,21:30,班,on_duty
US00007,2026-06-12,US202605050006,43,21:30,22:00,班,on_duty
US00007,2026-06-12,US202605050006,44,22:00,22:30,班,on_duty
US00007,2026-06-12,US202605190008,12,06:00,06:30,班,on_duty
US00007,2026-06-12,US202605190008,13,06:30,07:00,班,on_duty
US00007,2026-06-12,US202605190008,14,07:00,07:30,班,on_duty
US00007,2026-06-12,US202605190008,15,07:30,08:00,班,on_duty
US00007,2026-06-12,US202605190008,16,08:00,08:30,班,on_duty
US00007,2026-06-12,US202605190008,17,08:30,09:00,班,on_duty
US00007,2026-06-12,US202605190008,18,09:00,09:30,休,rest
US00007,2026-06-12,US202605190008,19,09:30,10:00,休,rest
US00007,2026-06-12,US202605190008,20,10:00,10:30,班,on_duty
US00007,2026-06-12,US202605190008,21,10:30,11:00,班,on_duty
US00007,2026-06-12,US202605190008,22,11:00,11:30,班,on_duty
US00007,2026-06-12,US202605190008,23,11:30,12:00,班,on_duty
US00007,2026-06-12,US202605190008,24,12:00,12:30,班,on_duty
US00007,2026-06-12,US202605190008,25,12:30,13:00,班,on_duty
US00007,2026-06-12,US202605190008,26,13:00,13:30,班,on_duty
US00007,2026-06-12,US202605190008,27,13:30,14:00,班,on_duty
US00007,2026-06-12,US202605190008,28,14:00,14:30,班,on_duty
US00007,2026-06-12,US202605190009,28,14:00,14:30,班,on_duty
US00007,2026-06-12,US202605190009,29,14:30,15:00,班,on_duty
US00007,2026-06-12,US202605190009,30,15:00,15:30,班,on_duty
US00007,2026-06-12,US202605190009,31,15:30,16:00,班,on_duty
US00007,2026-06-12,US202605190009,32,16:00,16:30,班,on_duty
US00007,2026-06-12,US202605190009,33,16:30,17:00,班,on_duty
US00007,2026-06-12,US202605190009,34,17:00,17:30,休,rest
US00007,2026-06-12,US202605190009,35,17:30,18:00,休,rest
US00007,2026-06-12,US202605190009,36,18:00,18:30,班,on_duty
US00007,2026-06-12,US202605190009,37,18:30,19:00,班,on_duty
US00007,2026-06-12,US202605190009,38,19:00,19:30,班,on_duty
US00007,2026-06-12,US202605190009,39,19:30,20:00,班,on_duty
US00007,2026-06-12,US202605190009,40,20:00,20:30,班,on_duty
US00007,2026-06-12,US202605190009,41,20:30,21:00,班,on_duty
US00007,2026-06-12,US202605190009,42,21:00,21:30,班,on_duty
US00007,2026-06-12,US202605190009,43,21:30,22:00,班,on_duty
US00007,2026-06-12,US202605190009,44,22:00,22:30,班,on_duty
US00007,2026-06-13,US202507090003,22,11:00,11:30,班,on_duty
US00007,2026-06-13,US202507090003,23,11:30,12:00,班,on_duty
US00007,2026-06-13,US202507090003,24,12:00,12:30,班,on_duty
US00007,2026-06-13,US202507090003,25,12:30,13:00,班,on_duty
US00007,2026-06-13,US202507090003,26,13:00,13:30,班,on_duty
US00007,2026-06-13,US202507090003,27,13:30,14:00,班,on_duty
US00007,2026-06-13,US202507090003,28,14:00,14:30,休,rest
US00007,2026-06-13,US202507090003,29,14:30,15:00,班,on_duty
US00007,2026-06-13,US202507090003,30,15:00,15:30,班,on_duty
US00007,2026-06-13,US202507090003,31,15:30,16:00,班,on_duty
US00007,2026-06-13,US202507090003,32,16:00,16:30,班,on_duty
US00007,2026-06-13,US202507090003,33,16:30,17:00,班,on_duty
US00007,2026-06-13,US202507090003,34,17:00,17:30,班,on_duty
US00007,2026-06-13,US202507090003,35,17:30,18:00,班,on_duty
US00007,2026-06-13,US202507090003,36,18:00,18:30,班,on_duty
US00007,2026-06-13,US202507090003,37,18:30,19:00,班,on_duty
US00007,2026-06-13,US202507090003,38,19:00,19:30,班,on_duty
US00007,2026-06-13,US202510140002,31,15:30,16:00,班,on_duty
US00007,2026-06-13,US202510140002,32,16:00,16:30,班,on_duty
US00007,2026-06-13,US202510140002,33,16:30,17:00,班,on_duty
US00007,2026-06-13,US202510140002,34,17:00,17:30,班,on_duty
US00007,2026-06-13,US202510140002,35,17:30,18:00,班,on_duty
US00007,2026-06-13,US202510140002,36,18:00,18:30,休,rest
US00007,2026-06-13,US202510140002,37,18:30,19:00,休,rest
US00007,2026-06-13,US202510140002,38,19:00,19:30,班,on_duty
US00007,2026-06-13,US202510140002,39,19:30,20:00,班,on_duty
US00007,2026-06-13,US202510140002,40,20:00,20:30,班,on_duty
US00007,2026-06-13,US202510140002,41,20:30,21:00,班,on_duty
US00007,2026-06-13,US202510140002,42,21:00,21:30,班,on_duty
US00007,2026-06-13,US202510140002,43,21:30,22:00,班,on_duty
US00007,2026-06-13,US202510140002,44,22:00,22:30,班,on_duty
US00007,2026-06-13,US202511250003,12,06:00,06:30,班,on_duty
US00007,2026-06-13,US202511250003,13,06:30,07:00,班,on_duty
US00007,2026-06-13,US202511250003,14,07:00,07:30,班,on_duty
US00007,2026-06-13,US202511250003,15,07:30,08:00,班,on_duty
US00007,2026-06-13,US202511250003,16,08:00,08:30,班,on_duty
US00007,2026-06-13,US202511250003,17,08:30,09:00,班,on_duty
US00007,2026-06-13,US202511250003,18,09:00,09:30,班,on_duty
US00007,2026-06-13,US202511250003,19,09:30,10:00,班,on_duty
US00007,2026-06-13,US202511250003,20,10:00,10:30,休,rest
US00007,2026-06-13,US202511250003,21,10:30,11:00,休,rest
US00007,2026-06-13,US202511250003,22,11:00,11:30,班,on_duty
US00007,2026-06-13,US202511250003,23,11:30,12:00,班,on_duty
US00007,2026-06-13,US202511250003,24,12:00,12:30,班,on_duty
US00007,2026-06-13,US202511250003,25,12:30,13:00,班,on_duty
US00007,2026-06-13,US202511250003,26,13:00,13:30,班,on_duty
US00007,2026-06-13,US202511250003,27,13:30,14:00,班,on_duty
US00007,2026-06-13,US202511250003,28,14:00,14:30,班,on_duty
US00007,2026-06-13,US202603030006,12,06:00,06:30,班,on_duty
US00007,2026-06-13,US202603030006,13,06:30,07:00,班,on_duty
US00007,2026-06-13,US202603030006,14,07:00,07:30,班,on_duty
US00007,2026-06-13,US202603030006,15,07:30,08:00,班,on_duty
US00007,2026-06-13,US202603030006,16,08:00,08:30,班,on_duty
US00007,2026-06-13,US202603030006,17,08:30,09:00,班,on_duty
US00007,2026-06-13,US202603030006,18,09:00,09:30,休,rest
US00007,2026-06-13,US202603030006,19,09:30,10:00,休,rest
US00007,2026-06-13,US202603030006,20,10:00,10:30,班,on_duty
US00007,2026-06-13,US202603030006,21,10:30,11:00,班,on_duty
US00007,2026-06-13,US202603030006,22,11:00,11:30,班,on_duty
US00007,2026-06-13,US202603030006,23,11:30,12:00,班,on_duty
US00007,2026-06-13,US202603030006,24,12:00,12:30,班,on_duty
US00007,2026-06-13,US202603030006,25,12:30,13:00,班,on_duty
US00007,2026-06-13,US202603030006,26,13:00,13:30,班,on_duty
US00007,2026-06-13,US202603030006,27,13:30,14:00,班,on_duty
US00007,2026-06-13,US202603030006,28,14:00,14:30,班,on_duty
US00007,2026-06-13,US202603170001,28,14:00,14:30,班,on_duty
US00007,2026-06-13,US202603170001,29,14:30,15:00,班,on_duty
US00007,2026-06-13,US202603170001,30,15:00,15:30,班,on_duty
US00007,2026-06-13,US202603170001,31,15:30,16:00,班,on_duty
US00007,2026-06-13,US202603170001,32,16:00,16:30,班,on_duty
US00007,2026-06-13,US202603170001,33,16:30,17:00,班,on_duty
US00007,2026-06-13,US202603170001,34,17:00,17:30,休,rest
US00007,2026-06-13,US202603170001,35,17:30,18:00,休,rest
US00007,2026-06-13,US202603170001,36,18:00,18:30,班,on_duty
US00007,2026-06-13,US202603170001,37,18:30,19:00,班,on_duty
US00007,2026-06-13,US202603170001,38,19:00,19:30,班,on_duty
US00007,2026-06-13,US202603170001,39,19:30,20:00,班,on_duty
US00007,2026-06-13,US202603170001,40,20:00,20:30,班,on_duty
US00007,2026-06-13,US202603170001,41,20:30,21:00,班,on_duty
US00007,2026-06-13,US202603170001,42,21:00,21:30,班,on_duty
US00007,2026-06-13,US202603170001,43,21:30,22:00,班,on_duty
US00007,2026-06-13,US202603170001,44,22:00,22:30,班,on_duty
US00007,2026-06-13,US202604210001,12,06:00,06:30,班,on_duty
US00007,2026-06-13,US202604210001,13,06:30,07:00,班,on_duty
US00007,2026-06-13,US202604210001,14,07:00,07:30,班,on_duty
US00007,2026-06-13,US202604210001,15,07:30,08:00,班,on_duty
US00007,2026-06-13,US202604210001,16,08:00,08:30,班,on_duty
US00007,2026-06-13,US202604210001,17,08:30,09:00,班,on_duty
US00007,2026-06-13,US202604210001,18,09:00,09:30,班,on_duty
US00007,2026-06-13,US202604210001,19,09:30,10:00,班,on_duty
US00007,2026-06-13,US202604210001,20,10:00,10:30,休,rest
US00007,2026-06-13,US202604210001,21,10:30,11:00,休,rest
US00007,2026-06-13,US202604210001,22,11:00,11:30,班,on_duty
US00007,2026-06-13,US202604210001,23,11:30,12:00,班,on_duty
US00007,2026-06-13,US202604210001,24,12:00,12:30,班,on_duty
US00007,2026-06-13,US202604210001,25,12:30,13:00,班,on_duty
US00007,2026-06-13,US202604210001,26,13:00,13:30,班,on_duty
US00007,2026-06-13,US202604210001,27,13:30,14:00,班,on_duty
US00007,2026-06-13,US202604210001,28,14:00,14:30,班,on_duty
US00007,2026-06-13,US202605190008,12,06:00,06:30,班,on_duty
US00007,2026-06-13,US202605190008,13,06:30,07:00,班,on_duty
US00007,2026-06-13,US202605190008,14,07:00,07:30,班,on_duty
US00007,2026-06-13,US202605190008,15,07:30,08:00,班,on_duty
US00007,2026-06-13,US202605190008,16,08:00,08:30,班,on_duty
US00007,2026-06-13,US202605190008,17,08:30,09:00,班,on_duty
US00007,2026-06-13,US202605190008,18,09:00,09:30,休,rest
US00007,2026-06-13,US202605190008,19,09:30,10:00,休,rest
US00007,2026-06-13,US202605190008,20,10:00,10:30,班,on_duty
US00007,2026-06-13,US202605190008,21,10:30,11:00,班,on_duty
US00007,2026-06-13,US202605190008,22,11:00,11:30,班,on_duty
US00007,2026-06-13,US202605190008,23,11:30,12:00,班,on_duty
US00007,2026-06-13,US202605190008,24,12:00,12:30,班,on_duty
US00007,2026-06-13,US202605190008,25,12:30,13:00,班,on_duty
US00007,2026-06-13,US202605190008,26,13:00,13:30,班,on_duty
US00007,2026-06-13,US202605190008,27,13:30,14:00,班,on_duty
US00007,2026-06-13,US202605190008,28,14:00,14:30,班,on_duty
US00007,2026-06-13,US202605190009,28,14:00,14:30,班,on_duty
US00007,2026-06-13,US202605190009,29,14:30,15:00,班,on_duty
US00007,2026-06-13,US202605190009,30,15:00,15:30,班,on_duty
US00007,2026-06-13,US202605190009,31,15:30,16:00,班,on_duty
US00007,2026-06-13,US202605190009,32,16:00,16:30,班,on_duty
US00007,2026-06-13,US202605190009,33,16:30,17:00,班,on_duty
US00007,2026-06-13,US202605190009,34,17:00,17:30,休,rest
US00007,2026-06-13,US202605190009,35,17:30,18:00,休,rest
US00007,2026-06-13,US202605190009,36,18:00,18:30,班,on_duty
US00007,2026-06-13,US202605190009,37,18:30,19:00,班,on_duty
US00007,2026-06-13,US202605190009,38,19:00,19:30,班,on_duty
US00007,2026-06-13,US202605190009,39,19:30,20:00,班,on_duty
US00007,2026-06-13,US202605190009,40,20:00,20:30,班,on_duty
US00007,2026-06-13,US202605190009,41,20:30,21:00,班,on_duty
US00007,2026-06-13,US202605190009,42,21:00,21:30,班,on_duty
US00007,2026-06-13,US202605190009,43,21:30,22:00,班,on_duty
US00007,2026-06-13,US202605190009,44,22:00,22:30,班,on_duty
US00007,2026-06-13,US202605260004,28,14:00,14:30,班,on_duty
US00007,2026-06-13,US202605260004,29,14:30,15:00,班,on_duty
US00007,2026-06-13,US202605260004,30,15:00,15:30,班,on_duty
US00007,2026-06-13,US202605260004,31,15:30,16:00,班,on_duty
US00007,2026-06-13,US202605260004,32,16:00,16:30,班,on_duty
US00007,2026-06-13,US202605260004,33,16:30,17:00,班,on_duty
US00007,2026-06-13,US202605260004,34,17:00,17:30,班,on_duty
US00007,2026-06-13,US202605260004,35,17:30,18:00,班,on_duty
US00007,2026-06-13,US202605260004,36,18:00,18:30,休,rest
US00007,2026-06-13,US202605260004,37,18:30,19:00,休,rest
US00007,2026-06-13,US202605260004,38,19:00,19:30,班,on_duty
US00007,2026-06-13,US202605260004,39,19:30,20:00,班,on_duty
US00007,2026-06-13,US202605260004,40,20:00,20:30,班,on_duty
US00007,2026-06-13,US202605260004,41,20:30,21:00,班,on_duty
US00007,2026-06-13,US202605260004,42,21:00,21:30,班,on_duty
US00007,2026-06-13,US202605260004,43,21:30,22:00,班,on_duty
US00007,2026-06-13,US202605260004,44,22:00,22:30,班,on_duty
US00007,2026-06-14,US202507090003,28,14:00,14:30,班,on_duty
US00007,2026-06-14,US202507090003,29,14:30,15:00,班,on_duty
US00007,2026-06-14,US202507090003,30,15:00,15:30,班,on_duty
US00007,2026-06-14,US202507090003,31,15:30,16:00,班,on_duty
US00007,2026-06-14,US202507090003,32,16:00,16:30,班,on_duty
US00007,2026-06-14,US202507090003,33,16:30,17:00,班,on_duty
US00007,2026-06-14,US202507090003,34,17:00,17:30,班,on_duty
US00007,2026-06-14,US202507090003,35,17:30,18:00,班,on_duty
US00007,2026-06-14,US202507090003,36,18:00,18:30,休,rest
US00007,2026-06-14,US202507090003,37,18:30,19:00,休,rest
US00007,2026-06-14,US202507090003,38,19:00,19:30,班,on_duty
US00007,2026-06-14,US202507090003,39,19:30,20:00,班,on_duty
US00007,2026-06-14,US202507090003,40,20:00,20:30,班,on_duty
US00007,2026-06-14,US202507090003,41,20:30,21:00,班,on_duty
US00007,2026-06-14,US202507090003,42,21:00,21:30,班,on_duty
US00007,2026-06-14,US202507090003,43,21:30,22:00,班,on_duty
US00007,2026-06-14,US202507090003,44,22:00,22:30,班,on_duty
US00007,2026-06-14,US202511250003,18,09:00,09:30,班,on_duty
US00007,2026-06-14,US202511250003,19,09:30,10:00,班,on_duty
US00007,2026-06-14,US202511250003,20,10:00,10:30,班,on_duty
US00007,2026-06-14,US202511250003,21,10:30,11:00,班,on_duty
US00007,2026-06-14,US202511250003,22,11:00,11:30,班,on_duty
US00007,2026-06-14,US202511250003,23,11:30,12:00,班,on_duty
US00007,2026-06-14,US202511250003,24,12:00,12:30,班,on_duty
US00007,2026-06-14,US202511250003,25,12:30,13:00,班,on_duty
US00007,2026-06-14,US202511250003,26,13:00,13:30,休,rest
US00007,2026-06-14,US202511250003,27,13:30,14:00,班,on_duty
US00007,2026-06-14,US202511250003,28,14:00,14:30,班,on_duty
US00007,2026-06-14,US202511250003,29,14:30,15:00,班,on_duty
US00007,2026-06-14,US202511250003,30,15:00,15:30,班,on_duty
US00007,2026-06-14,US202511250003,31,15:30,16:00,班,on_duty
US00007,2026-06-14,US202511250003,32,16:00,16:30,班,on_duty
US00007,2026-06-14,US202511250003,33,16:30,17:00,班,on_duty
US00007,2026-06-14,US202511250003,34,17:00,17:30,班,on_duty
US00007,2026-06-14,US202602180008,12,06:00,06:30,班,on_duty
US00007,2026-06-14,US202602180008,13,06:30,07:00,班,on_duty
US00007,2026-06-14,US202602180008,14,07:00,07:30,班,on_duty
US00007,2026-06-14,US202602180008,15,07:30,08:00,班,on_duty
US00007,2026-06-14,US202602180008,16,08:00,08:30,班,on_duty
US00007,2026-06-14,US202602180008,17,08:30,09:00,班,on_duty
US00007,2026-06-14,US202602180008,18,09:00,09:30,班,on_duty
US00007,2026-06-14,US202602180008,19,09:30,10:00,班,on_duty
US00007,2026-06-14,US202602180008,20,10:00,10:30,休,rest
US00007,2026-06-14,US202602180008,21,10:30,11:00,休,rest
US00007,2026-06-14,US202602180008,22,11:00,11:30,班,on_duty
US00007,2026-06-14,US202602180008,23,11:30,12:00,班,on_duty
US00007,2026-06-14,US202602180008,24,12:00,12:30,班,on_duty
US00007,2026-06-14,US202602180008,25,12:30,13:00,班,on_duty
US00007,2026-06-14,US202602180008,26,13:00,13:30,班,on_duty
US00007,2026-06-14,US202602180008,27,13:30,14:00,班,on_duty
US00007,2026-06-14,US202602180008,28,14:00,14:30,班,on_duty
US00007,2026-06-14,US202603030006,12,06:00,06:30,班,on_duty
US00007,2026-06-14,US202603030006,13,06:30,07:00,班,on_duty
US00007,2026-06-14,US202603030006,14,07:00,07:30,班,on_duty
US00007,2026-06-14,US202603030006,15,07:30,08:00,班,on_duty
US00007,2026-06-14,US202603030006,16,08:00,08:30,班,on_duty
US00007,2026-06-14,US202603030006,17,08:30,09:00,班,on_duty
US00007,2026-06-14,US202603030006,18,09:00,09:30,休,rest
US00007,2026-06-14,US202603030006,19,09:30,10:00,休,rest
US00007,2026-06-14,US202603030006,20,10:00,10:30,班,on_duty
US00007,2026-06-14,US202603030006,21,10:30,11:00,班,on_duty
US00007,2026-06-14,US202603030006,22,11:00,11:30,班,on_duty
US00007,2026-06-14,US202603030006,23,11:30,12:00,班,on_duty
US00007,2026-06-14,US202603030006,24,12:00,12:30,班,on_duty
US00007,2026-06-14,US202603030006,25,12:30,13:00,班,on_duty
US00007,2026-06-14,US202603030006,26,13:00,13:30,班,on_duty
US00007,2026-06-14,US202603030006,27,13:30,14:00,班,on_duty
US00007,2026-06-14,US202603030006,28,14:00,14:30,班,on_duty
US00007,2026-06-14,US202605050006,12,06:00,06:30,班,on_duty
US00007,2026-06-14,US202605050006,13,06:30,07:00,班,on_duty
US00007,2026-06-14,US202605050006,14,07:00,07:30,班,on_duty
US00007,2026-06-14,US202605050006,15,07:30,08:00,班,on_duty
US00007,2026-06-14,US202605050006,16,08:00,08:30,班,on_duty
US00007,2026-06-14,US202605050006,17,08:30,09:00,班,on_duty
US00007,2026-06-14,US202605050006,18,09:00,09:30,休,rest
US00007,2026-06-14,US202605050006,19,09:30,10:00,休,rest
US00007,2026-06-14,US202605050006,20,10:00,10:30,班,on_duty
US00007,2026-06-14,US202605050006,21,10:30,11:00,班,on_duty
US00007,2026-06-14,US202605050006,22,11:00,11:30,班,on_duty
US00007,2026-06-14,US202605050006,23,11:30,12:00,班,on_duty
US00007,2026-06-14,US202605050006,24,12:00,12:30,班,on_duty
US00007,2026-06-14,US202605050006,25,12:30,13:00,班,on_duty
US00007,2026-06-14,US202605050006,26,13:00,13:30,班,on_duty
US00007,2026-06-14,US202605050006,27,13:30,14:00,班,on_duty
US00007,2026-06-14,US202605050006,28,14:00,14:30,班,on_duty
US00007,2026-06-14,US202605190008,28,14:00,14:30,班,on_duty
US00007,2026-06-14,US202605190008,29,14:30,15:00,班,on_duty
US00007,2026-06-14,US202605190008,30,15:00,15:30,班,on_duty
US00007,2026-06-14,US202605190008,31,15:30,16:00,班,on_duty
US00007,2026-06-14,US202605190008,32,16:00,16:30,班,on_duty
US00007,2026-06-14,US202605190008,33,16:30,17:00,班,on_duty
US00007,2026-06-14,US202605190008,34,17:00,17:30,休,rest
US00007,2026-06-14,US202605190008,35,17:30,18:00,休,rest
US00007,2026-06-14,US202605190008,36,18:00,18:30,班,on_duty
US00007,2026-06-14,US202605190008,37,18:30,19:00,班,on_duty
US00007,2026-06-14,US202605190008,38,19:00,19:30,班,on_duty
US00007,2026-06-14,US202605190008,39,19:30,20:00,班,on_duty
US00007,2026-06-14,US202605190008,40,20:00,20:30,班,on_duty
US00007,2026-06-14,US202605190008,41,20:30,21:00,班,on_duty
US00007,2026-06-14,US202605190008,42,21:00,21:30,班,on_duty
US00007,2026-06-14,US202605190008,43,21:30,22:00,班,on_duty
US00007,2026-06-14,US202605190008,44,22:00,22:30,班,on_duty
US00007,2026-06-14,US202605190009,28,14:00,14:30,班,on_duty
US00007,2026-06-14,US202605190009,29,14:30,15:00,班,on_duty
US00007,2026-06-14,US202605190009,30,15:00,15:30,班,on_duty
US00007,2026-06-14,US202605190009,31,15:30,16:00,班,on_duty
US00007,2026-06-14,US202605190009,32,16:00,16:30,班,on_duty
US00007,2026-06-14,US202605190009,33,16:30,17:00,班,on_duty
US00007,2026-06-14,US202605190009,34,17:00,17:30,休,rest
US00007,2026-06-14,US202605190009,35,17:30,18:00,休,rest
US00007,2026-06-14,US202605190009,36,18:00,18:30,班,on_duty
US00007,2026-06-14,US202605190009,37,18:30,19:00,班,on_duty
US00007,2026-06-14,US202605190009,38,19:00,19:30,班,on_duty
US00007,2026-06-14,US202605190009,39,19:30,20:00,班,on_duty
US00007,2026-06-14,US202605190009,40,20:00,20:30,班,on_duty
US00007,2026-06-14,US202605190009,41,20:30,21:00,班,on_duty
US00007,2026-06-14,US202605190009,42,21:00,21:30,班,on_duty
US00007,2026-06-14,US202605190009,43,21:30,22:00,班,on_duty
US00007,2026-06-14,US202605190009,44,22:00,22:30,班,on_duty
US00007,2026-06-14,US202605260004,22,11:00,11:30,班,on_duty
US00007,2026-06-14,US202605260004,23,11:30,12:00,班,on_duty
US00007,2026-06-14,US202605260004,24,12:00,12:30,班,on_duty
US00007,2026-06-14,US202605260004,25,12:30,13:00,班,on_duty
US00007,2026-06-14,US202605260004,26,13:00,13:30,班,on_duty
US00007,2026-06-14,US202605260004,27,13:30,14:00,班,on_duty
US00007,2026-06-14,US202605260004,28,14:00,14:30,班,on_duty
US00007,2026-06-14,US202605260004,29,14:30,15:00,班,on_duty
US00007,2026-06-14,US202605260004,30,15:00,15:30,休,rest
US00007,2026-06-14,US202605260004,31,15:30,16:00,班,on_duty
US00007,2026-06-14,US202605260004,32,16:00,16:30,班,on_duty
US00007,2026-06-14,US202605260004,33,16:30,17:00,班,on_duty
US00007,2026-06-14,US202605260004,34,17:00,17:30,班,on_duty
US00007,2026-06-14,US202605260004,35,17:30,18:00,班,on_duty
US00007,2026-06-14,US202605260004,36,18:00,18:30,班,on_duty
US00007,2026-06-14,US202605260004,37,18:30,19:00,班,on_duty
US00007,2026-06-14,US202605260004,38,19:00,19:30,班,on_duty
US00006,2026-06-08,US202510280004,26,13:00,13:30,班,on_duty
US00006,2026-06-08,US202510280004,27,13:30,14:00,班,on_duty
US00006,2026-06-08,US202510280004,28,14:00,14:30,班,on_duty
US00006,2026-06-08,US202510280004,29,14:30,15:00,班,on_duty
US00006,2026-06-08,US202510280004,30,15:00,15:30,班,on_duty
US00006,2026-06-08,US202510280004,31,15:30,16:00,班,on_duty
US00006,2026-06-08,US202510280004,32,16:00,16:30,班,on_duty
US00006,2026-06-08,US202510280004,33,16:30,17:00,班,on_duty
US00006,2026-06-08,US202510280004,34,17:00,17:30,休,rest
US00006,2026-06-08,US202510280004,35,17:30,18:00,休,rest
US00006,2026-06-08,US202510280004,36,18:00,18:30,班,on_duty
US00006,2026-06-08,US202510280004,37,18:30,19:00,班,on_duty
US00006,2026-06-08,US202510280004,38,19:00,19:30,班,on_duty
US00006,2026-06-08,US202510280004,39,19:30,20:00,班,on_duty
US00006,2026-06-08,US202510280004,40,20:00,20:30,班,on_duty
US00006,2026-06-08,US202510280004,41,20:30,21:00,班,on_duty
US00006,2026-06-08,US202510280004,42,21:00,21:30,班,on_duty
US00006,2026-06-08,US202512170005,18,09:00,09:30,班,on_duty
US00006,2026-06-08,US202512170005,19,09:30,10:00,班,on_duty
US00006,2026-06-08,US202512170005,20,10:00,10:30,班,on_duty
US00006,2026-06-08,US202512170005,21,10:30,11:00,班,on_duty
US00006,2026-06-08,US202512170005,22,11:00,11:30,班,on_duty
US00006,2026-06-08,US202512170005,23,11:30,12:00,班,on_duty
US00006,2026-06-08,US202512170005,24,12:00,12:30,休,rest
US00006,2026-06-08,US202512170005,25,12:30,13:00,班,on_duty
US00006,2026-06-08,US202512170005,26,13:00,13:30,班,on_duty
US00006,2026-06-08,US202512170005,27,13:30,14:00,班,on_duty
US00006,2026-06-08,US202512170005,28,14:00,14:30,班,on_duty
US00006,2026-06-08,US202512170005,29,14:30,15:00,班,on_duty
US00006,2026-06-08,US202512170005,30,15:00,15:30,班,on_duty
US00006,2026-06-08,US202512170005,31,15:30,16:00,班,on_duty
US00006,2026-06-08,US202512170005,32,16:00,16:30,班,on_duty
US00006,2026-06-08,US202512170005,33,16:30,17:00,班,on_duty
US00006,2026-06-08,US202601200005,26,13:00,13:30,班,on_duty
US00006,2026-06-08,US202601200005,27,13:30,14:00,班,on_duty
US00006,2026-06-08,US202601200005,28,14:00,14:30,班,on_duty
US00006,2026-06-08,US202601200005,29,14:30,15:00,班,on_duty
US00006,2026-06-08,US202601200005,30,15:00,15:30,班,on_duty
US00006,2026-06-08,US202601200005,31,15:30,16:00,班,on_duty
US00006,2026-06-08,US202601200005,32,16:00,16:30,休,rest
US00006,2026-06-08,US202601200005,33,16:30,17:00,休,rest
US00006,2026-06-08,US202601200005,34,17:00,17:30,班,on_duty
US00006,2026-06-08,US202601200005,35,17:30,18:00,班,on_duty
US00006,2026-06-08,US202601200005,36,18:00,18:30,班,on_duty
US00006,2026-06-08,US202601200005,37,18:30,19:00,班,on_duty
US00006,2026-06-08,US202601200005,38,19:00,19:30,班,on_duty
US00006,2026-06-08,US202601200005,39,19:30,20:00,班,on_duty
US00006,2026-06-08,US202601200005,40,20:00,20:30,班,on_duty
US00006,2026-06-08,US202601200005,41,20:30,21:00,班,on_duty
US00006,2026-06-08,US202601200005,42,21:00,21:30,班,on_duty
US00006,2026-06-08,US202602030006,12,06:00,06:30,班,on_duty
US00006,2026-06-08,US202602030006,13,06:30,07:00,班,on_duty
US00006,2026-06-08,US202602030006,14,07:00,07:30,班,on_duty
US00006,2026-06-08,US202602030006,15,07:30,08:00,班,on_duty
US00006,2026-06-08,US202602030006,16,08:00,08:30,班,on_duty
US00006,2026-06-08,US202602030006,17,08:30,09:00,班,on_duty
US00006,2026-06-08,US202602030006,18,09:00,09:30,休,rest
US00006,2026-06-08,US202602030006,19,09:30,10:00,休,rest
US00006,2026-06-08,US202602030006,20,10:00,10:30,班,on_duty
US00006,2026-06-08,US202602030006,21,10:30,11:00,班,on_duty
US00006,2026-06-08,US202602030006,22,11:00,11:30,班,on_duty
US00006,2026-06-08,US202602030006,23,11:30,12:00,班,on_duty
US00006,2026-06-08,US202602030006,24,12:00,12:30,班,on_duty
US00006,2026-06-08,US202602030006,25,12:30,13:00,班,on_duty
US00006,2026-06-08,US202602030006,26,13:00,13:30,班,on_duty
US00006,2026-06-08,US202602030006,27,13:30,14:00,班,on_duty
US00006,2026-06-08,US202602030006,28,14:00,14:30,班,on_duty
US00006,2026-06-08,US202602240006,16,08:00,08:30,班,on_duty
US00006,2026-06-08,US202602240006,17,08:30,09:00,班,on_duty
US00006,2026-06-08,US202602240006,18,09:00,09:30,班,on_duty
US00006,2026-06-08,US202602240006,19,09:30,10:00,班,on_duty
US00006,2026-06-08,US202602240006,20,10:00,10:30,班,on_duty
US00006,2026-06-08,US202602240006,21,10:30,11:00,班,on_duty
US00006,2026-06-08,US202602240006,22,11:00,11:30,班,on_duty
US00006,2026-06-08,US202602240006,23,11:30,12:00,班,on_duty
US00006,2026-06-08,US202602240006,24,12:00,12:30,休,rest
US00006,2026-06-08,US202602240006,25,12:30,13:00,班,on_duty
US00006,2026-06-08,US202602240006,26,13:00,13:30,班,on_duty
US00006,2026-06-08,US202602240006,27,13:30,14:00,班,on_duty
US00006,2026-06-08,US202602240006,28,14:00,14:30,班,on_duty
US00006,2026-06-08,US202602240006,29,14:30,15:00,班,on_duty
US00006,2026-06-08,US202602240006,30,15:00,15:30,班,on_duty
US00006,2026-06-08,US202602240006,31,15:30,16:00,班,on_duty
US00006,2026-06-08,US202604020002,12,06:00,06:30,班,on_duty
US00006,2026-06-08,US202604020002,13,06:30,07:00,班,on_duty
US00006,2026-06-08,US202604020002,14,07:00,07:30,班,on_duty
US00006,2026-06-08,US202604020002,15,07:30,08:00,班,on_duty
US00006,2026-06-08,US202604020002,16,08:00,08:30,班,on_duty
US00006,2026-06-08,US202604020002,17,08:30,09:00,班,on_duty
US00006,2026-06-08,US202604020002,18,09:00,09:30,班,on_duty
US00006,2026-06-08,US202604020002,19,09:30,10:00,班,on_duty
US00006,2026-06-08,US202604020002,20,10:00,10:30,休,rest
US00006,2026-06-08,US202604020002,21,10:30,11:00,休,rest
US00006,2026-06-08,US202604020002,22,11:00,11:30,班,on_duty
US00006,2026-06-08,US202604020002,23,11:30,12:00,班,on_duty
US00006,2026-06-08,US202604020002,24,12:00,12:30,班,on_duty
US00006,2026-06-08,US202604020002,25,12:30,13:00,班,on_duty
US00006,2026-06-08,US202604020002,26,13:00,13:30,班,on_duty
US00006,2026-06-08,US202604020002,27,13:30,14:00,班,on_duty
US00006,2026-06-08,US202604020002,28,14:00,14:30,班,on_duty
US00006,2026-06-08,US202605140002,26,13:00,13:30,班,on_duty
US00006,2026-06-08,US202605140002,27,13:30,14:00,班,on_duty
US00006,2026-06-08,US202605140002,28,14:00,14:30,班,on_duty
US00006,2026-06-08,US202605140002,29,14:30,15:00,班,on_duty
US00006,2026-06-08,US202605140002,30,15:00,15:30,班,on_duty
US00006,2026-06-08,US202605140002,31,15:30,16:00,班,on_duty
US00006,2026-06-08,US202605140002,32,16:00,16:30,班,on_duty
US00006,2026-06-08,US202605140002,33,16:30,17:00,班,on_duty
US00006,2026-06-08,US202605140002,34,17:00,17:30,班,on_duty
US00006,2026-06-08,US202605140002,35,17:30,18:00,班,on_duty
US00006,2026-06-08,US202605140002,36,18:00,18:30,休,rest
US00006,2026-06-08,US202605140002,37,18:30,19:00,休,rest
US00006,2026-06-08,US202605140002,38,19:00,19:30,班,on_duty
US00006,2026-06-08,US202605140002,39,19:30,20:00,班,on_duty
US00006,2026-06-08,US202605140002,40,20:00,20:30,班,on_duty
US00006,2026-06-08,US202605140002,41,20:30,21:00,班,on_duty
US00006,2026-06-08,US202605140002,42,21:00,21:30,班,on_duty
US00006,2026-06-08,US202605190003,12,06:00,06:30,班,on_duty
US00006,2026-06-08,US202605190003,13,06:30,07:00,班,on_duty
US00006,2026-06-08,US202605190003,14,07:00,07:30,班,on_duty
US00006,2026-06-08,US202605190003,15,07:30,08:00,班,on_duty
US00006,2026-06-08,US202605190003,16,08:00,08:30,班,on_duty
US00006,2026-06-08,US202605190003,17,08:30,09:00,班,on_duty
US00006,2026-06-08,US202605190003,18,09:00,09:30,班,on_duty
US00006,2026-06-08,US202605190003,19,09:30,10:00,班,on_duty
US00006,2026-06-08,US202605190003,20,10:00,10:30,班,on_duty
US00006,2026-06-08,US202605190003,21,10:30,11:00,班,on_duty
US00006,2026-06-08,US202605190003,22,11:00,11:30,休,rest
US00006,2026-06-08,US202605190003,23,11:30,12:00,休,rest
US00006,2026-06-08,US202605190003,24,12:00,12:30,班,on_duty
US00006,2026-06-08,US202605190003,25,12:30,13:00,班,on_duty
US00006,2026-06-08,US202605190003,26,13:00,13:30,班,on_duty
US00006,2026-06-08,US202605190003,27,13:30,14:00,班,on_duty
US00006,2026-06-08,US202605190003,28,14:00,14:30,班,on_duty
US00006,2026-06-09,US202510280004,26,13:00,13:30,班,on_duty
US00006,2026-06-09,US202510280004,27,13:30,14:00,班,on_duty
US00006,2026-06-09,US202510280004,28,14:00,14:30,班,on_duty
US00006,2026-06-09,US202510280004,29,14:30,15:00,班,on_duty
US00006,2026-06-09,US202510280004,30,15:00,15:30,班,on_duty
US00006,2026-06-09,US202510280004,31,15:30,16:00,班,on_duty
US00006,2026-06-09,US202510280004,32,16:00,16:30,班,on_duty
US00006,2026-06-09,US202510280004,33,16:30,17:00,班,on_duty
US00006,2026-06-09,US202510280004,34,17:00,17:30,休,rest
US00006,2026-06-09,US202510280004,35,17:30,18:00,休,rest
US00006,2026-06-09,US202510280004,36,18:00,18:30,班,on_duty
US00006,2026-06-09,US202510280004,37,18:30,19:00,班,on_duty
US00006,2026-06-09,US202510280004,38,19:00,19:30,班,on_duty
US00006,2026-06-09,US202510280004,39,19:30,20:00,班,on_duty
US00006,2026-06-09,US202510280004,40,20:00,20:30,班,on_duty
US00006,2026-06-09,US202510280004,41,20:30,21:00,班,on_duty
US00006,2026-06-09,US202510280004,42,21:00,21:30,班,on_duty
US00006,2026-06-09,US202601200005,26,13:00,13:30,班,on_duty
US00006,2026-06-09,US202601200005,27,13:30,14:00,班,on_duty
US00006,2026-06-09,US202601200005,28,14:00,14:30,班,on_duty
US00006,2026-06-09,US202601200005,29,14:30,15:00,班,on_duty
US00006,2026-06-09,US202601200005,30,15:00,15:30,班,on_duty
US00006,2026-06-09,US202601200005,31,15:30,16:00,班,on_duty
US00006,2026-06-09,US202601200005,32,16:00,16:30,休,rest
US00006,2026-06-09,US202601200005,33,16:30,17:00,休,rest
US00006,2026-06-09,US202601200005,34,17:00,17:30,班,on_duty
US00006,2026-06-09,US202601200005,35,17:30,18:00,班,on_duty
US00006,2026-06-09,US202601200005,36,18:00,18:30,班,on_duty
US00006,2026-06-09,US202601200005,37,18:30,19:00,班,on_duty
US00006,2026-06-09,US202601200005,38,19:00,19:30,班,on_duty
US00006,2026-06-09,US202601200005,39,19:30,20:00,班,on_duty
US00006,2026-06-09,US202601200005,40,20:00,20:30,班,on_duty
US00006,2026-06-09,US202601200005,41,20:30,21:00,班,on_duty
US00006,2026-06-09,US202601200005,42,21:00,21:30,班,on_duty
US00006,2026-06-09,US202601270001,18,09:00,09:30,班,on_duty
US00006,2026-06-09,US202601270001,19,09:30,10:00,班,on_duty
US00006,2026-06-09,US202601270001,20,10:00,10:30,班,on_duty
US00006,2026-06-09,US202601270001,21,10:30,11:00,班,on_duty
US00006,2026-06-09,US202601270001,22,11:00,11:30,班,on_duty
US00006,2026-06-09,US202601270001,23,11:30,12:00,班,on_duty
US00006,2026-06-09,US202601270001,24,12:00,12:30,班,on_duty
US00006,2026-06-09,US202601270001,25,12:30,13:00,班,on_duty
US00006,2026-06-09,US202601270001,26,13:00,13:30,休,rest
US00006,2026-06-09,US202601270001,27,13:30,14:00,班,on_duty
US00006,2026-06-09,US202601270001,28,14:00,14:30,班,on_duty
US00006,2026-06-09,US202601270001,29,14:30,15:00,班,on_duty
US00006,2026-06-09,US202601270001,30,15:00,15:30,班,on_duty
US00006,2026-06-09,US202601270001,31,15:30,16:00,班,on_duty
US00006,2026-06-09,US202601270001,32,16:00,16:30,班,on_duty
US00006,2026-06-09,US202601270001,33,16:30,17:00,班,on_duty
US00006,2026-06-09,US202602030006,12,06:00,06:30,班,on_duty
US00006,2026-06-09,US202602030006,13,06:30,07:00,班,on_duty
US00006,2026-06-09,US202602030006,14,07:00,07:30,班,on_duty
US00006,2026-06-09,US202602030006,15,07:30,08:00,班,on_duty
US00006,2026-06-09,US202602030006,16,08:00,08:30,班,on_duty
US00006,2026-06-09,US202602030006,17,08:30,09:00,班,on_duty
US00006,2026-06-09,US202602030006,18,09:00,09:30,休,rest
US00006,2026-06-09,US202602030006,19,09:30,10:00,休,rest
US00006,2026-06-09,US202602030006,20,10:00,10:30,班,on_duty
US00006,2026-06-09,US202602030006,21,10:30,11:00,班,on_duty
US00006,2026-06-09,US202602030006,22,11:00,11:30,班,on_duty
US00006,2026-06-09,US202602030006,23,11:30,12:00,班,on_duty
US00006,2026-06-09,US202602030006,24,12:00,12:30,班,on_duty
US00006,2026-06-09,US202602030006,25,12:30,13:00,班,on_duty
US00006,2026-06-09,US202602030006,26,13:00,13:30,班,on_duty
US00006,2026-06-09,US202602030006,27,13:30,14:00,班,on_duty
US00006,2026-06-09,US202602030006,28,14:00,14:30,班,on_duty
US00006,2026-06-09,US202602240006,16,08:00,08:30,班,on_duty
US00006,2026-06-09,US202602240006,17,08:30,09:00,班,on_duty
US00006,2026-06-09,US202602240006,18,09:00,09:30,班,on_duty
US00006,2026-06-09,US202602240006,19,09:30,10:00,班,on_duty
US00006,2026-06-09,US202602240006,20,10:00,10:30,班,on_duty
US00006,2026-06-09,US202602240006,21,10:30,11:00,班,on_duty
US00006,2026-06-09,US202602240006,22,11:00,11:30,班,on_duty
US00006,2026-06-09,US202602240006,23,11:30,12:00,班,on_duty
US00006,2026-06-09,US202602240006,24,12:00,12:30,休,rest
US00006,2026-06-09,US202602240006,25,12:30,13:00,班,on_duty
US00006,2026-06-09,US202602240006,26,13:00,13:30,班,on_duty
US00006,2026-06-09,US202602240006,27,13:30,14:00,班,on_duty
US00006,2026-06-09,US202602240006,28,14:00,14:30,班,on_duty
US00006,2026-06-09,US202602240006,29,14:30,15:00,班,on_duty
US00006,2026-06-09,US202602240006,30,15:00,15:30,班,on_duty
US00006,2026-06-09,US202602240006,31,15:30,16:00,班,on_duty
US00006,2026-06-09,US202604020002,12,06:00,06:30,班,on_duty
US00006,2026-06-09,US202604020002,13,06:30,07:00,班,on_duty
US00006,2026-06-09,US202604020002,14,07:00,07:30,班,on_duty
US00006,2026-06-09,US202604020002,15,07:30,08:00,班,on_duty
US00006,2026-06-09,US202604020002,16,08:00,08:30,班,on_duty
US00006,2026-06-09,US202604020002,17,08:30,09:00,班,on_duty
US00006,2026-06-09,US202604020002,18,09:00,09:30,班,on_duty
US00006,2026-06-09,US202604020002,19,09:30,10:00,班,on_duty
US00006,2026-06-09,US202604020002,20,10:00,10:30,休,rest
US00006,2026-06-09,US202604020002,21,10:30,11:00,休,rest
US00006,2026-06-09,US202604020002,22,11:00,11:30,班,on_duty
US00006,2026-06-09,US202604020002,23,11:30,12:00,班,on_duty
US00006,2026-06-09,US202604020002,24,12:00,12:30,班,on_duty
US00006,2026-06-09,US202604020002,25,12:30,13:00,班,on_duty
US00006,2026-06-09,US202604020002,26,13:00,13:30,班,on_duty
US00006,2026-06-09,US202604020002,27,13:30,14:00,班,on_duty
US00006,2026-06-09,US202604020002,28,14:00,14:30,班,on_duty
US00006,2026-06-09,US202605140002,26,13:00,13:30,班,on_duty
US00006,2026-06-09,US202605140002,27,13:30,14:00,班,on_duty
US00006,2026-06-09,US202605140002,28,14:00,14:30,班,on_duty
US00006,2026-06-09,US202605140002,29,14:30,15:00,班,on_duty
US00006,2026-06-09,US202605140002,30,15:00,15:30,班,on_duty
US00006,2026-06-09,US202605140002,31,15:30,16:00,班,on_duty
US00006,2026-06-09,US202605140002,32,16:00,16:30,班,on_duty
US00006,2026-06-09,US202605140002,33,16:30,17:00,班,on_duty
US00006,2026-06-09,US202605140002,34,17:00,17:30,班,on_duty
US00006,2026-06-09,US202605140002,35,17:30,18:00,班,on_duty
US00006,2026-06-09,US202605140002,36,18:00,18:30,休,rest
US00006,2026-06-09,US202605140002,37,18:30,19:00,休,rest
US00006,2026-06-09,US202605140002,38,19:00,19:30,班,on_duty
US00006,2026-06-09,US202605140002,39,19:30,20:00,班,on_duty
US00006,2026-06-09,US202605140002,40,20:00,20:30,班,on_duty
US00006,2026-06-09,US202605140002,41,20:30,21:00,班,on_duty
US00006,2026-06-09,US202605140002,42,21:00,21:30,班,on_duty
US00006,2026-06-09,US202605190003,12,06:00,06:30,班,on_duty
US00006,2026-06-09,US202605190003,13,06:30,07:00,班,on_duty
US00006,2026-06-09,US202605190003,14,07:00,07:30,班,on_duty
US00006,2026-06-09,US202605190003,15,07:30,08:00,班,on_duty
US00006,2026-06-09,US202605190003,16,08:00,08:30,班,on_duty
US00006,2026-06-09,US202605190003,17,08:30,09:00,班,on_duty
US00006,2026-06-09,US202605190003,18,09:00,09:30,班,on_duty
US00006,2026-06-09,US202605190003,19,09:30,10:00,班,on_duty
US00006,2026-06-09,US202605190003,20,10:00,10:30,班,on_duty
US00006,2026-06-09,US202605190003,21,10:30,11:00,班,on_duty
US00006,2026-06-09,US202605190003,22,11:00,11:30,休,rest
US00006,2026-06-09,US202605190003,23,11:30,12:00,休,rest
US00006,2026-06-09,US202605190003,24,12:00,12:30,班,on_duty
US00006,2026-06-09,US202605190003,25,12:30,13:00,班,on_duty
US00006,2026-06-09,US202605190003,26,13:00,13:30,班,on_duty
US00006,2026-06-09,US202605190003,27,13:30,14:00,班,on_duty
US00006,2026-06-09,US202605190003,28,14:00,14:30,班,on_duty
US00006,2026-06-10,US202507280004,12,06:00,06:30,班,on_duty
US00006,2026-06-10,US202507280004,13,06:30,07:00,班,on_duty
US00006,2026-06-10,US202507280004,14,07:00,07:30,班,on_duty
US00006,2026-06-10,US202507280004,15,07:30,08:00,班,on_duty
US00006,2026-06-10,US202507280004,16,08:00,08:30,班,on_duty
US00006,2026-06-10,US202507280004,17,08:30,09:00,班,on_duty
US00006,2026-06-10,US202507280004,18,09:00,09:30,休,rest
US00006,2026-06-10,US202507280004,19,09:30,10:00,休,rest
US00006,2026-06-10,US202507280004,20,10:00,10:30,班,on_duty
US00006,2026-06-10,US202507280004,21,10:30,11:00,班,on_duty
US00006,2026-06-10,US202507280004,22,11:00,11:30,班,on_duty
US00006,2026-06-10,US202507280004,23,11:30,12:00,班,on_duty
US00006,2026-06-10,US202507280004,24,12:00,12:30,班,on_duty
US00006,2026-06-10,US202507280004,25,12:30,13:00,班,on_duty
US00006,2026-06-10,US202507280004,26,13:00,13:30,班,on_duty
US00006,2026-06-10,US202507280004,27,13:30,14:00,班,on_duty
US00006,2026-06-10,US202507280004,28,14:00,14:30,班,on_duty
US00006,2026-06-10,US202510280004,26,13:00,13:30,班,on_duty
US00006,2026-06-10,US202510280004,27,13:30,14:00,班,on_duty
US00006,2026-06-10,US202510280004,28,14:00,14:30,班,on_duty
US00006,2026-06-10,US202510280004,29,14:30,15:00,班,on_duty
US00006,2026-06-10,US202510280004,30,15:00,15:30,班,on_duty
US00006,2026-06-10,US202510280004,31,15:30,16:00,班,on_duty
US00006,2026-06-10,US202510280004,32,16:00,16:30,休,rest
US00006,2026-06-10,US202510280004,33,16:30,17:00,休,rest
US00006,2026-06-10,US202510280004,34,17:00,17:30,班,on_duty
US00006,2026-06-10,US202510280004,35,17:30,18:00,班,on_duty
US00006,2026-06-10,US202510280004,36,18:00,18:30,班,on_duty
US00006,2026-06-10,US202510280004,37,18:30,19:00,班,on_duty
US00006,2026-06-10,US202510280004,38,19:00,19:30,班,on_duty
US00006,2026-06-10,US202510280004,39,19:30,20:00,班,on_duty
US00006,2026-06-10,US202510280004,40,20:00,20:30,班,on_duty
US00006,2026-06-10,US202510280004,41,20:30,21:00,班,on_duty
US00006,2026-06-10,US202510280004,42,21:00,21:30,班,on_duty
US00006,2026-06-10,US202601270001,18,09:00,09:30,班,on_duty
US00006,2026-06-10,US202601270001,19,09:30,10:00,班,on_duty
US00006,2026-06-10,US202601270001,20,10:00,10:30,班,on_duty
US00006,2026-06-10,US202601270001,21,10:30,11:00,班,on_duty
US00006,2026-06-10,US202601270001,22,11:00,11:30,班,on_duty
US00006,2026-06-10,US202601270001,23,11:30,12:00,班,on_duty
US00006,2026-06-10,US202601270001,24,12:00,12:30,休,rest
US00006,2026-06-10,US202601270001,25,12:30,13:00,休,rest
US00006,2026-06-10,US202601270001,26,13:00,13:30,班,on_duty
US00006,2026-06-10,US202601270001,27,13:30,14:00,班,on_duty
US00006,2026-06-10,US202601270001,28,14:00,14:30,班,on_duty
US00006,2026-06-10,US202601270001,29,14:30,15:00,班,on_duty
US00006,2026-06-10,US202601270001,30,15:00,15:30,班,on_duty
US00006,2026-06-10,US202601270001,31,15:30,16:00,班,on_duty
US00006,2026-06-10,US202601270001,32,16:00,16:30,班,on_duty
US00006,2026-06-10,US202601270001,33,16:30,17:00,班,on_duty
US00006,2026-06-10,US202602030006,19,09:30,10:00,训,training
US00006,2026-06-10,US202602030006,20,10:00,10:30,训,training
US00006,2026-06-10,US202602030006,21,10:30,11:00,训,training
US00006,2026-06-10,US202602030006,22,11:00,11:30,休,rest
US00006,2026-06-10,US202602030006,23,11:30,12:00,休,rest
US00006,2026-06-10,US202602030006,24,12:00,12:30,训,training
US00006,2026-06-10,US202602030006,25,12:30,13:00,训,training
US00006,2026-06-10,US202602030006,26,13:00,13:30,训,training
US00006,2026-06-10,US202602030006,27,13:30,14:00,训,training
US00006,2026-06-10,US202602030006,28,14:00,14:30,训,training
US00006,2026-06-10,US202602030006,29,14:30,15:00,训,training
US00006,2026-06-10,US202602030006,30,15:00,15:30,训,training
US00006,2026-06-10,US202602030006,31,15:30,16:00,训,training
US00006,2026-06-10,US202602030006,32,16:00,16:30,训,training
US00006,2026-06-10,US202602240006,26,13:00,13:30,班,on_duty
US00006,2026-06-10,US202602240006,27,13:30,14:00,班,on_duty
US00006,2026-06-10,US202602240006,28,14:00,14:30,班,on_duty
US00006,2026-06-10,US202602240006,29,14:30,15:00,班,on_duty
US00006,2026-06-10,US202602240006,30,15:00,15:30,班,on_duty
US00006,2026-06-10,US202602240006,31,15:30,16:00,班,on_duty
US00006,2026-06-10,US202602240006,32,16:00,16:30,班,on_duty
US00006,2026-06-10,US202602240006,33,16:30,17:00,班,on_duty
US00006,2026-06-10,US202602240006,34,17:00,17:30,班,on_duty
US00006,2026-06-10,US202602240006,35,17:30,18:00,班,on_duty
US00006,2026-06-10,US202602240006,36,18:00,18:30,休,rest
US00006,2026-06-10,US202602240006,37,18:30,19:00,休,rest
US00006,2026-06-10,US202602240006,38,19:00,19:30,班,on_duty
US00006,2026-06-10,US202602240006,39,19:30,20:00,班,on_duty
US00006,2026-06-10,US202602240006,40,20:00,20:30,班,on_duty
US00006,2026-06-10,US202602240006,41,20:30,21:00,班,on_duty
US00006,2026-06-10,US202602240006,42,21:00,21:30,班,on_duty
US00006,2026-06-10,US202604020002,12,06:00,06:30,班,on_duty
US00006,2026-06-10,US202604020002,13,06:30,07:00,班,on_duty
US00006,2026-06-10,US202604020002,14,07:00,07:30,班,on_duty
US00006,2026-06-10,US202604020002,15,07:30,08:00,班,on_duty
US00006,2026-06-10,US202604020002,16,08:00,08:30,班,on_duty
US00006,2026-06-10,US202604020002,17,08:30,09:00,班,on_duty
US00006,2026-06-10,US202604020002,18,09:00,09:30,班,on_duty
US00006,2026-06-10,US202604020002,19,09:30,10:00,班,on_duty
US00006,2026-06-10,US202604020002,20,10:00,10:30,休,rest
US00006,2026-06-10,US202604020002,21,10:30,11:00,休,rest
US00006,2026-06-10,US202604020002,22,11:00,11:30,班,on_duty
US00006,2026-06-10,US202604020002,23,11:30,12:00,班,on_duty
US00006,2026-06-10,US202604020002,24,12:00,12:30,班,on_duty
US00006,2026-06-10,US202604020002,25,12:30,13:00,班,on_duty
US00006,2026-06-10,US202604020002,26,13:00,13:30,班,on_duty
US00006,2026-06-10,US202604020002,27,13:30,14:00,班,on_duty
US00006,2026-06-10,US202604020002,28,14:00,14:30,班,on_duty
US00006,2026-06-10,US202605140002,26,13:00,13:30,班,on_duty
US00006,2026-06-10,US202605140002,27,13:30,14:00,班,on_duty
US00006,2026-06-10,US202605140002,28,14:00,14:30,班,on_duty
US00006,2026-06-10,US202605140002,29,14:30,15:00,班,on_duty
US00006,2026-06-10,US202605140002,30,15:00,15:30,班,on_duty
US00006,2026-06-10,US202605140002,31,15:30,16:00,班,on_duty
US00006,2026-06-10,US202605140002,32,16:00,16:30,班,on_duty
US00006,2026-06-10,US202605140002,33,16:30,17:00,班,on_duty
US00006,2026-06-10,US202605140002,34,17:00,17:30,休,rest
US00006,2026-06-10,US202605140002,35,17:30,18:00,休,rest
US00006,2026-06-10,US202605140002,36,18:00,18:30,班,on_duty
US00006,2026-06-10,US202605140002,37,18:30,19:00,班,on_duty
US00006,2026-06-10,US202605140002,38,19:00,19:30,班,on_duty
US00006,2026-06-10,US202605140002,39,19:30,20:00,班,on_duty
US00006,2026-06-10,US202605140002,40,20:00,20:30,班,on_duty
US00006,2026-06-10,US202605140002,41,20:30,21:00,班,on_duty
US00006,2026-06-10,US202605140002,42,21:00,21:30,班,on_duty
US00006,2026-06-11,US202507280004,12,06:00,06:30,班,on_duty
US00006,2026-06-11,US202507280004,13,06:30,07:00,班,on_duty
US00006,2026-06-11,US202507280004,14,07:00,07:30,班,on_duty
US00006,2026-06-11,US202507280004,15,07:30,08:00,班,on_duty
US00006,2026-06-11,US202507280004,16,08:00,08:30,班,on_duty
US00006,2026-06-11,US202507280004,17,08:30,09:00,班,on_duty
US00006,2026-06-11,US202507280004,18,09:00,09:30,休,rest
US00006,2026-06-11,US202507280004,19,09:30,10:00,休,rest
US00006,2026-06-11,US202507280004,20,10:00,10:30,班,on_duty
US00006,2026-06-11,US202507280004,21,10:30,11:00,班,on_duty
US00006,2026-06-11,US202507280004,22,11:00,11:30,班,on_duty
US00006,2026-06-11,US202507280004,23,11:30,12:00,班,on_duty
US00006,2026-06-11,US202507280004,24,12:00,12:30,班,on_duty
US00006,2026-06-11,US202507280004,25,12:30,13:00,班,on_duty
US00006,2026-06-11,US202507280004,26,13:00,13:30,班,on_duty
US00006,2026-06-11,US202507280004,27,13:30,14:00,班,on_duty
US00006,2026-06-11,US202507280004,28,14:00,14:30,班,on_duty
US00006,2026-06-11,US202510280004,26,13:00,13:30,班,on_duty
US00006,2026-06-11,US202510280004,27,13:30,14:00,班,on_duty
US00006,2026-06-11,US202510280004,28,14:00,14:30,班,on_duty
US00006,2026-06-11,US202510280004,29,14:30,15:00,班,on_duty
US00006,2026-06-11,US202510280004,30,15:00,15:30,班,on_duty
US00006,2026-06-11,US202510280004,31,15:30,16:00,班,on_duty
US00006,2026-06-11,US202510280004,32,16:00,16:30,休,rest
US00006,2026-06-11,US202510280004,33,16:30,17:00,休,rest
US00006,2026-06-11,US202510280004,34,17:00,17:30,班,on_duty
US00006,2026-06-11,US202510280004,35,17:30,18:00,班,on_duty
US00006,2026-06-11,US202510280004,36,18:00,18:30,班,on_duty
US00006,2026-06-11,US202510280004,37,18:30,19:00,班,on_duty
US00006,2026-06-11,US202510280004,38,19:00,19:30,班,on_duty
US00006,2026-06-11,US202510280004,39,19:30,20:00,班,on_duty
US00006,2026-06-11,US202510280004,40,20:00,20:30,班,on_duty
US00006,2026-06-11,US202510280004,41,20:30,21:00,班,on_duty
US00006,2026-06-11,US202510280004,42,21:00,21:30,班,on_duty
US00006,2026-06-11,US202601270001,16,08:00,08:30,班,on_duty
US00006,2026-06-11,US202601270001,17,08:30,09:00,班,on_duty
US00006,2026-06-11,US202601270001,18,09:00,09:30,班,on_duty
US00006,2026-06-11,US202601270001,19,09:30,10:00,班,on_duty
US00006,2026-06-11,US202601270001,20,10:00,10:30,班,on_duty
US00006,2026-06-11,US202601270001,21,10:30,11:00,班,on_duty
US00006,2026-06-11,US202601270001,22,11:00,11:30,班,on_duty
US00006,2026-06-11,US202601270001,23,11:30,12:00,班,on_duty
US00006,2026-06-11,US202601270001,24,12:00,12:30,休,rest
US00006,2026-06-11,US202601270001,25,12:30,13:00,班,on_duty
US00006,2026-06-11,US202601270001,26,13:00,13:30,班,on_duty
US00006,2026-06-11,US202601270001,27,13:30,14:00,班,on_duty
US00006,2026-06-11,US202601270001,28,14:00,14:30,班,on_duty
US00006,2026-06-11,US202601270001,29,14:30,15:00,班,on_duty
US00006,2026-06-11,US202601270001,30,15:00,15:30,班,on_duty
US00006,2026-06-11,US202601270001,31,15:30,16:00,班,on_duty
US00006,2026-06-11,US202602030006,26,13:00,13:30,班,on_duty
US00006,2026-06-11,US202602030006,27,13:30,14:00,班,on_duty
US00006,2026-06-11,US202602030006,28,14:00,14:30,班,on_duty
US00006,2026-06-11,US202602030006,29,14:30,15:00,班,on_duty
US00006,2026-06-11,US202602030006,30,15:00,15:30,班,on_duty
US00006,2026-06-11,US202602030006,31,15:30,16:00,班,on_duty
US00006,2026-06-11,US202602030006,32,16:00,16:30,班,on_duty
US00006,2026-06-11,US202602030006,33,16:30,17:00,班,on_duty
US00006,2026-06-11,US202602030006,34,17:00,17:30,休,rest
US00006,2026-06-11,US202602030006,35,17:30,18:00,休,rest
US00006,2026-06-11,US202602030006,36,18:00,18:30,班,on_duty
US00006,2026-06-11,US202602030006,37,18:30,19:00,班,on_duty
US00006,2026-06-11,US202602030006,38,19:00,19:30,班,on_duty
US00006,2026-06-11,US202602030006,39,19:30,20:00,班,on_duty
US00006,2026-06-11,US202602030006,40,20:00,20:30,班,on_duty
US00006,2026-06-11,US202602030006,41,20:30,21:00,班,on_duty
US00006,2026-06-11,US202602030006,42,21:00,21:30,班,on_duty
US00006,2026-06-11,US202602240006,26,13:00,13:30,班,on_duty
US00006,2026-06-11,US202602240006,27,13:30,14:00,班,on_duty
US00006,2026-06-11,US202602240006,28,14:00,14:30,班,on_duty
US00006,2026-06-11,US202602240006,29,14:30,15:00,班,on_duty
US00006,2026-06-11,US202602240006,30,15:00,15:30,班,on_duty
US00006,2026-06-11,US202602240006,31,15:30,16:00,班,on_duty
US00006,2026-06-11,US202602240006,32,16:00,16:30,班,on_duty
US00006,2026-06-11,US202602240006,33,16:30,17:00,班,on_duty
US00006,2026-06-11,US202602240006,34,17:00,17:30,班,on_duty
US00006,2026-06-11,US202602240006,35,17:30,18:00,班,on_duty
US00006,2026-06-11,US202602240006,36,18:00,18:30,休,rest
US00006,2026-06-11,US202602240006,37,18:30,19:00,休,rest
US00006,2026-06-11,US202602240006,38,19:00,19:30,班,on_duty
US00006,2026-06-11,US202602240006,39,19:30,20:00,班,on_duty
US00006,2026-06-11,US202602240006,40,20:00,20:30,班,on_duty
US00006,2026-06-11,US202602240006,41,20:30,21:00,班,on_duty
US00006,2026-06-11,US202602240006,42,21:00,21:30,班,on_duty
US00006,2026-06-11,US202604020002,12,06:00,06:30,班,on_duty
US00006,2026-06-11,US202604020002,13,06:30,07:00,班,on_duty
US00006,2026-06-11,US202604020002,14,07:00,07:30,班,on_duty
US00006,2026-06-11,US202604020002,15,07:30,08:00,班,on_duty
US00006,2026-06-11,US202604020002,16,08:00,08:30,班,on_duty
US00006,2026-06-11,US202604020002,17,08:30,09:00,班,on_duty
US00006,2026-06-11,US202604020002,18,09:00,09:30,班,on_duty
US00006,2026-06-11,US202604020002,19,09:30,10:00,班,on_duty
US00006,2026-06-11,US202604020002,20,10:00,10:30,休,rest
US00006,2026-06-11,US202604020002,21,10:30,11:00,休,rest
US00006,2026-06-11,US202604020002,22,11:00,11:30,班,on_duty
US00006,2026-06-11,US202604020002,23,11:30,12:00,班,on_duty
US00006,2026-06-11,US202604020002,24,12:00,12:30,班,on_duty
US00006,2026-06-11,US202604020002,25,12:30,13:00,班,on_duty
US00006,2026-06-11,US202604020002,26,13:00,13:30,班,on_duty
US00006,2026-06-11,US202604020002,27,13:30,14:00,班,on_duty
US00006,2026-06-11,US202604020002,28,14:00,14:30,班,on_duty
US00006,2026-06-12,US202507280004,12,06:00,06:30,班,on_duty
US00006,2026-06-12,US202507280004,13,06:30,07:00,班,on_duty
US00006,2026-06-12,US202507280004,14,07:00,07:30,班,on_duty
US00006,2026-06-12,US202507280004,15,07:30,08:00,班,on_duty
US00006,2026-06-12,US202507280004,16,08:00,08:30,班,on_duty
US00006,2026-06-12,US202507280004,17,08:30,09:00,班,on_duty
US00006,2026-06-12,US202507280004,18,09:00,09:30,休,rest
US00006,2026-06-12,US202507280004,19,09:30,10:00,休,rest
US00006,2026-06-12,US202507280004,20,10:00,10:30,班,on_duty
US00006,2026-06-12,US202507280004,21,10:30,11:00,班,on_duty
US00006,2026-06-12,US202507280004,22,11:00,11:30,班,on_duty
US00006,2026-06-12,US202507280004,23,11:30,12:00,班,on_duty
US00006,2026-06-12,US202507280004,24,12:00,12:30,班,on_duty
US00006,2026-06-12,US202507280004,25,12:30,13:00,班,on_duty
US00006,2026-06-12,US202507280004,26,13:00,13:30,班,on_duty
US00006,2026-06-12,US202507280004,27,13:30,14:00,班,on_duty
US00006,2026-06-12,US202507280004,28,14:00,14:30,班,on_duty
US00006,2026-06-12,US202510210008,26,13:00,13:30,班,on_duty
US00006,2026-06-12,US202510210008,27,13:30,14:00,班,on_duty
US00006,2026-06-12,US202510210008,28,14:00,14:30,班,on_duty
US00006,2026-06-12,US202510210008,29,14:30,15:00,班,on_duty
US00006,2026-06-12,US202510210008,30,15:00,15:30,班,on_duty
US00006,2026-06-12,US202510210008,31,15:30,16:00,班,on_duty
US00006,2026-06-12,US202510210008,32,16:00,16:30,休,rest
US00006,2026-06-12,US202510210008,33,16:30,17:00,休,rest
US00006,2026-06-12,US202510210008,34,17:00,17:30,班,on_duty
US00006,2026-06-12,US202510210008,35,17:30,18:00,班,on_duty
US00006,2026-06-12,US202510210008,36,18:00,18:30,班,on_duty
US00006,2026-06-12,US202510210008,37,18:30,19:00,班,on_duty
US00006,2026-06-12,US202510210008,38,19:00,19:30,班,on_duty
US00006,2026-06-12,US202510210008,39,19:30,20:00,班,on_duty
US00006,2026-06-12,US202510210008,40,20:00,20:30,班,on_duty
US00006,2026-06-12,US202510210008,41,20:30,21:00,班,on_duty
US00006,2026-06-12,US202510210008,42,21:00,21:30,班,on_duty
US00006,2026-06-12,US202510280004,26,13:00,13:30,班,on_duty
US00006,2026-06-12,US202510280004,27,13:30,14:00,班,on_duty
US00006,2026-06-12,US202510280004,28,14:00,14:30,班,on_duty
US00006,2026-06-12,US202510280004,29,14:30,15:00,班,on_duty
US00006,2026-06-12,US202510280004,30,15:00,15:30,班,on_duty
US00006,2026-06-12,US202510280004,31,15:30,16:00,班,on_duty
US00006,2026-06-12,US202510280004,32,16:00,16:30,休,rest
US00006,2026-06-12,US202510280004,33,16:30,17:00,休,rest
US00006,2026-06-12,US202510280004,34,17:00,17:30,班,on_duty
US00006,2026-06-12,US202510280004,35,17:30,18:00,班,on_duty
US00006,2026-06-12,US202510280004,36,18:00,18:30,班,on_duty
US00006,2026-06-12,US202510280004,37,18:30,19:00,班,on_duty
US00006,2026-06-12,US202510280004,38,19:00,19:30,班,on_duty
US00006,2026-06-12,US202510280004,39,19:30,20:00,班,on_duty
US00006,2026-06-12,US202510280004,40,20:00,20:30,班,on_duty
US00006,2026-06-12,US202510280004,41,20:30,21:00,班,on_duty
US00006,2026-06-12,US202510280004,42,21:00,21:30,班,on_duty
US00006,2026-06-12,US202512170005,26,13:00,13:30,班,on_duty
US00006,2026-06-12,US202512170005,27,13:30,14:00,班,on_duty
US00006,2026-06-12,US202512170005,28,14:00,14:30,班,on_duty
US00006,2026-06-12,US202512170005,29,14:30,15:00,班,on_duty
US00006,2026-06-12,US202512170005,30,15:00,15:30,班,on_duty
US00006,2026-06-12,US202512170005,31,15:30,16:00,班,on_duty
US00006,2026-06-12,US202512170005,32,16:00,16:30,班,on_duty
US00006,2026-06-12,US202512170005,33,16:30,17:00,班,on_duty
US00006,2026-06-12,US202512170005,34,17:00,17:30,休,rest
US00006,2026-06-12,US202512170005,35,17:30,18:00,休,rest
US00006,2026-06-12,US202512170005,36,18:00,18:30,班,on_duty
US00006,2026-06-12,US202512170005,37,18:30,19:00,班,on_duty
US00006,2026-06-12,US202512170005,38,19:00,19:30,班,on_duty
US00006,2026-06-12,US202512170005,39,19:30,20:00,班,on_duty
US00006,2026-06-12,US202512170005,40,20:00,20:30,班,on_duty
US00006,2026-06-12,US202512170005,41,20:30,21:00,班,on_duty
US00006,2026-06-12,US202512170005,42,21:00,21:30,班,on_duty
US00006,2026-06-12,US202601270001,16,08:00,08:30,班,on_duty
US00006,2026-06-12,US202601270001,17,08:30,09:00,班,on_duty
US00006,2026-06-12,US202601270001,18,09:00,09:30,班,on_duty
US00006,2026-06-12,US202601270001,19,09:30,10:00,班,on_duty
US00006,2026-06-12,US202601270001,20,10:00,10:30,班,on_duty
US00006,2026-06-12,US202601270001,21,10:30,11:00,班,on_duty
US00006,2026-06-12,US202601270001,22,11:00,11:30,班,on_duty
US00006,2026-06-12,US202601270001,23,11:30,12:00,班,on_duty
US00006,2026-06-12,US202601270001,24,12:00,12:30,休,rest
US00006,2026-06-12,US202601270001,25,12:30,13:00,班,on_duty
US00006,2026-06-12,US202601270001,26,13:00,13:30,班,on_duty
US00006,2026-06-12,US202601270001,27,13:30,14:00,班,on_duty
US00006,2026-06-12,US202601270001,28,14:00,14:30,班,on_duty
US00006,2026-06-12,US202601270001,29,14:30,15:00,班,on_duty
US00006,2026-06-12,US202601270001,30,15:00,15:30,班,on_duty
US00006,2026-06-12,US202601270001,31,15:30,16:00,班,on_duty
US00006,2026-06-12,US202602240006,26,13:00,13:30,班,on_duty
US00006,2026-06-12,US202602240006,27,13:30,14:00,班,on_duty
US00006,2026-06-12,US202602240006,28,14:00,14:30,班,on_duty
US00006,2026-06-12,US202602240006,29,14:30,15:00,班,on_duty
US00006,2026-06-12,US202602240006,30,15:00,15:30,班,on_duty
US00006,2026-06-12,US202602240006,31,15:30,16:00,班,on_duty
US00006,2026-06-12,US202602240006,32,16:00,16:30,班,on_duty
US00006,2026-06-12,US202602240006,33,16:30,17:00,班,on_duty
US00006,2026-06-12,US202602240006,34,17:00,17:30,班,on_duty
US00006,2026-06-12,US202602240006,35,17:30,18:00,班,on_duty
US00006,2026-06-12,US202602240006,36,18:00,18:30,休,rest
US00006,2026-06-12,US202602240006,37,18:30,19:00,休,rest
US00006,2026-06-12,US202602240006,38,19:00,19:30,班,on_duty
US00006,2026-06-12,US202602240006,39,19:30,20:00,班,on_duty
US00006,2026-06-12,US202602240006,40,20:00,20:30,班,on_duty
US00006,2026-06-12,US202602240006,41,20:30,21:00,班,on_duty
US00006,2026-06-12,US202602240006,42,21:00,21:30,班,on_duty
US00006,2026-06-12,US202604020002,12,06:00,06:30,班,on_duty
US00006,2026-06-12,US202604020002,13,06:30,07:00,班,on_duty
US00006,2026-06-12,US202604020002,14,07:00,07:30,班,on_duty
US00006,2026-06-12,US202604020002,15,07:30,08:00,班,on_duty
US00006,2026-06-12,US202604020002,16,08:00,08:30,班,on_duty
US00006,2026-06-12,US202604020002,17,08:30,09:00,班,on_duty
US00006,2026-06-12,US202604020002,18,09:00,09:30,班,on_duty
US00006,2026-06-12,US202604020002,19,09:30,10:00,班,on_duty
US00006,2026-06-12,US202604020002,20,10:00,10:30,休,rest
US00006,2026-06-12,US202604020002,21,10:30,11:00,休,rest
US00006,2026-06-12,US202604020002,22,11:00,11:30,班,on_duty
US00006,2026-06-12,US202604020002,23,11:30,12:00,班,on_duty
US00006,2026-06-12,US202604020002,24,12:00,12:30,班,on_duty
US00006,2026-06-12,US202604020002,25,12:30,13:00,班,on_duty
US00006,2026-06-12,US202604020002,26,13:00,13:30,班,on_duty
US00006,2026-06-12,US202604020002,27,13:30,14:00,班,on_duty
US00006,2026-06-12,US202604020002,28,14:00,14:30,班,on_duty
US00006,2026-06-12,US202605140002,12,06:00,06:30,班,on_duty
US00006,2026-06-12,US202605140002,13,06:30,07:00,班,on_duty
US00006,2026-06-12,US202605140002,14,07:00,07:30,班,on_duty
US00006,2026-06-12,US202605140002,15,07:30,08:00,班,on_duty
US00006,2026-06-12,US202605140002,16,08:00,08:30,班,on_duty
US00006,2026-06-12,US202605140002,17,08:30,09:00,班,on_duty
US00006,2026-06-12,US202605140002,18,09:00,09:30,班,on_duty
US00006,2026-06-12,US202605140002,19,09:30,10:00,班,on_duty
US00006,2026-06-12,US202605140002,20,10:00,10:30,班,on_duty
US00006,2026-06-12,US202605140002,21,10:30,11:00,班,on_duty
US00006,2026-06-12,US202605140002,22,11:00,11:30,休,rest
US00006,2026-06-12,US202605140002,23,11:30,12:00,休,rest
US00006,2026-06-12,US202605140002,24,12:00,12:30,班,on_duty
US00006,2026-06-12,US202605140002,25,12:30,13:00,班,on_duty
US00006,2026-06-12,US202605140002,26,13:00,13:30,班,on_duty
US00006,2026-06-12,US202605140002,27,13:30,14:00,班,on_duty
US00006,2026-06-12,US202605140002,28,14:00,14:30,班,on_duty
US00006,2026-06-12,US202605190003,12,06:00,06:30,班,on_duty
US00006,2026-06-12,US202605190003,13,06:30,07:00,班,on_duty
US00006,2026-06-12,US202605190003,14,07:00,07:30,班,on_duty
US00006,2026-06-12,US202605190003,15,07:30,08:00,班,on_duty
US00006,2026-06-12,US202605190003,16,08:00,08:30,班,on_duty
US00006,2026-06-12,US202605190003,17,08:30,09:00,班,on_duty
US00006,2026-06-12,US202605190003,18,09:00,09:30,班,on_duty
US00006,2026-06-12,US202605190003,19,09:30,10:00,班,on_duty
US00006,2026-06-12,US202605190003,20,10:00,10:30,班,on_duty
US00006,2026-06-12,US202605190003,21,10:30,11:00,班,on_duty
US00006,2026-06-12,US202605190003,22,11:00,11:30,休,rest
US00006,2026-06-12,US202605190003,23,11:30,12:00,休,rest
US00006,2026-06-12,US202605190003,24,12:00,12:30,班,on_duty
US00006,2026-06-12,US202605190003,25,12:30,13:00,班,on_duty
US00006,2026-06-12,US202605190003,26,13:00,13:30,班,on_duty
US00006,2026-06-12,US202605190003,27,13:30,14:00,班,on_duty
US00006,2026-06-12,US202605190003,28,14:00,14:30,班,on_duty
US00006,2026-06-13,US202507280004,12,06:00,06:30,班,on_duty
US00006,2026-06-13,US202507280004,13,06:30,07:00,班,on_duty
US00006,2026-06-13,US202507280004,14,07:00,07:30,班,on_duty
US00006,2026-06-13,US202507280004,15,07:30,08:00,班,on_duty
US00006,2026-06-13,US202507280004,16,08:00,08:30,班,on_duty
US00006,2026-06-13,US202507280004,17,08:30,09:00,班,on_duty
US00006,2026-06-13,US202507280004,18,09:00,09:30,休,rest
US00006,2026-06-13,US202507280004,19,09:30,10:00,休,rest
US00006,2026-06-13,US202507280004,20,10:00,10:30,班,on_duty
US00006,2026-06-13,US202507280004,21,10:30,11:00,班,on_duty
US00006,2026-06-13,US202507280004,22,11:00,11:30,班,on_duty
US00006,2026-06-13,US202507280004,23,11:30,12:00,班,on_duty
US00006,2026-06-13,US202507280004,24,12:00,12:30,班,on_duty
US00006,2026-06-13,US202507280004,25,12:30,13:00,班,on_duty
US00006,2026-06-13,US202507280004,26,13:00,13:30,班,on_duty
US00006,2026-06-13,US202507280004,27,13:30,14:00,班,on_duty
US00006,2026-06-13,US202507280004,28,14:00,14:30,班,on_duty
US00006,2026-06-13,US202510210008,24,12:00,12:30,班,on_duty
US00006,2026-06-13,US202510210008,25,12:30,13:00,班,on_duty
US00006,2026-06-13,US202510210008,26,13:00,13:30,班,on_duty
US00006,2026-06-13,US202510210008,27,13:30,14:00,班,on_duty
US00006,2026-06-13,US202510210008,28,14:00,14:30,班,on_duty
US00006,2026-06-13,US202510210008,29,14:30,15:00,班,on_duty
US00006,2026-06-13,US202510210008,30,15:00,15:30,休,rest
US00006,2026-06-13,US202510210008,31,15:30,16:00,班,on_duty
US00006,2026-06-13,US202510210008,32,16:00,16:30,班,on_duty
US00006,2026-06-13,US202510210008,33,16:30,17:00,班,on_duty
US00006,2026-06-13,US202510210008,34,17:00,17:30,班,on_duty
US00006,2026-06-13,US202510210008,35,17:30,18:00,班,on_duty
US00006,2026-06-13,US202510210008,36,18:00,18:30,班,on_duty
US00006,2026-06-13,US202510210008,37,18:30,19:00,班,on_duty
US00006,2026-06-13,US202510210008,38,19:00,19:30,班,on_duty
US00006,2026-06-13,US202510210008,39,19:30,20:00,班,on_duty
US00006,2026-06-13,US202512170005,24,12:00,12:30,班,on_duty
US00006,2026-06-13,US202512170005,25,12:30,13:00,班,on_duty
US00006,2026-06-13,US202512170005,26,13:00,13:30,班,on_duty
US00006,2026-06-13,US202512170005,27,13:30,14:00,班,on_duty
US00006,2026-06-13,US202512170005,28,14:00,14:30,班,on_duty
US00006,2026-06-13,US202512170005,29,14:30,15:00,班,on_duty
US00006,2026-06-13,US202512170005,30,15:00,15:30,班,on_duty
US00006,2026-06-13,US202512170005,31,15:30,16:00,休,rest
US00006,2026-06-13,US202512170005,32,16:00,16:30,班,on_duty
US00006,2026-06-13,US202512170005,33,16:30,17:00,班,on_duty
US00006,2026-06-13,US202512170005,34,17:00,17:30,班,on_duty
US00006,2026-06-13,US202512170005,35,17:30,18:00,班,on_duty
US00006,2026-06-13,US202512170005,36,18:00,18:30,班,on_duty
US00006,2026-06-13,US202512170005,37,18:30,19:00,班,on_duty
US00006,2026-06-13,US202512170005,38,19:00,19:30,班,on_duty
US00006,2026-06-13,US202512170005,39,19:30,20:00,班,on_duty
US00006,2026-06-13,US202601200005,12,06:00,06:30,班,on_duty
US00006,2026-06-13,US202601200005,13,06:30,07:00,班,on_duty
US00006,2026-06-13,US202601200005,14,07:00,07:30,班,on_duty
US00006,2026-06-13,US202601200005,15,07:30,08:00,班,on_duty
US00006,2026-06-13,US202601200005,16,08:00,08:30,班,on_duty
US00006,2026-06-13,US202601200005,17,08:30,09:00,班,on_duty
US00006,2026-06-13,US202601200005,18,09:00,09:30,班,on_duty
US00006,2026-06-13,US202601200005,19,09:30,10:00,班,on_duty
US00006,2026-06-13,US202601200005,20,10:00,10:30,休,rest
US00006,2026-06-13,US202601200005,21,10:30,11:00,休,rest
US00006,2026-06-13,US202601200005,22,11:00,11:30,班,on_duty
US00006,2026-06-13,US202601200005,23,11:30,12:00,班,on_duty
US00006,2026-06-13,US202601200005,24,12:00,12:30,班,on_duty
US00006,2026-06-13,US202601200005,25,12:30,13:00,班,on_duty
US00006,2026-06-13,US202601200005,26,13:00,13:30,班,on_duty
US00006,2026-06-13,US202601200005,27,13:30,14:00,班,on_duty
US00006,2026-06-13,US202601200005,28,14:00,14:30,班,on_duty
US00006,2026-06-13,US202601270001,24,12:00,12:30,班,on_duty
US00006,2026-06-13,US202601270001,25,12:30,13:00,班,on_duty
US00006,2026-06-13,US202601270001,26,13:00,13:30,班,on_duty
US00006,2026-06-13,US202601270001,27,13:30,14:00,班,on_duty
US00006,2026-06-13,US202601270001,28,14:00,14:30,班,on_duty
US00006,2026-06-13,US202601270001,29,14:30,15:00,班,on_duty
US00006,2026-06-13,US202601270001,30,15:00,15:30,班,on_duty
US00006,2026-06-13,US202601270001,31,15:30,16:00,班,on_duty
US00006,2026-06-13,US202601270001,32,16:00,16:30,休,rest
US00006,2026-06-13,US202601270001,33,16:30,17:00,班,on_duty
US00006,2026-06-13,US202601270001,34,17:00,17:30,班,on_duty
US00006,2026-06-13,US202601270001,35,17:30,18:00,班,on_duty
US00006,2026-06-13,US202601270001,36,18:00,18:30,班,on_duty
US00006,2026-06-13,US202601270001,37,18:30,19:00,班,on_duty
US00006,2026-06-13,US202601270001,38,19:00,19:30,班,on_duty
US00006,2026-06-13,US202601270001,39,19:30,20:00,班,on_duty
US00006,2026-06-13,US202602030006,12,06:00,06:30,班,on_duty
US00006,2026-06-13,US202602030006,13,06:30,07:00,班,on_duty
US00006,2026-06-13,US202602030006,14,07:00,07:30,班,on_duty
US00006,2026-06-13,US202602030006,15,07:30,08:00,班,on_duty
US00006,2026-06-13,US202602030006,16,08:00,08:30,班,on_duty
US00006,2026-06-13,US202602030006,17,08:30,09:00,班,on_duty
US00006,2026-06-13,US202602030006,18,09:00,09:30,班,on_duty
US00006,2026-06-13,US202602030006,19,09:30,10:00,班,on_duty
US00006,2026-06-13,US202602030006,20,10:00,10:30,班,on_duty
US00006,2026-06-13,US202602030006,21,10:30,11:00,班,on_duty
US00006,2026-06-13,US202602030006,22,11:00,11:30,休,rest
US00006,2026-06-13,US202602030006,23,11:30,12:00,休,rest
US00006,2026-06-13,US202602030006,24,12:00,12:30,班,on_duty
US00006,2026-06-13,US202602030006,25,12:30,13:00,班,on_duty
US00006,2026-06-13,US202602030006,26,13:00,13:30,班,on_duty
US00006,2026-06-13,US202602030006,27,13:30,14:00,班,on_duty
US00006,2026-06-13,US202602030006,28,14:00,14:30,班,on_duty
US00006,2026-06-13,US202605190003,12,06:00,06:30,班,on_duty
US00006,2026-06-13,US202605190003,13,06:30,07:00,班,on_duty
US00006,2026-06-13,US202605190003,14,07:00,07:30,班,on_duty
US00006,2026-06-13,US202605190003,15,07:30,08:00,班,on_duty
US00006,2026-06-13,US202605190003,16,08:00,08:30,班,on_duty
US00006,2026-06-13,US202605190003,17,08:30,09:00,班,on_duty
US00006,2026-06-13,US202605190003,18,09:00,09:30,班,on_duty
US00006,2026-06-13,US202605190003,19,09:30,10:00,班,on_duty
US00006,2026-06-13,US202605190003,20,10:00,10:30,班,on_duty
US00006,2026-06-13,US202605190003,21,10:30,11:00,班,on_duty
US00006,2026-06-13,US202605190003,22,11:00,11:30,休,rest
US00006,2026-06-13,US202605190003,23,11:30,12:00,休,rest
US00006,2026-06-13,US202605190003,24,12:00,12:30,班,on_duty
US00006,2026-06-13,US202605190003,25,12:30,13:00,班,on_duty
US00006,2026-06-13,US202605190003,26,13:00,13:30,班,on_duty
US00006,2026-06-13,US202605190003,27,13:30,14:00,班,on_duty
US00006,2026-06-13,US202605190003,28,14:00,14:30,班,on_duty
US00006,2026-06-14,US202507280004,12,06:00,06:30,班,on_duty
US00006,2026-06-14,US202507280004,13,06:30,07:00,班,on_duty
US00006,2026-06-14,US202507280004,14,07:00,07:30,班,on_duty
US00006,2026-06-14,US202507280004,15,07:30,08:00,班,on_duty
US00006,2026-06-14,US202507280004,16,08:00,08:30,班,on_duty
US00006,2026-06-14,US202507280004,17,08:30,09:00,班,on_duty
US00006,2026-06-14,US202507280004,18,09:00,09:30,休,rest
US00006,2026-06-14,US202507280004,19,09:30,10:00,休,rest
US00006,2026-06-14,US202507280004,20,10:00,10:30,班,on_duty
US00006,2026-06-14,US202507280004,21,10:30,11:00,班,on_duty
US00006,2026-06-14,US202507280004,22,11:00,11:30,班,on_duty
US00006,2026-06-14,US202507280004,23,11:30,12:00,班,on_duty
US00006,2026-06-14,US202507280004,24,12:00,12:30,班,on_duty
US00006,2026-06-14,US202507280004,25,12:30,13:00,班,on_duty
US00006,2026-06-14,US202507280004,26,13:00,13:30,班,on_duty
US00006,2026-06-14,US202507280004,27,13:30,14:00,班,on_duty
US00006,2026-06-14,US202507280004,28,14:00,14:30,班,on_duty
US00006,2026-06-14,US202512170005,24,12:00,12:30,班,on_duty
US00006,2026-06-14,US202512170005,25,12:30,13:00,班,on_duty
US00006,2026-06-14,US202512170005,26,13:00,13:30,班,on_duty
US00006,2026-06-14,US202512170005,27,13:30,14:00,班,on_duty
US00006,2026-06-14,US202512170005,28,14:00,14:30,班,on_duty
US00006,2026-06-14,US202512170005,29,14:30,15:00,班,on_duty
US00006,2026-06-14,US202512170005,30,15:00,15:30,班,on_duty
US00006,2026-06-14,US202512170005,31,15:30,16:00,班,on_duty
US00006,2026-06-14,US202512170005,32,16:00,16:30,休,rest
US00006,2026-06-14,US202512170005,33,16:30,17:00,班,on_duty
US00006,2026-06-14,US202512170005,34,17:00,17:30,班,on_duty
US00006,2026-06-14,US202512170005,35,17:30,18:00,班,on_duty
US00006,2026-06-14,US202512170005,36,18:00,18:30,班,on_duty
US00006,2026-06-14,US202512170005,37,18:30,19:00,班,on_duty
US00006,2026-06-14,US202512170005,38,19:00,19:30,班,on_duty
US00006,2026-06-14,US202512170005,39,19:30,20:00,班,on_duty
US00006,2026-06-14,US202602030006,24,12:00,12:30,班,on_duty
US00006,2026-06-14,US202602030006,25,12:30,13:00,班,on_duty
US00006,2026-06-14,US202602030006,26,13:00,13:30,班,on_duty
US00006,2026-06-14,US202602030006,27,13:30,14:00,班,on_duty
US00006,2026-06-14,US202602030006,28,14:00,14:30,班,on_duty
US00006,2026-06-14,US202602030006,29,14:30,15:00,班,on_duty
US00006,2026-06-14,US202602030006,30,15:00,15:30,休,rest
US00006,2026-06-14,US202602030006,31,15:30,16:00,班,on_duty
US00006,2026-06-14,US202602030006,32,16:00,16:30,班,on_duty
US00006,2026-06-14,US202602030006,33,16:30,17:00,班,on_duty
US00006,2026-06-14,US202602030006,34,17:00,17:30,班,on_duty
US00006,2026-06-14,US202602030006,35,17:30,18:00,班,on_duty
US00006,2026-06-14,US202602030006,36,18:00,18:30,班,on_duty
US00006,2026-06-14,US202602030006,37,18:30,19:00,班,on_duty
US00006,2026-06-14,US202602030006,38,19:00,19:30,班,on_duty
US00006,2026-06-14,US202602030006,39,19:30,20:00,班,on_duty
US00006,2026-06-14,US202602240006,24,12:00,12:30,班,on_duty
US00006,2026-06-14,US202602240006,25,12:30,13:00,班,on_duty
US00006,2026-06-14,US202602240006,26,13:00,13:30,班,on_duty
US00006,2026-06-14,US202602240006,27,13:30,14:00,班,on_duty
US00006,2026-06-14,US202602240006,28,14:00,14:30,班,on_duty
US00006,2026-06-14,US202602240006,29,14:30,15:00,班,on_duty
US00006,2026-06-14,US202602240006,30,15:00,15:30,班,on_duty
US00006,2026-06-14,US202602240006,31,15:30,16:00,休,rest
US00006,2026-06-14,US202602240006,32,16:00,16:30,班,on_duty
US00006,2026-06-14,US202602240006,33,16:30,17:00,班,on_duty
US00006,2026-06-14,US202602240006,34,17:00,17:30,班,on_duty
US00006,2026-06-14,US202602240006,35,17:30,18:00,班,on_duty
US00006,2026-06-14,US202602240006,36,18:00,18:30,班,on_duty
US00006,2026-06-14,US202602240006,37,18:30,19:00,班,on_duty
US00006,2026-06-14,US202602240006,38,19:00,19:30,班,on_duty
US00006,2026-06-14,US202602240006,39,19:30,20:00,班,on_duty
US00006,2026-06-14,US202604020002,12,06:00,06:30,班,on_duty
US00006,2026-06-14,US202604020002,13,06:30,07:00,班,on_duty
US00006,2026-06-14,US202604020002,14,07:00,07:30,班,on_duty
US00006,2026-06-14,US202604020002,15,07:30,08:00,班,on_duty
US00006,2026-06-14,US202604020002,16,08:00,08:30,班,on_duty
US00006,2026-06-14,US202604020002,17,08:30,09:00,班,on_duty
US00006,2026-06-14,US202604020002,18,09:00,09:30,班,on_duty
US00006,2026-06-14,US202604020002,19,09:30,10:00,班,on_duty
US00006,2026-06-14,US202604020002,20,10:00,10:30,休,rest
US00006,2026-06-14,US202604020002,21,10:30,11:00,休,rest
US00006,2026-06-14,US202604020002,22,11:00,11:30,班,on_duty
US00006,2026-06-14,US202604020002,23,11:30,12:00,班,on_duty
US00006,2026-06-14,US202604020002,24,12:00,12:30,班,on_duty
US00006,2026-06-14,US202604020002,25,12:30,13:00,班,on_duty
US00006,2026-06-14,US202604020002,26,13:00,13:30,班,on_duty
US00006,2026-06-14,US202604020002,27,13:30,14:00,班,on_duty
US00006,2026-06-14,US202604020002,28,14:00,14:30,班,on_duty
US00006,2026-06-14,US202605190003,12,06:00,06:30,班,on_duty
US00006,2026-06-14,US202605190003,13,06:30,07:00,班,on_duty
US00006,2026-06-14,US202605190003,14,07:00,07:30,班,on_duty
US00006,2026-06-14,US202605190003,15,07:30,08:00,班,on_duty
US00006,2026-06-14,US202605190003,16,08:00,08:30,班,on_duty
US00006,2026-06-14,US202605190003,17,08:30,09:00,班,on_duty
US00006,2026-06-14,US202605190003,18,09:00,09:30,班,on_duty
US00006,2026-06-14,US202605190003,19,09:30,10:00,班,on_duty
US00006,2026-06-14,US202605190003,20,10:00,10:30,班,on_duty
US00006,2026-06-14,US202605190003,21,10:30,11:00,班,on_duty
US00006,2026-06-14,US202605190003,22,11:00,11:30,休,rest
US00006,2026-06-14,US202605190003,23,11:30,12:00,休,rest
US00006,2026-06-14,US202605190003,24,12:00,12:30,班,on_duty
US00006,2026-06-14,US202605190003,25,12:30,13:00,班,on_duty
US00006,2026-06-14,US202605190003,26,13:00,13:30,班,on_duty
US00006,2026-06-14,US202605190003,27,13:30,14:00,班,on_duty
US00006,2026-06-14,US202605190003,28,14:00,14:30,班,on_duty
US00004,2026-06-08,US202506160003,16,08:00,08:30,班,on_duty
US00004,2026-06-08,US202506160003,17,08:30,09:00,班,on_duty
US00004,2026-06-08,US202506160003,18,09:00,09:30,班,on_duty
US00004,2026-06-08,US202506160003,19,09:30,10:00,班,on_duty
US00004,2026-06-08,US202506160003,20,10:00,10:30,班,on_duty
US00004,2026-06-08,US202506160003,21,10:30,11:00,班,on_duty
US00004,2026-06-08,US202506160003,22,11:00,11:30,班,on_duty
US00004,2026-06-08,US202506160003,23,11:30,12:00,班,on_duty
US00004,2026-06-08,US202506160003,24,12:00,12:30,休,rest
US00004,2026-06-08,US202506160003,25,12:30,13:00,休,rest
US00004,2026-06-08,US202506160003,26,13:00,13:30,班,on_duty
US00004,2026-06-08,US202506160003,27,13:30,14:00,班,on_duty
US00004,2026-06-08,US202506160003,28,14:00,14:30,班,on_duty
US00004,2026-06-08,US202506160003,29,14:30,15:00,班,on_duty
US00004,2026-06-08,US202506160003,30,15:00,15:30,班,on_duty
US00004,2026-06-08,US202506160003,31,15:30,16:00,班,on_duty
US00004,2026-06-08,US202506160003,32,16:00,16:30,班,on_duty
US00004,2026-06-08,US202506160003,33,16:30,17:00,班,on_duty
US00004,2026-06-08,US202509090003,12,06:00,06:30,班,on_duty
US00004,2026-06-08,US202509090003,13,06:30,07:00,班,on_duty
US00004,2026-06-08,US202509090003,14,07:00,07:30,班,on_duty
US00004,2026-06-08,US202509090003,15,07:30,08:00,班,on_duty
US00004,2026-06-08,US202509090003,16,08:00,08:30,班,on_duty
US00004,2026-06-08,US202509090003,17,08:30,09:00,班,on_duty
US00004,2026-06-08,US202509090003,18,09:00,09:30,班,on_duty
US00004,2026-06-08,US202509090003,19,09:30,10:00,班,on_duty
US00004,2026-06-08,US202509090003,20,10:00,10:30,休,rest
US00004,2026-06-08,US202509090003,21,10:30,11:00,休,rest
US00004,2026-06-08,US202509090003,22,11:00,11:30,班,on_duty
US00004,2026-06-08,US202509090003,23,11:30,12:00,班,on_duty
US00004,2026-06-08,US202509090003,24,12:00,12:30,班,on_duty
US00004,2026-06-08,US202509090003,25,12:30,13:00,班,on_duty
US00004,2026-06-08,US202509090003,26,13:00,13:30,班,on_duty
US00004,2026-06-08,US202509090003,27,13:30,14:00,班,on_duty
US00004,2026-06-08,US202509090005,28,14:00,14:30,班,on_duty
US00004,2026-06-08,US202509090005,29,14:30,15:00,班,on_duty
US00004,2026-06-08,US202509090005,30,15:00,15:30,班,on_duty
US00004,2026-06-08,US202509090005,31,15:30,16:00,班,on_duty
US00004,2026-06-08,US202509090005,32,16:00,16:30,班,on_duty
US00004,2026-06-08,US202509090005,33,16:30,17:00,班,on_duty
US00004,2026-06-08,US202509090005,34,17:00,17:30,休,rest
US00004,2026-06-08,US202509090005,35,17:30,18:00,休,rest
US00004,2026-06-08,US202509090005,36,18:00,18:30,班,on_duty
US00004,2026-06-08,US202509090005,37,18:30,19:00,班,on_duty
US00004,2026-06-08,US202509090005,38,19:00,19:30,班,on_duty
US00004,2026-06-08,US202509090005,39,19:30,20:00,班,on_duty
US00004,2026-06-08,US202509090005,40,20:00,20:30,班,on_duty
US00004,2026-06-08,US202509090005,41,20:30,21:00,班,on_duty
US00004,2026-06-08,US202509090005,42,21:00,21:30,班,on_duty
US00004,2026-06-08,US202510070001,12,06:00,06:30,班,on_duty
US00004,2026-06-08,US202510070001,13,06:30,07:00,班,on_duty
US00004,2026-06-08,US202510070001,14,07:00,07:30,班,on_duty
US00004,2026-06-08,US202510070001,15,07:30,08:00,班,on_duty
US00004,2026-06-08,US202510070001,16,08:00,08:30,班,on_duty
US00004,2026-06-08,US202510070001,17,08:30,09:00,班,on_duty
US00004,2026-06-08,US202510070001,18,09:00,09:30,休,rest
US00004,2026-06-08,US202510070001,19,09:30,10:00,休,rest
US00004,2026-06-08,US202510070001,20,10:00,10:30,班,on_duty
US00004,2026-06-08,US202510070001,21,10:30,11:00,班,on_duty
US00004,2026-06-08,US202510070001,22,11:00,11:30,班,on_duty
US00004,2026-06-08,US202510070001,23,11:30,12:00,班,on_duty
US00004,2026-06-08,US202510070001,24,12:00,12:30,班,on_duty
US00004,2026-06-08,US202510070001,25,12:30,13:00,班,on_duty
US00004,2026-06-08,US202510070001,26,13:00,13:30,班,on_duty
US00004,2026-06-08,US202510070001,27,13:30,14:00,班,on_duty
US00004,2026-06-08,US202510070001,28,14:00,14:30,班,on_duty
US00004,2026-06-08,US202511250001,16,08:00,08:30,班,on_duty
US00004,2026-06-08,US202511250001,17,08:30,09:00,班,on_duty
US00004,2026-06-08,US202511250001,18,09:00,09:30,班,on_duty
US00004,2026-06-08,US202511250001,19,09:30,10:00,班,on_duty
US00004,2026-06-08,US202511250001,20,10:00,10:30,班,on_duty
US00004,2026-06-08,US202511250001,21,10:30,11:00,班,on_duty
US00004,2026-06-08,US202511250001,22,11:00,11:30,班,on_duty
US00004,2026-06-08,US202511250001,23,11:30,12:00,班,on_duty
US00004,2026-06-08,US202511250001,24,12:00,12:30,班,on_duty
US00004,2026-06-08,US202511250001,25,12:30,13:00,班,on_duty
US00004,2026-06-08,US202512170006,32,16:00,16:30,班,on_duty
US00004,2026-06-08,US202512170006,33,16:30,17:00,班,on_duty
US00004,2026-06-08,US202512170006,34,17:00,17:30,班,on_duty
US00004,2026-06-08,US202512170006,35,17:30,18:00,班,on_duty
US00004,2026-06-08,US202512170006,36,18:00,18:30,班,on_duty
US00004,2026-06-08,US202512170006,37,18:30,19:00,班,on_duty
US00004,2026-06-08,US202512170006,38,19:00,19:30,班,on_duty
US00004,2026-06-08,US202512170006,39,19:30,20:00,班,on_duty
US00004,2026-06-08,US202512170006,40,20:00,20:30,班,on_duty
US00004,2026-06-08,US202512170006,41,20:30,21:00,班,on_duty
US00004,2026-06-08,US202512170006,42,21:00,21:30,班,on_duty
US00004,2026-06-08,US202601200003,27,13:30,14:00,班,on_duty
US00004,2026-06-08,US202601200003,28,14:00,14:30,班,on_duty
US00004,2026-06-08,US202601200003,29,14:30,15:00,班,on_duty
US00004,2026-06-08,US202601200003,30,15:00,15:30,班,on_duty
US00004,2026-06-08,US202601200003,31,15:30,16:00,班,on_duty
US00004,2026-06-08,US202601200003,32,16:00,16:30,休,rest
US00004,2026-06-08,US202601200003,33,16:30,17:00,休,rest
US00004,2026-06-08,US202601200003,34,17:00,17:30,班,on_duty
US00004,2026-06-08,US202601200003,35,17:30,18:00,班,on_duty
US00004,2026-06-08,US202601200003,36,18:00,18:30,班,on_duty
US00004,2026-06-08,US202601200003,37,18:30,19:00,班,on_duty
US00004,2026-06-08,US202601200003,38,19:00,19:30,班,on_duty
US00004,2026-06-08,US202601200003,39,19:30,20:00,班,on_duty
US00004,2026-06-08,US202601200003,40,20:00,20:30,班,on_duty
US00004,2026-06-08,US202601200003,41,20:30,21:00,班,on_duty
US00004,2026-06-08,US202601200003,42,21:00,21:30,班,on_duty
US00004,2026-06-08,US202602180014,12,06:00,06:30,班,on_duty
US00004,2026-06-08,US202602180014,13,06:30,07:00,班,on_duty
US00004,2026-06-08,US202602180014,14,07:00,07:30,班,on_duty
US00004,2026-06-08,US202602180014,15,07:30,08:00,班,on_duty
US00004,2026-06-08,US202602180014,16,08:00,08:30,班,on_duty
US00004,2026-06-08,US202602180014,17,08:30,09:00,班,on_duty
US00004,2026-06-08,US202602180014,18,09:00,09:30,班,on_duty
US00004,2026-06-08,US202602180014,19,09:30,10:00,班,on_duty
US00004,2026-06-08,US202602180014,20,10:00,10:30,班,on_duty
US00004,2026-06-08,US202602180014,21,10:30,11:00,班,on_duty
US00004,2026-06-08,US202602180014,22,11:00,11:30,休,rest
US00004,2026-06-08,US202602180014,23,11:30,12:00,休,rest
US00004,2026-06-08,US202602180014,24,12:00,12:30,班,on_duty
US00004,2026-06-08,US202602180014,25,12:30,13:00,班,on_duty
US00004,2026-06-08,US202602180014,26,13:00,13:30,班,on_duty
US00004,2026-06-08,US202602180014,27,13:30,14:00,班,on_duty
US00004,2026-06-09,US202506160003,16,08:00,08:30,班,on_duty
US00004,2026-06-09,US202506160003,17,08:30,09:00,班,on_duty
US00004,2026-06-09,US202506160003,18,09:00,09:30,班,on_duty
US00004,2026-06-09,US202506160003,19,09:30,10:00,班,on_duty
US00004,2026-06-09,US202506160003,20,10:00,10:30,班,on_duty
US00004,2026-06-09,US202506160003,21,10:30,11:00,班,on_duty
US00004,2026-06-09,US202506160003,22,11:00,11:30,班,on_duty
US00004,2026-06-09,US202506160003,23,11:30,12:00,班,on_duty
US00004,2026-06-09,US202506160003,24,12:00,12:30,休,rest
US00004,2026-06-09,US202506160003,25,12:30,13:00,休,rest
US00004,2026-06-09,US202506160003,26,13:00,13:30,班,on_duty
US00004,2026-06-09,US202506160003,27,13:30,14:00,班,on_duty
US00004,2026-06-09,US202506160003,28,14:00,14:30,班,on_duty
US00004,2026-06-09,US202506160003,29,14:30,15:00,班,on_duty
US00004,2026-06-09,US202506160003,30,15:00,15:30,班,on_duty
US00004,2026-06-09,US202506160003,31,15:30,16:00,班,on_duty
US00004,2026-06-09,US202506160003,32,16:00,16:30,班,on_duty
US00004,2026-06-09,US202506160003,33,16:30,17:00,班,on_duty
US00004,2026-06-09,US202508120002,32,16:00,16:30,班,on_duty
US00004,2026-06-09,US202508120002,33,16:30,17:00,班,on_duty
US00004,2026-06-09,US202508120002,34,17:00,17:30,班,on_duty
US00004,2026-06-09,US202508120002,35,17:30,18:00,班,on_duty
US00004,2026-06-09,US202508120002,36,18:00,18:30,班,on_duty
US00004,2026-06-09,US202508120002,37,18:30,19:00,班,on_duty
US00004,2026-06-09,US202508120002,38,19:00,19:30,班,on_duty
US00004,2026-06-09,US202508120002,39,19:30,20:00,班,on_duty
US00004,2026-06-09,US202508120002,40,20:00,20:30,班,on_duty
US00004,2026-06-09,US202508120002,41,20:30,21:00,班,on_duty
US00004,2026-06-09,US202508120002,42,21:00,21:30,班,on_duty
US00004,2026-06-09,US202509090003,12,06:00,06:30,班,on_duty
US00004,2026-06-09,US202509090003,13,06:30,07:00,班,on_duty
US00004,2026-06-09,US202509090003,14,07:00,07:30,班,on_duty
US00004,2026-06-09,US202509090003,15,07:30,08:00,班,on_duty
US00004,2026-06-09,US202509090003,16,08:00,08:30,班,on_duty
US00004,2026-06-09,US202509090003,17,08:30,09:00,班,on_duty
US00004,2026-06-09,US202509090003,18,09:00,09:30,班,on_duty
US00004,2026-06-09,US202509090003,19,09:30,10:00,班,on_duty
US00004,2026-06-09,US202509090003,20,10:00,10:30,休,rest
US00004,2026-06-09,US202509090003,21,10:30,11:00,休,rest
US00004,2026-06-09,US202509090003,22,11:00,11:30,班,on_duty
US00004,2026-06-09,US202509090003,23,11:30,12:00,班,on_duty
US00004,2026-06-09,US202509090003,24,12:00,12:30,班,on_duty
US00004,2026-06-09,US202509090003,25,12:30,13:00,班,on_duty
US00004,2026-06-09,US202509090003,26,13:00,13:30,班,on_duty
US00004,2026-06-09,US202509090003,27,13:30,14:00,班,on_duty
US00004,2026-06-09,US202509090005,28,14:00,14:30,班,on_duty
US00004,2026-06-09,US202509090005,29,14:30,15:00,班,on_duty
US00004,2026-06-09,US202509090005,30,15:00,15:30,班,on_duty
US00004,2026-06-09,US202509090005,31,15:30,16:00,班,on_duty
US00004,2026-06-09,US202509090005,32,16:00,16:30,班,on_duty
US00004,2026-06-09,US202509090005,33,16:30,17:00,班,on_duty
US00004,2026-06-09,US202509090005,34,17:00,17:30,休,rest
US00004,2026-06-09,US202509090005,35,17:30,18:00,休,rest
US00004,2026-06-09,US202509090005,36,18:00,18:30,班,on_duty
US00004,2026-06-09,US202509090005,37,18:30,19:00,班,on_duty
US00004,2026-06-09,US202509090005,38,19:00,19:30,班,on_duty
US00004,2026-06-09,US202509090005,39,19:30,20:00,班,on_duty
US00004,2026-06-09,US202509090005,40,20:00,20:30,班,on_duty
US00004,2026-06-09,US202509090005,41,20:30,21:00,班,on_duty
US00004,2026-06-09,US202509090005,42,21:00,21:30,班,on_duty
US00004,2026-06-09,US202510070001,27,13:30,14:00,班,on_duty
US00004,2026-06-09,US202510070001,28,14:00,14:30,班,on_duty
US00004,2026-06-09,US202510070001,29,14:30,15:00,班,on_duty
US00004,2026-06-09,US202510070001,30,15:00,15:30,班,on_duty
US00004,2026-06-09,US202510070001,31,15:30,16:00,班,on_duty
US00004,2026-06-09,US202510070001,32,16:00,16:30,休,rest
US00004,2026-06-09,US202510070001,33,16:30,17:00,休,rest
US00004,2026-06-09,US202510070001,34,17:00,17:30,班,on_duty
US00004,2026-06-09,US202510070001,35,17:30,18:00,班,on_duty
US00004,2026-06-09,US202510070001,36,18:00,18:30,班,on_duty
US00004,2026-06-09,US202510070001,37,18:30,19:00,班,on_duty
US00004,2026-06-09,US202510070001,38,19:00,19:30,班,on_duty
US00004,2026-06-09,US202510070001,39,19:30,20:00,班,on_duty
US00004,2026-06-09,US202510070001,40,20:00,20:30,班,on_duty
US00004,2026-06-09,US202510070001,41,20:30,21:00,班,on_duty
US00004,2026-06-09,US202510070001,42,21:00,21:30,班,on_duty
US00004,2026-06-09,US202511250001,12,06:00,06:30,班,on_duty
US00004,2026-06-09,US202511250001,13,06:30,07:00,班,on_duty
US00004,2026-06-09,US202511250001,14,07:00,07:30,班,on_duty
US00004,2026-06-09,US202511250001,15,07:30,08:00,班,on_duty
US00004,2026-06-09,US202511250001,16,08:00,08:30,班,on_duty
US00004,2026-06-09,US202511250001,17,08:30,09:00,班,on_duty
US00004,2026-06-09,US202511250001,18,09:00,09:30,休,rest
US00004,2026-06-09,US202511250001,19,09:30,10:00,休,rest
US00004,2026-06-09,US202511250001,20,10:00,10:30,班,on_duty
US00004,2026-06-09,US202511250001,21,10:30,11:00,班,on_duty
US00004,2026-06-09,US202511250001,22,11:00,11:30,班,on_duty
US00004,2026-06-09,US202511250001,23,11:30,12:00,班,on_duty
US00004,2026-06-09,US202511250001,24,12:00,12:30,班,on_duty
US00004,2026-06-09,US202511250001,25,12:30,13:00,班,on_duty
US00004,2026-06-09,US202511250001,26,13:00,13:30,班,on_duty
US00004,2026-06-09,US202511250001,27,13:30,14:00,班,on_duty
US00004,2026-06-09,US202511250001,28,14:00,14:30,班,on_duty
US00004,2026-06-09,US202602100006,16,08:00,08:30,班,on_duty
US00004,2026-06-09,US202602100006,17,08:30,09:00,班,on_duty
US00004,2026-06-09,US202602100006,18,09:00,09:30,班,on_duty
US00004,2026-06-09,US202602100006,19,09:30,10:00,班,on_duty
US00004,2026-06-09,US202602100006,20,10:00,10:30,班,on_duty
US00004,2026-06-09,US202602100006,21,10:30,11:00,班,on_duty
US00004,2026-06-09,US202602100006,22,11:00,11:30,班,on_duty
US00004,2026-06-09,US202602100006,23,11:30,12:00,班,on_duty
US00004,2026-06-09,US202602100006,24,12:00,12:30,班,on_duty
US00004,2026-06-09,US202602100006,25,12:30,13:00,班,on_duty
US00004,2026-06-09,US202602180014,12,06:00,06:30,班,on_duty
US00004,2026-06-09,US202602180014,13,06:30,07:00,班,on_duty
US00004,2026-06-09,US202602180014,14,07:00,07:30,班,on_duty
US00004,2026-06-09,US202602180014,15,07:30,08:00,班,on_duty
US00004,2026-06-09,US202602180014,16,08:00,08:30,班,on_duty
US00004,2026-06-09,US202602180014,17,08:30,09:00,班,on_duty
US00004,2026-06-09,US202602180014,18,09:00,09:30,班,on_duty
US00004,2026-06-09,US202602180014,19,09:30,10:00,班,on_duty
US00004,2026-06-09,US202602180014,20,10:00,10:30,班,on_duty
US00004,2026-06-09,US202602180014,21,10:30,11:00,班,on_duty
US00004,2026-06-09,US202602180014,22,11:00,11:30,休,rest
US00004,2026-06-09,US202602180014,23,11:30,12:00,休,rest
US00004,2026-06-09,US202602180014,24,12:00,12:30,班,on_duty
US00004,2026-06-09,US202602180014,25,12:30,13:00,班,on_duty
US00004,2026-06-09,US202602180014,26,13:00,13:30,班,on_duty
US00004,2026-06-09,US202602180014,27,13:30,14:00,班,on_duty
US00004,2026-06-10,US202506160003,16,08:00,08:30,班,on_duty
US00004,2026-06-10,US202506160003,17,08:30,09:00,班,on_duty
US00004,2026-06-10,US202506160003,18,09:00,09:30,班,on_duty
US00004,2026-06-10,US202506160003,19,09:30,10:00,班,on_duty
US00004,2026-06-10,US202506160003,20,10:00,10:30,班,on_duty
US00004,2026-06-10,US202506160003,21,10:30,11:00,班,on_duty
US00004,2026-06-10,US202506160003,22,11:00,11:30,班,on_duty
US00004,2026-06-10,US202506160003,23,11:30,12:00,班,on_duty
US00004,2026-06-10,US202506160003,24,12:00,12:30,班,on_duty
US00004,2026-06-10,US202506160003,25,12:30,13:00,班,on_duty
US00004,2026-06-10,US202508120002,28,14:00,14:30,班,on_duty
US00004,2026-06-10,US202508120002,29,14:30,15:00,班,on_duty
US00004,2026-06-10,US202508120002,30,15:00,15:30,班,on_duty
US00004,2026-06-10,US202508120002,31,15:30,16:00,班,on_duty
US00004,2026-06-10,US202508120002,32,16:00,16:30,班,on_duty
US00004,2026-06-10,US202508120002,33,16:30,17:00,班,on_duty
US00004,2026-06-10,US202508120002,34,17:00,17:30,休,rest
US00004,2026-06-10,US202508120002,35,17:30,18:00,休,rest
US00004,2026-06-10,US202508120002,36,18:00,18:30,班,on_duty
US00004,2026-06-10,US202508120002,37,18:30,19:00,班,on_duty
US00004,2026-06-10,US202508120002,38,19:00,19:30,班,on_duty
US00004,2026-06-10,US202508120002,39,19:30,20:00,班,on_duty
US00004,2026-06-10,US202508120002,40,20:00,20:30,班,on_duty
US00004,2026-06-10,US202508120002,41,20:30,21:00,班,on_duty
US00004,2026-06-10,US202508120002,42,21:00,21:30,班,on_duty
US00004,2026-06-10,US202509090003,12,06:00,06:30,班,on_duty
US00004,2026-06-10,US202509090003,13,06:30,07:00,班,on_duty
US00004,2026-06-10,US202509090003,14,07:00,07:30,班,on_duty
US00004,2026-06-10,US202509090003,15,07:30,08:00,班,on_duty
US00004,2026-06-10,US202509090003,16,08:00,08:30,班,on_duty
US00004,2026-06-10,US202509090003,17,08:30,09:00,班,on_duty
US00004,2026-06-10,US202509090003,18,09:00,09:30,休,rest
US00004,2026-06-10,US202509090003,19,09:30,10:00,休,rest
US00004,2026-06-10,US202509090003,20,10:00,10:30,班,on_duty
US00004,2026-06-10,US202509090003,21,10:30,11:00,班,on_duty
US00004,2026-06-10,US202509090003,22,11:00,11:30,班,on_duty
US00004,2026-06-10,US202509090003,23,11:30,12:00,班,on_duty
US00004,2026-06-10,US202509090003,24,12:00,12:30,班,on_duty
US00004,2026-06-10,US202509090003,25,12:30,13:00,班,on_duty
US00004,2026-06-10,US202509090003,26,13:00,13:30,班,on_duty
US00004,2026-06-10,US202509090003,27,13:30,14:00,班,on_duty
US00004,2026-06-10,US202509090003,28,14:00,14:30,班,on_duty
US00004,2026-06-10,US202509090005,32,16:00,16:30,班,on_duty
US00004,2026-06-10,US202509090005,33,16:30,17:00,班,on_duty
US00004,2026-06-10,US202509090005,34,17:00,17:30,班,on_duty
US00004,2026-06-10,US202509090005,35,17:30,18:00,班,on_duty
US00004,2026-06-10,US202509090005,36,18:00,18:30,班,on_duty
US00004,2026-06-10,US202509090005,37,18:30,19:00,班,on_duty
US00004,2026-06-10,US202509090005,38,19:00,19:30,班,on_duty
US00004,2026-06-10,US202509090005,39,19:30,20:00,班,on_duty
US00004,2026-06-10,US202509090005,40,20:00,20:30,班,on_duty
US00004,2026-06-10,US202509090005,41,20:30,21:00,班,on_duty
US00004,2026-06-10,US202509090005,42,21:00,21:30,班,on_duty
US00004,2026-06-10,US202511250001,12,06:00,06:30,班,on_duty
US00004,2026-06-10,US202511250001,13,06:30,07:00,班,on_duty
US00004,2026-06-10,US202511250001,14,07:00,07:30,班,on_duty
US00004,2026-06-10,US202511250001,15,07:30,08:00,班,on_duty
US00004,2026-06-10,US202511250001,16,08:00,08:30,班,on_duty
US00004,2026-06-10,US202511250001,17,08:30,09:00,班,on_duty
US00004,2026-06-10,US202511250001,18,09:00,09:30,班,on_duty
US00004,2026-06-10,US202511250001,19,09:30,10:00,班,on_duty
US00004,2026-06-10,US202511250001,20,10:00,10:30,休,rest
US00004,2026-06-10,US202511250001,21,10:30,11:00,休,rest
US00004,2026-06-10,US202511250001,22,11:00,11:30,班,on_duty
US00004,2026-06-10,US202511250001,23,11:30,12:00,班,on_duty
US00004,2026-06-10,US202511250001,24,12:00,12:30,班,on_duty
US00004,2026-06-10,US202511250001,25,12:30,13:00,班,on_duty
US00004,2026-06-10,US202511250001,26,13:00,13:30,班,on_duty
US00004,2026-06-10,US202511250001,27,13:30,14:00,班,on_duty
US00004,2026-06-10,US202601200003,27,13:30,14:00,班,on_duty
US00004,2026-06-10,US202601200003,28,14:00,14:30,班,on_duty
US00004,2026-06-10,US202601200003,29,14:30,15:00,班,on_duty
US00004,2026-06-10,US202601200003,30,15:00,15:30,班,on_duty
US00004,2026-06-10,US202601200003,31,15:30,16:00,班,on_duty
US00004,2026-06-10,US202601200003,32,16:00,16:30,休,rest
US00004,2026-06-10,US202601200003,33,16:30,17:00,休,rest
US00004,2026-06-10,US202601200003,34,17:00,17:30,班,on_duty
US00004,2026-06-10,US202601200003,35,17:30,18:00,班,on_duty
US00004,2026-06-10,US202601200003,36,18:00,18:30,班,on_duty
US00004,2026-06-10,US202601200003,37,18:30,19:00,班,on_duty
US00004,2026-06-10,US202601200003,38,19:00,19:30,班,on_duty
US00004,2026-06-10,US202601200003,39,19:30,20:00,班,on_duty
US00004,2026-06-10,US202601200003,40,20:00,20:30,班,on_duty
US00004,2026-06-10,US202601200003,41,20:30,21:00,班,on_duty
US00004,2026-06-10,US202601200003,42,21:00,21:30,班,on_duty
US00004,2026-06-10,US202602100006,16,08:00,08:30,班,on_duty
US00004,2026-06-10,US202602100006,17,08:30,09:00,班,on_duty
US00004,2026-06-10,US202602100006,18,09:00,09:30,班,on_duty
US00004,2026-06-10,US202602100006,19,09:30,10:00,班,on_duty
US00004,2026-06-10,US202602100006,20,10:00,10:30,班,on_duty
US00004,2026-06-10,US202602100006,21,10:30,11:00,班,on_duty
US00004,2026-06-10,US202602100006,22,11:00,11:30,班,on_duty
US00004,2026-06-10,US202602100006,23,11:30,12:00,班,on_duty
US00004,2026-06-10,US202602100006,24,12:00,12:30,休,rest
US00004,2026-06-10,US202602100006,25,12:30,13:00,休,rest
US00004,2026-06-10,US202602100006,26,13:00,13:30,班,on_duty
US00004,2026-06-10,US202602100006,27,13:30,14:00,班,on_duty
US00004,2026-06-10,US202602100006,28,14:00,14:30,班,on_duty
US00004,2026-06-10,US202602100006,29,14:30,15:00,班,on_duty
US00004,2026-06-10,US202602100006,30,15:00,15:30,班,on_duty
US00004,2026-06-10,US202602100006,31,15:30,16:00,班,on_duty
US00004,2026-06-10,US202602100006,32,16:00,16:30,班,on_duty
US00004,2026-06-10,US202602100006,33,16:30,17:00,班,on_duty
US00004,2026-06-10,US202602180014,12,06:00,06:30,班,on_duty
US00004,2026-06-10,US202602180014,13,06:30,07:00,班,on_duty
US00004,2026-06-10,US202602180014,14,07:00,07:30,班,on_duty
US00004,2026-06-10,US202602180014,15,07:30,08:00,班,on_duty
US00004,2026-06-10,US202602180014,16,08:00,08:30,班,on_duty
US00004,2026-06-10,US202602180014,17,08:30,09:00,班,on_duty
US00004,2026-06-10,US202602180014,18,09:00,09:30,班,on_duty
US00004,2026-06-10,US202602180014,19,09:30,10:00,班,on_duty
US00004,2026-06-10,US202602180014,20,10:00,10:30,班,on_duty
US00004,2026-06-10,US202602180014,21,10:30,11:00,班,on_duty
US00004,2026-06-10,US202602180014,22,11:00,11:30,休,rest
US00004,2026-06-10,US202602180014,23,11:30,12:00,休,rest
US00004,2026-06-10,US202602180014,24,12:00,12:30,班,on_duty
US00004,2026-06-10,US202602180014,25,12:30,13:00,班,on_duty
US00004,2026-06-10,US202602180014,26,13:00,13:30,班,on_duty
US00004,2026-06-10,US202602180014,27,13:30,14:00,班,on_duty
US00004,2026-06-11,US202506160003,16,08:00,08:30,班,on_duty
US00004,2026-06-11,US202506160003,17,08:30,09:00,班,on_duty
US00004,2026-06-11,US202506160003,18,09:00,09:30,班,on_duty
US00004,2026-06-11,US202506160003,19,09:30,10:00,班,on_duty
US00004,2026-06-11,US202506160003,20,10:00,10:30,班,on_duty
US00004,2026-06-11,US202506160003,21,10:30,11:00,班,on_duty
US00004,2026-06-11,US202506160003,22,11:00,11:30,班,on_duty
US00004,2026-06-11,US202506160003,23,11:30,12:00,班,on_duty
US00004,2026-06-11,US202506160003,24,12:00,12:30,休,rest
US00004,2026-06-11,US202506160003,25,12:30,13:00,休,rest
US00004,2026-06-11,US202506160003,26,13:00,13:30,班,on_duty
US00004,2026-06-11,US202506160003,27,13:30,14:00,班,on_duty
US00004,2026-06-11,US202506160003,28,14:00,14:30,班,on_duty
US00004,2026-06-11,US202506160003,29,14:30,15:00,班,on_duty
US00004,2026-06-11,US202506160003,30,15:00,15:30,班,on_duty
US00004,2026-06-11,US202506160003,31,15:30,16:00,班,on_duty
US00004,2026-06-11,US202506160003,32,16:00,16:30,班,on_duty
US00004,2026-06-11,US202506160003,33,16:30,17:00,班,on_duty
US00004,2026-06-11,US202508120002,32,16:00,16:30,班,on_duty
US00004,2026-06-11,US202508120002,33,16:30,17:00,班,on_duty
US00004,2026-06-11,US202508120002,34,17:00,17:30,班,on_duty
US00004,2026-06-11,US202508120002,35,17:30,18:00,班,on_duty
US00004,2026-06-11,US202508120002,36,18:00,18:30,班,on_duty
US00004,2026-06-11,US202508120002,37,18:30,19:00,班,on_duty
US00004,2026-06-11,US202508120002,38,19:00,19:30,班,on_duty
US00004,2026-06-11,US202508120002,39,19:30,20:00,班,on_duty
US00004,2026-06-11,US202508120002,40,20:00,20:30,班,on_duty
US00004,2026-06-11,US202508120002,41,20:30,21:00,班,on_duty
US00004,2026-06-11,US202508120002,42,21:00,21:30,班,on_duty
US00004,2026-06-11,US202509090003,12,06:00,06:30,班,on_duty
US00004,2026-06-11,US202509090003,13,06:30,07:00,班,on_duty
US00004,2026-06-11,US202509090003,14,07:00,07:30,班,on_duty
US00004,2026-06-11,US202509090003,15,07:30,08:00,班,on_duty
US00004,2026-06-11,US202509090003,16,08:00,08:30,班,on_duty
US00004,2026-06-11,US202509090003,17,08:30,09:00,班,on_duty
US00004,2026-06-11,US202509090003,18,09:00,09:30,班,on_duty
US00004,2026-06-11,US202509090003,19,09:30,10:00,班,on_duty
US00004,2026-06-11,US202509090003,20,10:00,10:30,休,rest
US00004,2026-06-11,US202509090003,21,10:30,11:00,休,rest
US00004,2026-06-11,US202509090003,22,11:00,11:30,班,on_duty
US00004,2026-06-11,US202509090003,23,11:30,12:00,班,on_duty
US00004,2026-06-11,US202509090003,24,12:00,12:30,班,on_duty
US00004,2026-06-11,US202509090003,25,12:30,13:00,班,on_duty
US00004,2026-06-11,US202509090003,26,13:00,13:30,班,on_duty
US00004,2026-06-11,US202509090003,27,13:30,14:00,班,on_duty
US00004,2026-06-11,US202509090005,19,09:30,10:00,班,on_duty
US00004,2026-06-11,US202509090005,20,10:00,10:30,班,on_duty
US00004,2026-06-11,US202509090005,21,10:30,11:00,班,on_duty
US00004,2026-06-11,US202509090005,22,11:00,11:30,班,on_duty
US00004,2026-06-11,US202509090005,23,11:30,12:00,班,on_duty
US00004,2026-06-11,US202509090005,24,12:00,12:30,班,on_duty
US00004,2026-06-11,US202509090005,25,12:30,13:00,班,on_duty
US00004,2026-06-11,US202509090005,26,13:00,13:30,班,on_duty
US00004,2026-06-11,US202509090005,27,13:30,14:00,班,on_duty
US00004,2026-06-11,US202509090005,28,14:00,14:30,班,on_duty
US00004,2026-06-11,US202510070001,12,06:00,06:30,班,on_duty
US00004,2026-06-11,US202510070001,13,06:30,07:00,班,on_duty
US00004,2026-06-11,US202510070001,14,07:00,07:30,班,on_duty
US00004,2026-06-11,US202510070001,15,07:30,08:00,班,on_duty
US00004,2026-06-11,US202510070001,16,08:00,08:30,班,on_duty
US00004,2026-06-11,US202510070001,17,08:30,09:00,班,on_duty
US00004,2026-06-11,US202510070001,18,09:00,09:30,休,rest
US00004,2026-06-11,US202510070001,19,09:30,10:00,休,rest
US00004,2026-06-11,US202510070001,20,10:00,10:30,班,on_duty
US00004,2026-06-11,US202510070001,21,10:30,11:00,班,on_duty
US00004,2026-06-11,US202510070001,22,11:00,11:30,班,on_duty
US00004,2026-06-11,US202510070001,23,11:30,12:00,班,on_duty
US00004,2026-06-11,US202510070001,24,12:00,12:30,班,on_duty
US00004,2026-06-11,US202510070001,25,12:30,13:00,班,on_duty
US00004,2026-06-11,US202510070001,26,13:00,13:30,班,on_duty
US00004,2026-06-11,US202510070001,27,13:30,14:00,班,on_duty
US00004,2026-06-11,US202510070001,28,14:00,14:30,班,on_duty
US00004,2026-06-11,US202511250001,27,13:30,14:00,班,on_duty
US00004,2026-06-11,US202511250001,28,14:00,14:30,班,on_duty
US00004,2026-06-11,US202511250001,29,14:30,15:00,班,on_duty
US00004,2026-06-11,US202511250001,30,15:00,15:30,班,on_duty
US00004,2026-06-11,US202511250001,31,15:30,16:00,班,on_duty
US00004,2026-06-11,US202511250001,32,16:00,16:30,休,rest
US00004,2026-06-11,US202511250001,33,16:30,17:00,休,rest
US00004,2026-06-11,US202511250001,34,17:00,17:30,班,on_duty
US00004,2026-06-11,US202511250001,35,17:30,18:00,班,on_duty
US00004,2026-06-11,US202511250001,36,18:00,18:30,班,on_duty
US00004,2026-06-11,US202511250001,37,18:30,19:00,班,on_duty
US00004,2026-06-11,US202511250001,38,19:00,19:30,班,on_duty
US00004,2026-06-11,US202511250001,39,19:30,20:00,班,on_duty
US00004,2026-06-11,US202511250001,40,20:00,20:30,班,on_duty
US00004,2026-06-11,US202511250001,41,20:30,21:00,班,on_duty
US00004,2026-06-11,US202511250001,42,21:00,21:30,班,on_duty
US00004,2026-06-11,US202512170006,12,06:00,06:30,班,on_duty
US00004,2026-06-11,US202512170006,13,06:30,07:00,班,on_duty
US00004,2026-06-11,US202512170006,14,07:00,07:30,班,on_duty
US00004,2026-06-11,US202512170006,15,07:30,08:00,班,on_duty
US00004,2026-06-11,US202512170006,16,08:00,08:30,班,on_duty
US00004,2026-06-11,US202512170006,17,08:30,09:00,班,on_duty
US00004,2026-06-11,US202512170006,18,09:00,09:30,班,on_duty
US00004,2026-06-11,US202512170006,19,09:30,10:00,班,on_duty
US00004,2026-06-11,US202512170006,20,10:00,10:30,班,on_duty
US00004,2026-06-11,US202512170006,21,10:30,11:00,班,on_duty
US00004,2026-06-11,US202512170006,22,11:00,11:30,休,rest
US00004,2026-06-11,US202512170006,23,11:30,12:00,休,rest
US00004,2026-06-11,US202512170006,24,12:00,12:30,班,on_duty
US00004,2026-06-11,US202512170006,25,12:30,13:00,班,on_duty
US00004,2026-06-11,US202512170006,26,13:00,13:30,班,on_duty
US00004,2026-06-11,US202512170006,27,13:30,14:00,班,on_duty
US00004,2026-06-11,US202601200003,28,14:00,14:30,班,on_duty
US00004,2026-06-11,US202601200003,29,14:30,15:00,班,on_duty
US00004,2026-06-11,US202601200003,30,15:00,15:30,班,on_duty
US00004,2026-06-11,US202601200003,31,15:30,16:00,班,on_duty
US00004,2026-06-11,US202601200003,32,16:00,16:30,班,on_duty
US00004,2026-06-11,US202601200003,33,16:30,17:00,班,on_duty
US00004,2026-06-11,US202601200003,34,17:00,17:30,休,rest
US00004,2026-06-11,US202601200003,35,17:30,18:00,休,rest
US00004,2026-06-11,US202601200003,36,18:00,18:30,班,on_duty
US00004,2026-06-11,US202601200003,37,18:30,19:00,班,on_duty
US00004,2026-06-11,US202601200003,38,19:00,19:30,班,on_duty
US00004,2026-06-11,US202601200003,39,19:30,20:00,班,on_duty
US00004,2026-06-11,US202601200003,40,20:00,20:30,班,on_duty
US00004,2026-06-11,US202601200003,41,20:30,21:00,班,on_duty
US00004,2026-06-11,US202601200003,42,21:00,21:30,班,on_duty
US00004,2026-06-12,US202506160003,16,08:00,08:30,班,on_duty
US00004,2026-06-12,US202506160003,17,08:30,09:00,班,on_duty
US00004,2026-06-12,US202506160003,18,09:00,09:30,班,on_duty
US00004,2026-06-12,US202506160003,19,09:30,10:00,班,on_duty
US00004,2026-06-12,US202506160003,20,10:00,10:30,班,on_duty
US00004,2026-06-12,US202506160003,21,10:30,11:00,班,on_duty
US00004,2026-06-12,US202506160003,22,11:00,11:30,班,on_duty
US00004,2026-06-12,US202506160003,23,11:30,12:00,班,on_duty
US00004,2026-06-12,US202506160003,24,12:00,12:30,休,rest
US00004,2026-06-12,US202506160003,25,12:30,13:00,休,rest
US00004,2026-06-12,US202506160003,26,13:00,13:30,班,on_duty
US00004,2026-06-12,US202506160003,27,13:30,14:00,班,on_duty
US00004,2026-06-12,US202506160003,28,14:00,14:30,班,on_duty
US00004,2026-06-12,US202506160003,29,14:30,15:00,班,on_duty
US00004,2026-06-12,US202506160003,30,15:00,15:30,班,on_duty
US00004,2026-06-12,US202506160003,31,15:30,16:00,班,on_duty
US00004,2026-06-12,US202506160003,32,16:00,16:30,班,on_duty
US00004,2026-06-12,US202506160003,33,16:30,17:00,班,on_duty
US00004,2026-06-12,US202509090003,28,14:00,14:30,班,on_duty
US00004,2026-06-12,US202509090003,29,14:30,15:00,班,on_duty
US00004,2026-06-12,US202509090003,30,15:00,15:30,班,on_duty
US00004,2026-06-12,US202509090003,31,15:30,16:00,班,on_duty
US00004,2026-06-12,US202509090003,32,16:00,16:30,班,on_duty
US00004,2026-06-12,US202509090003,33,16:30,17:00,班,on_duty
US00004,2026-06-12,US202509090003,34,17:00,17:30,休,rest
US00004,2026-06-12,US202509090003,35,17:30,18:00,休,rest
US00004,2026-06-12,US202509090003,36,18:00,18:30,班,on_duty
US00004,2026-06-12,US202509090003,37,18:30,19:00,班,on_duty
US00004,2026-06-12,US202509090003,38,19:00,19:30,班,on_duty
US00004,2026-06-12,US202509090003,39,19:30,20:00,班,on_duty
US00004,2026-06-12,US202509090003,40,20:00,20:30,班,on_duty
US00004,2026-06-12,US202509090003,41,20:30,21:00,班,on_duty
US00004,2026-06-12,US202509090003,42,21:00,21:30,班,on_duty
US00004,2026-06-12,US202510070001,12,06:00,06:30,班,on_duty
US00004,2026-06-12,US202510070001,13,06:30,07:00,班,on_duty
US00004,2026-06-12,US202510070001,14,07:00,07:30,班,on_duty
US00004,2026-06-12,US202510070001,15,07:30,08:00,班,on_duty
US00004,2026-06-12,US202510070001,16,08:00,08:30,班,on_duty
US00004,2026-06-12,US202510070001,17,08:30,09:00,班,on_duty
US00004,2026-06-12,US202510070001,18,09:00,09:30,休,rest
US00004,2026-06-12,US202510070001,19,09:30,10:00,休,rest
US00004,2026-06-12,US202510070001,20,10:00,10:30,班,on_duty
US00004,2026-06-12,US202510070001,21,10:30,11:00,班,on_duty
US00004,2026-06-12,US202510070001,22,11:00,11:30,班,on_duty
US00004,2026-06-12,US202510070001,23,11:30,12:00,班,on_duty
US00004,2026-06-12,US202510070001,24,12:00,12:30,班,on_duty
US00004,2026-06-12,US202510070001,25,12:30,13:00,班,on_duty
US00004,2026-06-12,US202510070001,26,13:00,13:30,班,on_duty
US00004,2026-06-12,US202510070001,27,13:30,14:00,班,on_duty
US00004,2026-06-12,US202510070001,28,14:00,14:30,班,on_duty
US00004,2026-06-12,US202512170006,12,06:00,06:30,班,on_duty
US00004,2026-06-12,US202512170006,13,06:30,07:00,班,on_duty
US00004,2026-06-12,US202512170006,14,07:00,07:30,班,on_duty
US00004,2026-06-12,US202512170006,15,07:30,08:00,班,on_duty
US00004,2026-06-12,US202512170006,16,08:00,08:30,班,on_duty
US00004,2026-06-12,US202512170006,17,08:30,09:00,班,on_duty
US00004,2026-06-12,US202512170006,18,09:00,09:30,班,on_duty
US00004,2026-06-12,US202512170006,19,09:30,10:00,班,on_duty
US00004,2026-06-12,US202512170006,20,10:00,10:30,休,rest
US00004,2026-06-12,US202512170006,21,10:30,11:00,休,rest
US00004,2026-06-12,US202512170006,22,11:00,11:30,班,on_duty
US00004,2026-06-12,US202512170006,23,11:30,12:00,班,on_duty
US00004,2026-06-12,US202512170006,24,12:00,12:30,班,on_duty
US00004,2026-06-12,US202512170006,25,12:30,13:00,班,on_duty
US00004,2026-06-12,US202512170006,26,13:00,13:30,班,on_duty
US00004,2026-06-12,US202512170006,27,13:30,14:00,班,on_duty
US00004,2026-06-12,US202601200003,32,16:00,16:30,班,on_duty
US00004,2026-06-12,US202601200003,33,16:30,17:00,班,on_duty
US00004,2026-06-12,US202601200003,34,17:00,17:30,班,on_duty
US00004,2026-06-12,US202601200003,35,17:30,18:00,班,on_duty
US00004,2026-06-12,US202601200003,36,18:00,18:30,班,on_duty
US00004,2026-06-12,US202601200003,37,18:30,19:00,班,on_duty
US00004,2026-06-12,US202601200003,38,19:00,19:30,班,on_duty
US00004,2026-06-12,US202601200003,39,19:30,20:00,班,on_duty
US00004,2026-06-12,US202601200003,40,20:00,20:30,班,on_duty
US00004,2026-06-12,US202601200003,41,20:30,21:00,班,on_duty
US00004,2026-06-12,US202601200003,42,21:00,21:30,班,on_duty
US00004,2026-06-12,US202602100006,27,13:30,14:00,班,on_duty
US00004,2026-06-12,US202602100006,28,14:00,14:30,班,on_duty
US00004,2026-06-12,US202602100006,29,14:30,15:00,班,on_duty
US00004,2026-06-12,US202602100006,30,15:00,15:30,班,on_duty
US00004,2026-06-12,US202602100006,31,15:30,16:00,班,on_duty
US00004,2026-06-12,US202602100006,32,16:00,16:30,休,rest
US00004,2026-06-12,US202602100006,33,16:30,17:00,休,rest
US00004,2026-06-12,US202602100006,34,17:00,17:30,班,on_duty
US00004,2026-06-12,US202602100006,35,17:30,18:00,班,on_duty
US00004,2026-06-12,US202602100006,36,18:00,18:30,班,on_duty
US00004,2026-06-12,US202602100006,37,18:30,19:00,班,on_duty
US00004,2026-06-12,US202602100006,38,19:00,19:30,班,on_duty
US00004,2026-06-12,US202602100006,39,19:30,20:00,班,on_duty
US00004,2026-06-12,US202602100006,40,20:00,20:30,班,on_duty
US00004,2026-06-12,US202602100006,41,20:30,21:00,班,on_duty
US00004,2026-06-12,US202602100006,42,21:00,21:30,班,on_duty
US00004,2026-06-12,US202602180014,12,06:00,06:30,班,on_duty
US00004,2026-06-12,US202602180014,13,06:30,07:00,班,on_duty
US00004,2026-06-12,US202602180014,14,07:00,07:30,班,on_duty
US00004,2026-06-12,US202602180014,15,07:30,08:00,班,on_duty
US00004,2026-06-12,US202602180014,16,08:00,08:30,班,on_duty
US00004,2026-06-12,US202602180014,17,08:30,09:00,班,on_duty
US00004,2026-06-12,US202602180014,18,09:00,09:30,班,on_duty
US00004,2026-06-12,US202602180014,19,09:30,10:00,班,on_duty
US00004,2026-06-12,US202602180014,20,10:00,10:30,班,on_duty
US00004,2026-06-12,US202602180014,21,10:30,11:00,班,on_duty
US00004,2026-06-12,US202602180014,22,11:00,11:30,休,rest
US00004,2026-06-12,US202602180014,23,11:30,12:00,休,rest
US00004,2026-06-12,US202602180014,24,12:00,12:30,班,on_duty
US00004,2026-06-12,US202602180014,25,12:30,13:00,班,on_duty
US00004,2026-06-12,US202602180014,26,13:00,13:30,班,on_duty
US00004,2026-06-12,US202602180014,27,13:30,14:00,班,on_duty
US00004,2026-06-13,US202511250001,12,06:00,06:30,班,on_duty
US00004,2026-06-13,US202511250001,13,06:30,07:00,班,on_duty
US00004,2026-06-13,US202511250001,14,07:00,07:30,班,on_duty
US00004,2026-06-13,US202511250001,15,07:30,08:00,班,on_duty
US00004,2026-06-13,US202511250001,16,08:00,08:30,班,on_duty
US00004,2026-06-13,US202511250001,17,08:30,09:00,班,on_duty
US00004,2026-06-13,US202511250001,18,09:00,09:30,班,on_duty
US00004,2026-06-13,US202511250001,19,09:30,10:00,班,on_duty
US00004,2026-06-13,US202511250001,20,10:00,10:30,班,on_duty
US00004,2026-06-13,US202511250001,21,10:30,11:00,班,on_duty
US00004,2026-06-13,US202511250001,22,11:00,11:30,班,on_duty
US00004,2026-06-13,US202511250001,23,11:30,12:00,班,on_duty
US00004,2026-06-13,US202511250001,24,12:00,12:30,班,on_duty
US00004,2026-06-13,US202511250001,25,12:30,13:00,班,on_duty
US00004,2026-06-13,US202511250001,26,13:00,13:30,班,on_duty
US00004,2026-06-13,US202511250001,27,13:30,14:00,班,on_duty
US00004,2026-06-13,US202512170006,12,06:00,06:30,班,on_duty
US00004,2026-06-13,US202512170006,13,06:30,07:00,班,on_duty
US00004,2026-06-13,US202512170006,14,07:00,07:30,班,on_duty
US00004,2026-06-13,US202512170006,15,07:30,08:00,班,on_duty
US00004,2026-06-13,US202512170006,16,08:00,08:30,班,on_duty
US00004,2026-06-13,US202512170006,17,08:30,09:00,班,on_duty
US00004,2026-06-13,US202512170006,18,09:00,09:30,班,on_duty
US00004,2026-06-13,US202512170006,19,09:30,10:00,班,on_duty
US00004,2026-06-13,US202512170006,20,10:00,10:30,班,on_duty
US00004,2026-06-13,US202512170006,21,10:30,11:00,班,on_duty
US00004,2026-06-13,US202512170006,22,11:00,11:30,班,on_duty
US00004,2026-06-13,US202512170006,23,11:30,12:00,班,on_duty
US00004,2026-06-13,US202512170006,24,12:00,12:30,班,on_duty
US00004,2026-06-13,US202512170006,25,12:30,13:00,班,on_duty
US00004,2026-06-13,US202512170006,26,13:00,13:30,班,on_duty
US00004,2026-06-13,US202601130003,26,13:00,13:30,班,on_duty
US00004,2026-06-13,US202601130003,27,13:30,14:00,班,on_duty
US00004,2026-06-13,US202601130003,28,14:00,14:30,班,on_duty
US00004,2026-06-13,US202601130003,29,14:30,15:00,班,on_duty
US00004,2026-06-13,US202601130003,30,15:00,15:30,班,on_duty
US00004,2026-06-13,US202601130003,31,15:30,16:00,班,on_duty
US00004,2026-06-13,US202601130003,32,16:00,16:30,班,on_duty
US00004,2026-06-13,US202601130003,33,16:30,17:00,班,on_duty
US00004,2026-06-13,US202601130003,34,17:00,17:30,班,on_duty
US00004,2026-06-13,US202601130003,35,17:30,18:00,班,on_duty
US00004,2026-06-13,US202601130003,36,18:00,18:30,班,on_duty
US00004,2026-06-13,US202601130003,37,18:30,19:00,班,on_duty
US00004,2026-06-13,US202601130003,38,19:00,19:30,班,on_duty
US00004,2026-06-13,US202601130003,39,19:30,20:00,班,on_duty
US00004,2026-06-13,US202601130003,40,20:00,20:30,班,on_duty
US00004,2026-06-13,US202601130003,41,20:30,21:00,班,on_duty
US00004,2026-06-13,US202601130003,42,21:00,21:30,班,on_duty
US00004,2026-06-13,US202602100006,27,13:30,14:00,班,on_duty
US00004,2026-06-13,US202602100006,28,14:00,14:30,班,on_duty
US00004,2026-06-13,US202602100006,29,14:30,15:00,班,on_duty
US00004,2026-06-13,US202602100006,30,15:00,15:30,班,on_duty
US00004,2026-06-13,US202602100006,31,15:30,16:00,班,on_duty
US00004,2026-06-13,US202602100006,32,16:00,16:30,班,on_duty
US00004,2026-06-13,US202602100006,33,16:30,17:00,班,on_duty
US00004,2026-06-13,US202602100006,34,17:00,17:30,班,on_duty
US00004,2026-06-13,US202602100006,35,17:30,18:00,班,on_duty
US00004,2026-06-13,US202602100006,36,18:00,18:30,班,on_duty
US00004,2026-06-13,US202602100006,37,18:30,19:00,班,on_duty
US00004,2026-06-13,US202602100006,38,19:00,19:30,班,on_duty
US00004,2026-06-13,US202602100006,39,19:30,20:00,班,on_duty
US00004,2026-06-13,US202602100006,40,20:00,20:30,班,on_duty
US00004,2026-06-13,US202602100006,41,20:30,21:00,班,on_duty
US00004,2026-06-13,US202602100006,42,21:00,21:30,班,on_duty
US00004,2026-06-13,US202602180014,28,14:00,14:30,班,on_duty
US00004,2026-06-13,US202602180014,29,14:30,15:00,班,on_duty
US00004,2026-06-13,US202602180014,30,15:00,15:30,班,on_duty
US00004,2026-06-13,US202602180014,31,15:30,16:00,班,on_duty
US00004,2026-06-13,US202602180014,32,16:00,16:30,班,on_duty
US00004,2026-06-13,US202602180014,33,16:30,17:00,班,on_duty
US00004,2026-06-13,US202602180014,34,17:00,17:30,班,on_duty
US00004,2026-06-13,US202602180014,35,17:30,18:00,班,on_duty
US00004,2026-06-13,US202602180014,36,18:00,18:30,班,on_duty
US00004,2026-06-13,US202602180014,37,18:30,19:00,班,on_duty
US00004,2026-06-13,US202602180014,38,19:00,19:30,班,on_duty
US00004,2026-06-13,US202602180014,39,19:30,20:00,班,on_duty
US00004,2026-06-13,US202602180014,40,20:00,20:30,班,on_duty
US00004,2026-06-13,US202602180014,41,20:30,21:00,班,on_duty
US00004,2026-06-13,US202602180014,42,21:00,21:30,班,on_duty
US00004,2026-06-14,US202509090003,12,06:00,06:30,班,on_duty
US00004,2026-06-14,US202509090003,13,06:30,07:00,班,on_duty
US00004,2026-06-14,US202509090003,14,07:00,07:30,班,on_duty
US00004,2026-06-14,US202509090003,15,07:30,08:00,班,on_duty
US00004,2026-06-14,US202509090003,16,08:00,08:30,班,on_duty
US00004,2026-06-14,US202509090003,17,08:30,09:00,班,on_duty
US00004,2026-06-14,US202509090003,18,09:00,09:30,班,on_duty
US00004,2026-06-14,US202509090003,19,09:30,10:00,班,on_duty
US00004,2026-06-14,US202509090003,20,10:00,10:30,休,rest
US00004,2026-06-14,US202509090003,21,10:30,11:00,休,rest
US00004,2026-06-14,US202509090003,22,11:00,11:30,班,on_duty
US00004,2026-06-14,US202509090003,23,11:30,12:00,班,on_duty
US00004,2026-06-14,US202509090003,24,12:00,12:30,班,on_duty
US00004,2026-06-14,US202509090003,25,12:30,13:00,班,on_duty
US00004,2026-06-14,US202509090003,26,13:00,13:30,班,on_duty
US00004,2026-06-14,US202509090003,27,13:30,14:00,班,on_duty
US00004,2026-06-14,US202509090005,28,14:00,14:30,班,on_duty
US00004,2026-06-14,US202509090005,29,14:30,15:00,班,on_duty
US00004,2026-06-14,US202509090005,30,15:00,15:30,班,on_duty
US00004,2026-06-14,US202509090005,31,15:30,16:00,班,on_duty
US00004,2026-06-14,US202509090005,32,16:00,16:30,休,rest
US00004,2026-06-14,US202509090005,33,16:30,17:00,休,rest
US00004,2026-06-14,US202509090005,34,17:00,17:30,班,on_duty
US00004,2026-06-14,US202509090005,35,17:30,18:00,班,on_duty
US00004,2026-06-14,US202509090005,36,18:00,18:30,班,on_duty
US00004,2026-06-14,US202509090005,37,18:30,19:00,班,on_duty
US00004,2026-06-14,US202509090005,38,19:00,19:30,班,on_duty
US00004,2026-06-14,US202509090005,39,19:30,20:00,班,on_duty
US00004,2026-06-14,US202509090005,40,20:00,20:30,班,on_duty
US00004,2026-06-14,US202509090005,41,20:30,21:00,班,on_duty
US00004,2026-06-14,US202509090005,42,21:00,21:30,班,on_duty
US00004,2026-06-14,US202512170006,12,06:00,06:30,班,on_duty
US00004,2026-06-14,US202512170006,13,06:30,07:00,班,on_duty
US00004,2026-06-14,US202512170006,14,07:00,07:30,班,on_duty
US00004,2026-06-14,US202512170006,15,07:30,08:00,班,on_duty
US00004,2026-06-14,US202512170006,16,08:00,08:30,班,on_duty
US00004,2026-06-14,US202512170006,17,08:30,09:00,班,on_duty
US00004,2026-06-14,US202512170006,18,09:00,09:30,班,on_duty
US00004,2026-06-14,US202512170006,19,09:30,10:00,班,on_duty
US00004,2026-06-14,US202512170006,20,10:00,10:30,班,on_duty
US00004,2026-06-14,US202512170006,21,10:30,11:00,休,rest
US00004,2026-06-14,US202512170006,22,11:00,11:30,休,rest
US00004,2026-06-14,US202512170006,23,11:30,12:00,班,on_duty
US00004,2026-06-14,US202512170006,24,12:00,12:30,班,on_duty
US00004,2026-06-14,US202512170006,25,12:30,13:00,班,on_duty
US00004,2026-06-14,US202512170006,26,13:00,13:30,班,on_duty
US00004,2026-06-14,US202512170006,27,13:30,14:00,班,on_duty
US00004,2026-06-14,US202602100006,27,13:30,14:00,班,on_duty
US00004,2026-06-14,US202602100006,28,14:00,14:30,班,on_duty
US00004,2026-06-14,US202602100006,29,14:30,15:00,班,on_duty
US00004,2026-06-14,US202602100006,30,15:00,15:30,休,rest
US00004,2026-06-14,US202602100006,31,15:30,16:00,休,rest
US00004,2026-06-14,US202602100006,32,16:00,16:30,班,on_duty
US00004,2026-06-14,US202602100006,33,16:30,17:00,班,on_duty
US00004,2026-06-14,US202602100006,34,17:00,17:30,班,on_duty
US00004,2026-06-14,US202602100006,35,17:30,18:00,班,on_duty
US00004,2026-06-14,US202602100006,36,18:00,18:30,班,on_duty
US00004,2026-06-14,US202602100006,37,18:30,19:00,班,on_duty
US00004,2026-06-14,US202602100006,38,19:00,19:30,班,on_duty
US00004,2026-06-14,US202602100006,39,19:30,20:00,班,on_duty
US00004,2026-06-14,US202602100006,40,20:00,20:30,班,on_duty
US00004,2026-06-14,US202602100006,41,20:30,21:00,班,on_duty
US00004,2026-06-14,US202602100006,42,21:00,21:30,班,on_duty
US00004,2026-06-14,US202602180014,20,10:00,10:30,班,on_duty
US00004,2026-06-14,US202602180014,21,10:30,11:00,班,on_duty
US00004,2026-06-14,US202602180014,22,11:00,11:30,班,on_duty
US00004,2026-06-14,US202602180014,23,11:30,12:00,班,on_duty
US00004,2026-06-14,US202602180014,24,12:00,12:30,班,on_duty
US00004,2026-06-14,US202602180014,25,12:30,13:00,班,on_duty
US00004,2026-06-14,US202602180014,26,13:00,13:30,班,on_duty
US00004,2026-06-14,US202602180014,27,13:30,14:00,班,on_duty
US00004,2026-06-14,US202602180014,28,14:00,14:30,班,on_duty
US00004,2026-06-14,US202602180014,29,14:30,15:00,班,on_duty
US00004,2026-06-14,US202602180014,30,15:00,15:30,班,on_duty
US00004,2026-06-14,US202602180014,31,15:30,16:00,班,on_duty
US00004,2026-06-14,US202602180014,32,16:00,16:30,班,on_duty
US00004,2026-06-14,US202602180014,33,16:30,17:00,班,on_duty
US00004,2026-06-14,US202602180014,34,17:00,17:30,班,on_duty
US00010,2026-06-08,US202506160007,12,06:00,06:30,班,on_duty
US00010,2026-06-08,US202506160007,13,06:30,07:00,班,on_duty
US00010,2026-06-08,US202506160007,14,07:00,07:30,班,on_duty
US00010,2026-06-08,US202506160007,15,07:30,08:00,班,on_duty
US00010,2026-06-08,US202506160007,16,08:00,08:30,班,on_duty
US00010,2026-06-08,US202506160007,17,08:30,09:00,班,on_duty
US00010,2026-06-08,US202506160007,18,09:00,09:30,班,on_duty
US00010,2026-06-08,US202506160007,19,09:30,10:00,班,on_duty
US00010,2026-06-08,US202506160007,20,10:00,10:30,休,rest
US00010,2026-06-08,US202506160007,21,10:30,11:00,休,rest
US00010,2026-06-08,US202506160007,22,11:00,11:30,班,on_duty
US00010,2026-06-08,US202506160007,23,11:30,12:00,班,on_duty
US00010,2026-06-08,US202506160007,24,12:00,12:30,班,on_duty
US00010,2026-06-08,US202506160007,25,12:30,13:00,班,on_duty
US00010,2026-06-08,US202506160007,26,13:00,13:30,班,on_duty
US00010,2026-06-08,US202506160007,27,13:30,14:00,班,on_duty
US00010,2026-06-08,US202506160007,28,14:00,14:30,班,on_duty
US00010,2026-06-08,US202508190004,28,14:00,14:30,班,on_duty
US00010,2026-06-08,US202508190004,29,14:30,15:00,班,on_duty
US00010,2026-06-08,US202508190004,30,15:00,15:30,班,on_duty
US00010,2026-06-08,US202508190004,31,15:30,16:00,班,on_duty
US00010,2026-06-08,US202508190004,32,16:00,16:30,班,on_duty
US00010,2026-06-08,US202508190004,33,16:30,17:00,班,on_duty
US00010,2026-06-08,US202508190004,34,17:00,17:30,班,on_duty
US00010,2026-06-08,US202508190004,35,17:30,18:00,休,rest
US00010,2026-06-08,US202508190004,36,18:00,18:30,休,rest
US00010,2026-06-08,US202508190004,37,18:30,19:00,班,on_duty
US00010,2026-06-08,US202508190004,38,19:00,19:30,班,on_duty
US00010,2026-06-08,US202508190004,39,19:30,20:00,班,on_duty
US00010,2026-06-08,US202508190004,40,20:00,20:30,班,on_duty
US00010,2026-06-08,US202508190004,41,20:30,21:00,班,on_duty
US00010,2026-06-08,US202508190004,42,21:00,21:30,班,on_duty
US00010,2026-06-08,US202508190004,43,21:30,22:00,班,on_duty
US00010,2026-06-08,US202508190004,44,22:00,22:30,班,on_duty
US00010,2026-06-08,US202509230007,28,14:00,14:30,班,on_duty
US00010,2026-06-08,US202509230007,29,14:30,15:00,班,on_duty
US00010,2026-06-08,US202509230007,30,15:00,15:30,班,on_duty
US00010,2026-06-08,US202509230007,31,15:30,16:00,班,on_duty
US00010,2026-06-08,US202509230007,32,16:00,16:30,班,on_duty
US00010,2026-06-08,US202509230007,33,16:30,17:00,班,on_duty
US00010,2026-06-08,US202509230007,34,17:00,17:30,班,on_duty
US00010,2026-06-08,US202509230007,35,17:30,18:00,班,on_duty
US00010,2026-06-08,US202509230007,36,18:00,18:30,休,rest
US00010,2026-06-08,US202509230007,37,18:30,19:00,休,rest
US00010,2026-06-08,US202509230007,38,19:00,19:30,班,on_duty
US00010,2026-06-08,US202509230007,39,19:30,20:00,班,on_duty
US00010,2026-06-08,US202509230007,40,20:00,20:30,班,on_duty
US00010,2026-06-08,US202509230007,41,20:30,21:00,班,on_duty
US00010,2026-06-08,US202509230007,42,21:00,21:30,班,on_duty
US00010,2026-06-08,US202509230007,43,21:30,22:00,班,on_duty
US00010,2026-06-08,US202509230007,44,22:00,22:30,班,on_duty
US00010,2026-06-08,US202603030005,28,14:00,14:30,班,on_duty
US00010,2026-06-08,US202603030005,29,14:30,15:00,班,on_duty
US00010,2026-06-08,US202603030005,30,15:00,15:30,班,on_duty
US00010,2026-06-08,US202603030005,31,15:30,16:00,班,on_duty
US00010,2026-06-08,US202603030005,32,16:00,16:30,班,on_duty
US00010,2026-06-08,US202603030005,33,16:30,17:00,班,on_duty
US00010,2026-06-08,US202603030005,34,17:00,17:30,班,on_duty
US00010,2026-06-08,US202603030005,35,17:30,18:00,班,on_duty
US00010,2026-06-08,US202603030005,36,18:00,18:30,班,on_duty
US00010,2026-06-08,US202603030005,37,18:30,19:00,班,on_duty
US00010,2026-06-08,US202603030005,38,19:00,19:30,休,rest
US00010,2026-06-08,US202603030005,39,19:30,20:00,休,rest
US00010,2026-06-08,US202603030005,40,20:00,20:30,班,on_duty
US00010,2026-06-08,US202603030005,41,20:30,21:00,班,on_duty
US00010,2026-06-08,US202603030005,42,21:00,21:30,班,on_duty
US00010,2026-06-08,US202603030005,43,21:30,22:00,班,on_duty
US00010,2026-06-08,US202603030005,44,22:00,22:30,班,on_duty
US00010,2026-06-08,US202603170004,12,06:00,06:30,班,on_duty
US00010,2026-06-08,US202603170004,13,06:30,07:00,班,on_duty
US00010,2026-06-08,US202603170004,14,07:00,07:30,班,on_duty
US00010,2026-06-08,US202603170004,15,07:30,08:00,班,on_duty
US00010,2026-06-08,US202603170004,16,08:00,08:30,班,on_duty
US00010,2026-06-08,US202603170004,17,08:30,09:00,班,on_duty
US00010,2026-06-08,US202603170004,18,09:00,09:30,休,rest
US00010,2026-06-08,US202603170004,19,09:30,10:00,休,rest
US00010,2026-06-08,US202603170004,20,10:00,10:30,班,on_duty
US00010,2026-06-08,US202603170004,21,10:30,11:00,班,on_duty
US00010,2026-06-08,US202603170004,22,11:00,11:30,班,on_duty
US00010,2026-06-08,US202603170004,23,11:30,12:00,班,on_duty
US00010,2026-06-08,US202603170004,24,12:00,12:30,班,on_duty
US00010,2026-06-08,US202603170004,25,12:30,13:00,班,on_duty
US00010,2026-06-08,US202603170004,26,13:00,13:30,班,on_duty
US00010,2026-06-08,US202603170004,27,13:30,14:00,班,on_duty
US00010,2026-06-08,US202603170004,28,14:00,14:30,班,on_duty
US00010,2026-06-08,US202605050007,12,06:00,06:30,班,on_duty
US00010,2026-06-08,US202605050007,13,06:30,07:00,班,on_duty
US00010,2026-06-08,US202605050007,14,07:00,07:30,班,on_duty
US00010,2026-06-08,US202605050007,15,07:30,08:00,班,on_duty
US00010,2026-06-08,US202605050007,16,08:00,08:30,班,on_duty
US00010,2026-06-08,US202605050007,17,08:30,09:00,班,on_duty
US00010,2026-06-08,US202605050007,18,09:00,09:30,班,on_duty
US00010,2026-06-08,US202605050007,19,09:30,10:00,班,on_duty
US00010,2026-06-08,US202605050007,20,10:00,10:30,班,on_duty
US00010,2026-06-08,US202605050007,21,10:30,11:00,休,rest
US00010,2026-06-08,US202605050007,22,11:00,11:30,休,rest
US00010,2026-06-08,US202605050007,23,11:30,12:00,班,on_duty
US00010,2026-06-08,US202605050007,24,12:00,12:30,班,on_duty
US00010,2026-06-08,US202605050007,25,12:30,13:00,班,on_duty
US00010,2026-06-08,US202605050007,26,13:00,13:30,班,on_duty
US00010,2026-06-08,US202605050007,27,13:30,14:00,班,on_duty
US00010,2026-06-08,US202605050007,28,14:00,14:30,班,on_duty
US00010,2026-06-08,US202605260001,12,06:00,06:30,班,on_duty
US00010,2026-06-08,US202605260001,13,06:30,07:00,班,on_duty
US00010,2026-06-08,US202605260001,14,07:00,07:30,班,on_duty
US00010,2026-06-08,US202605260001,15,07:30,08:00,班,on_duty
US00010,2026-06-08,US202605260001,16,08:00,08:30,班,on_duty
US00010,2026-06-08,US202605260001,17,08:30,09:00,班,on_duty
US00010,2026-06-08,US202605260001,18,09:00,09:30,班,on_duty
US00010,2026-06-08,US202605260001,19,09:30,10:00,班,on_duty
US00010,2026-06-08,US202605260001,20,10:00,10:30,休,rest
US00010,2026-06-08,US202605260001,21,10:30,11:00,休,rest
US00010,2026-06-08,US202605260001,22,11:00,11:30,班,on_duty
US00010,2026-06-08,US202605260001,23,11:30,12:00,班,on_duty
US00010,2026-06-08,US202605260001,24,12:00,12:30,班,on_duty
US00010,2026-06-08,US202605260001,25,12:30,13:00,班,on_duty
US00010,2026-06-08,US202605260001,26,13:00,13:30,班,on_duty
US00010,2026-06-08,US202605260001,27,13:30,14:00,班,on_duty
US00010,2026-06-08,US202605260001,28,14:00,14:30,班,on_duty
US00010,2026-06-09,US202506160007,12,06:00,06:30,班,on_duty
US00010,2026-06-09,US202506160007,13,06:30,07:00,班,on_duty
US00010,2026-06-09,US202506160007,14,07:00,07:30,班,on_duty
US00010,2026-06-09,US202506160007,15,07:30,08:00,班,on_duty
US00010,2026-06-09,US202506160007,16,08:00,08:30,班,on_duty
US00010,2026-06-09,US202506160007,17,08:30,09:00,班,on_duty
US00010,2026-06-09,US202506160007,18,09:00,09:30,班,on_duty
US00010,2026-06-09,US202506160007,19,09:30,10:00,休,rest
US00010,2026-06-09,US202506160007,20,10:00,10:30,休,rest
US00010,2026-06-09,US202506160007,21,10:30,11:00,班,on_duty
US00010,2026-06-09,US202506160007,22,11:00,11:30,班,on_duty
US00010,2026-06-09,US202506160007,23,11:30,12:00,班,on_duty
US00010,2026-06-09,US202506160007,24,12:00,12:30,班,on_duty
US00010,2026-06-09,US202506160007,25,12:30,13:00,班,on_duty
US00010,2026-06-09,US202506160007,26,13:00,13:30,班,on_duty
US00010,2026-06-09,US202506160007,27,13:30,14:00,班,on_duty
US00010,2026-06-09,US202506160007,28,14:00,14:30,班,on_duty
US00010,2026-06-09,US202508050008,28,14:00,14:30,班,on_duty
US00010,2026-06-09,US202508050008,29,14:30,15:00,班,on_duty
US00010,2026-06-09,US202508050008,30,15:00,15:30,班,on_duty
US00010,2026-06-09,US202508050008,31,15:30,16:00,班,on_duty
US00010,2026-06-09,US202508050008,32,16:00,16:30,班,on_duty
US00010,2026-06-09,US202508050008,33,16:30,17:00,班,on_duty
US00010,2026-06-09,US202508050008,34,17:00,17:30,班,on_duty
US00010,2026-06-09,US202508050008,35,17:30,18:00,班,on_duty
US00010,2026-06-09,US202508050008,36,18:00,18:30,班,on_duty
US00010,2026-06-09,US202508050008,37,18:30,19:00,班,on_duty
US00010,2026-06-09,US202508050008,38,19:00,19:30,班,on_duty
US00010,2026-06-09,US202508050008,39,19:30,20:00,班,on_duty
US00010,2026-06-09,US202508050008,40,20:00,20:30,班,on_duty
US00010,2026-06-09,US202508050008,41,20:30,21:00,班,on_duty
US00010,2026-06-09,US202508050008,42,21:00,21:30,班,on_duty
US00010,2026-06-09,US202508050008,43,21:30,22:00,班,on_duty
US00010,2026-06-09,US202508050008,44,22:00,22:30,班,on_duty
US00010,2026-06-09,US202509160005,29,14:30,15:00,班,on_duty
US00010,2026-06-09,US202509160005,30,15:00,15:30,班,on_duty
US00010,2026-06-09,US202509160005,31,15:30,16:00,班,on_duty
US00010,2026-06-09,US202509160005,32,16:00,16:30,班,on_duty
US00010,2026-06-09,US202509160005,33,16:30,17:00,班,on_duty
US00010,2026-06-09,US202509160005,34,17:00,17:30,班,on_duty
US00010,2026-06-09,US202509160005,35,17:30,18:00,休,rest
US00010,2026-06-09,US202509160005,36,18:00,18:30,休,rest
US00010,2026-06-09,US202509160005,37,18:30,19:00,班,on_duty
US00010,2026-06-09,US202509160005,38,19:00,19:30,班,on_duty
US00010,2026-06-09,US202509160005,39,19:30,20:00,班,on_duty
US00010,2026-06-09,US202509160005,40,20:00,20:30,班,on_duty
US00010,2026-06-09,US202509160005,41,20:30,21:00,班,on_duty
US00010,2026-06-09,US202509160005,42,21:00,21:30,班,on_duty
US00010,2026-06-09,US202509160005,43,21:30,22:00,班,on_duty
US00010,2026-06-09,US202509160005,44,22:00,22:30,班,on_duty
US00010,2026-06-09,US202601200004,12,06:00,06:30,班,on_duty
US00010,2026-06-09,US202601200004,13,06:30,07:00,班,on_duty
US00010,2026-06-09,US202601200004,14,07:00,07:30,班,on_duty
US00010,2026-06-09,US202601200004,15,07:30,08:00,班,on_duty
US00010,2026-06-09,US202601200004,16,08:00,08:30,班,on_duty
US00010,2026-06-09,US202601200004,17,08:30,09:00,班,on_duty
US00010,2026-06-09,US202601200004,18,09:00,09:30,班,on_duty
US00010,2026-06-09,US202601200004,19,09:30,10:00,班,on_duty
US00010,2026-06-09,US202601200004,20,10:00,10:30,休,rest
US00010,2026-06-09,US202601200004,21,10:30,11:00,休,rest
US00010,2026-06-09,US202601200004,22,11:00,11:30,班,on_duty
US00010,2026-06-09,US202601200004,23,11:30,12:00,班,on_duty
US00010,2026-06-09,US202601200004,24,12:00,12:30,班,on_duty
US00010,2026-06-09,US202601200004,25,12:30,13:00,班,on_duty
US00010,2026-06-09,US202601200004,26,13:00,13:30,班,on_duty
US00010,2026-06-09,US202601200004,27,13:30,14:00,班,on_duty
US00010,2026-06-09,US202601200004,28,14:00,14:30,班,on_duty
US00010,2026-06-09,US202603170004,28,14:00,14:30,班,on_duty
US00010,2026-06-09,US202603170004,29,14:30,15:00,班,on_duty
US00010,2026-06-09,US202603170004,30,15:00,15:30,班,on_duty
US00010,2026-06-09,US202603170004,31,15:30,16:00,班,on_duty
US00010,2026-06-09,US202603170004,32,16:00,16:30,班,on_duty
US00010,2026-06-09,US202603170004,33,16:30,17:00,班,on_duty
US00010,2026-06-09,US202603170004,34,17:00,17:30,休,rest
US00010,2026-06-09,US202603170004,35,17:30,18:00,休,rest
US00010,2026-06-09,US202605050007,12,06:00,06:30,班,on_duty
US00010,2026-06-09,US202605050007,13,06:30,07:00,班,on_duty
US00010,2026-06-09,US202605050007,14,07:00,07:30,班,on_duty
US00010,2026-06-09,US202605050007,15,07:30,08:00,班,on_duty
US00010,2026-06-09,US202605050007,16,08:00,08:30,班,on_duty
US00010,2026-06-09,US202605050007,17,08:30,09:00,班,on_duty
US00010,2026-06-09,US202605050007,18,09:00,09:30,班,on_duty
US00010,2026-06-09,US202605050007,19,09:30,10:00,班,on_duty
US00010,2026-06-09,US202605050007,20,10:00,10:30,班,on_duty
US00010,2026-06-09,US202605050007,21,10:30,11:00,班,on_duty
US00010,2026-06-09,US202605050007,22,11:00,11:30,休,rest
US00010,2026-06-09,US202605050007,23,11:30,12:00,休,rest
US00010,2026-06-09,US202605050007,24,12:00,12:30,班,on_duty
US00010,2026-06-09,US202605050007,25,12:30,13:00,班,on_duty
US00010,2026-06-09,US202605050007,26,13:00,13:30,班,on_duty
US00010,2026-06-09,US202605050007,27,13:30,14:00,班,on_duty
US00010,2026-06-09,US202605050007,28,14:00,14:30,班,on_duty
US00010,2026-06-09,US202605190011,28,14:00,14:30,班,on_duty
US00010,2026-06-09,US202605190011,29,14:30,15:00,班,on_duty
US00010,2026-06-09,US202605190011,30,15:00,15:30,班,on_duty
US00010,2026-06-09,US202605190011,31,15:30,16:00,班,on_duty
US00010,2026-06-09,US202605190011,32,16:00,16:30,班,on_duty
US00010,2026-06-09,US202605190011,33,16:30,17:00,休,rest
US00010,2026-06-09,US202605190011,34,17:00,17:30,休,rest
US00010,2026-06-09,US202605190011,35,17:30,18:00,班,on_duty
US00010,2026-06-09,US202605190011,36,18:00,18:30,班,on_duty
US00010,2026-06-09,US202605190011,37,18:30,19:00,班,on_duty
US00010,2026-06-09,US202605190011,38,19:00,19:30,班,on_duty
US00010,2026-06-09,US202605190011,39,19:30,20:00,班,on_duty
US00010,2026-06-09,US202605190011,40,20:00,20:30,班,on_duty
US00010,2026-06-09,US202605190011,41,20:30,21:00,班,on_duty
US00010,2026-06-09,US202605190011,42,21:00,21:30,班,on_duty
US00010,2026-06-09,US202605190011,43,21:30,22:00,班,on_duty
US00010,2026-06-09,US202605190011,44,22:00,22:30,班,on_duty
US00010,2026-06-10,US202506160007,20,10:00,10:30,班,on_duty
US00010,2026-06-10,US202506160007,21,10:30,11:00,班,on_duty
US00010,2026-06-10,US202506160007,22,11:00,11:30,班,on_duty
US00010,2026-06-10,US202506160007,23,11:30,12:00,班,on_duty
US00010,2026-06-10,US202506160007,24,12:00,12:30,班,on_duty
US00010,2026-06-10,US202506160007,25,12:30,13:00,班,on_duty
US00010,2026-06-10,US202506160007,26,13:00,13:30,班,on_duty
US00010,2026-06-10,US202506160007,27,13:30,14:00,班,on_duty
US00010,2026-06-10,US202506160007,28,14:00,14:30,休,rest
US00010,2026-06-10,US202506160007,29,14:30,15:00,班,on_duty
US00010,2026-06-10,US202506160007,30,15:00,15:30,班,on_duty
US00010,2026-06-10,US202506160007,31,15:30,16:00,班,on_duty
US00010,2026-06-10,US202506160007,32,16:00,16:30,班,on_duty
US00010,2026-06-10,US202506160007,33,16:30,17:00,班,on_duty
US00010,2026-06-10,US202506160007,34,17:00,17:30,班,on_duty
US00010,2026-06-10,US202506160007,35,17:30,18:00,班,on_duty
US00010,2026-06-10,US202508050008,28,14:00,14:30,班,on_duty
US00010,2026-06-10,US202508050008,29,14:30,15:00,班,on_duty
US00010,2026-06-10,US202508050008,30,15:00,15:30,班,on_duty
US00010,2026-06-10,US202508050008,31,15:30,16:00,班,on_duty
US00010,2026-06-10,US202508050008,32,16:00,16:30,班,on_duty
US00010,2026-06-10,US202508050008,33,16:30,17:00,班,on_duty
US00010,2026-06-10,US202508050008,34,17:00,17:30,班,on_duty
US00010,2026-06-10,US202508050008,35,17:30,18:00,班,on_duty
US00010,2026-06-10,US202508050008,36,18:00,18:30,休,rest
US00010,2026-06-10,US202508050008,37,18:30,19:00,休,rest
US00010,2026-06-10,US202508050008,38,19:00,19:30,班,on_duty
US00010,2026-06-10,US202508050008,39,19:30,20:00,班,on_duty
US00010,2026-06-10,US202508050008,40,20:00,20:30,班,on_duty
US00010,2026-06-10,US202508050008,41,20:30,21:00,班,on_duty
US00010,2026-06-10,US202508050008,42,21:00,21:30,班,on_duty
US00010,2026-06-10,US202508050008,43,21:30,22:00,班,on_duty
US00010,2026-06-10,US202508050008,44,22:00,22:30,班,on_duty
US00010,2026-06-10,US202508190004,12,06:00,06:30,班,on_duty
US00010,2026-06-10,US202508190004,13,06:30,07:00,班,on_duty
US00010,2026-06-10,US202508190004,14,07:00,07:30,班,on_duty
US00010,2026-06-10,US202508190004,15,07:30,08:00,班,on_duty
US00010,2026-06-10,US202508190004,16,08:00,08:30,班,on_duty
US00010,2026-06-10,US202508190004,17,08:30,09:00,班,on_duty
US00010,2026-06-10,US202508190004,18,09:00,09:30,班,on_duty
US00010,2026-06-10,US202508190004,19,09:30,10:00,休,rest
US00010,2026-06-10,US202508190004,20,10:00,10:30,休,rest
US00010,2026-06-10,US202508190004,21,10:30,11:00,班,on_duty
US00010,2026-06-10,US202508190004,22,11:00,11:30,班,on_duty
US00010,2026-06-10,US202508190004,23,11:30,12:00,班,on_duty
US00010,2026-06-10,US202508190004,24,12:00,12:30,班,on_duty
US00010,2026-06-10,US202508190004,25,12:30,13:00,班,on_duty
US00010,2026-06-10,US202508190004,26,13:00,13:30,班,on_duty
US00010,2026-06-10,US202508190004,27,13:30,14:00,班,on_duty
US00010,2026-06-10,US202508190004,28,14:00,14:30,班,on_duty
US00010,2026-06-10,US202509230007,28,14:00,14:30,班,on_duty
US00010,2026-06-10,US202509230007,29,14:30,15:00,班,on_duty
US00010,2026-06-10,US202509230007,30,15:00,15:30,班,on_duty
US00010,2026-06-10,US202509230007,31,15:30,16:00,班,on_duty
US00010,2026-06-10,US202509230007,32,16:00,16:30,班,on_duty
US00010,2026-06-10,US202509230007,33,16:30,17:00,班,on_duty
US00010,2026-06-10,US202509230007,34,17:00,17:30,班,on_duty
US00010,2026-06-10,US202509230007,35,17:30,18:00,休,rest
US00010,2026-06-10,US202509230007,36,18:00,18:30,休,rest
US00010,2026-06-10,US202509230007,37,18:30,19:00,班,on_duty
US00010,2026-06-10,US202509230007,38,19:00,19:30,班,on_duty
US00010,2026-06-10,US202509230007,39,19:30,20:00,班,on_duty
US00010,2026-06-10,US202509230007,40,20:00,20:30,班,on_duty
US00010,2026-06-10,US202509230007,41,20:30,21:00,班,on_duty
US00010,2026-06-10,US202509230007,42,21:00,21:30,班,on_duty
US00010,2026-06-10,US202509230007,43,21:30,22:00,班,on_duty
US00010,2026-06-10,US202509230007,44,22:00,22:30,班,on_duty
US00010,2026-06-10,US202601200004,12,06:00,06:30,班,on_duty
US00010,2026-06-10,US202601200004,13,06:30,07:00,班,on_duty
US00010,2026-06-10,US202601200004,14,07:00,07:30,班,on_duty
US00010,2026-06-10,US202601200004,15,07:30,08:00,班,on_duty
US00010,2026-06-10,US202601200004,16,08:00,08:30,班,on_duty
US00010,2026-06-10,US202601200004,17,08:30,09:00,班,on_duty
US00010,2026-06-10,US202601200004,18,09:00,09:30,班,on_duty
US00010,2026-06-10,US202601200004,19,09:30,10:00,班,on_duty
US00010,2026-06-10,US202601200004,20,10:00,10:30,休,rest
US00010,2026-06-10,US202601200004,21,10:30,11:00,休,rest
US00010,2026-06-10,US202601200004,22,11:00,11:30,班,on_duty
US00010,2026-06-10,US202601200004,23,11:30,12:00,班,on_duty
US00010,2026-06-10,US202601200004,24,12:00,12:30,班,on_duty
US00010,2026-06-10,US202601200004,25,12:30,13:00,班,on_duty
US00010,2026-06-10,US202601200004,26,13:00,13:30,班,on_duty
US00010,2026-06-10,US202601200004,27,13:30,14:00,班,on_duty
US00010,2026-06-10,US202601200004,28,14:00,14:30,班,on_duty
US00010,2026-06-10,US202603030005,12,06:00,06:30,班,on_duty
US00010,2026-06-10,US202603030005,13,06:30,07:00,班,on_duty
US00010,2026-06-10,US202603030005,14,07:00,07:30,班,on_duty
US00010,2026-06-10,US202603030005,15,07:30,08:00,班,on_duty
US00010,2026-06-10,US202603030005,16,08:00,08:30,班,on_duty
US00010,2026-06-10,US202603030005,17,08:30,09:00,班,on_duty
US00010,2026-06-10,US202603030005,18,09:00,09:30,班,on_duty
US00010,2026-06-10,US202603030005,19,09:30,10:00,班,on_duty
US00010,2026-06-10,US202603030005,20,10:00,10:30,班,on_duty
US00010,2026-06-10,US202603030005,21,10:30,11:00,班,on_duty
US00010,2026-06-10,US202603030005,22,11:00,11:30,休,rest
US00010,2026-06-10,US202603030005,23,11:30,12:00,休,rest
US00010,2026-06-10,US202603030005,24,12:00,12:30,班,on_duty
US00010,2026-06-10,US202603030005,25,12:30,13:00,班,on_duty
US00010,2026-06-10,US202603030005,26,13:00,13:30,班,on_duty
US00010,2026-06-10,US202603030005,27,13:30,14:00,班,on_duty
US00010,2026-06-10,US202603030005,28,14:00,14:30,班,on_duty
US00010,2026-06-10,US202605050007,28,14:00,14:30,班,on_duty
US00010,2026-06-10,US202605050007,29,14:30,15:00,班,on_duty
US00010,2026-06-10,US202605050007,30,15:00,15:30,班,on_duty
US00010,2026-06-10,US202605050007,31,15:30,16:00,班,on_duty
US00010,2026-06-10,US202605050007,32,16:00,16:30,班,on_duty
US00010,2026-06-10,US202605050007,33,16:30,17:00,班,on_duty
US00010,2026-06-10,US202605050007,34,17:00,17:30,班,on_duty
US00010,2026-06-10,US202605050007,35,17:30,18:00,班,on_duty
US00010,2026-06-10,US202605050007,36,18:00,18:30,班,on_duty
US00010,2026-06-10,US202605050007,37,18:30,19:00,班,on_duty
US00010,2026-06-10,US202605050007,38,19:00,19:30,休,rest
US00010,2026-06-10,US202605050007,39,19:30,20:00,休,rest
US00010,2026-06-10,US202605050007,40,20:00,20:30,班,on_duty
US00010,2026-06-10,US202605050007,41,20:30,21:00,班,on_duty
US00010,2026-06-10,US202605050007,42,21:00,21:30,班,on_duty
US00010,2026-06-10,US202605050007,43,21:30,22:00,班,on_duty
US00010,2026-06-10,US202605050007,44,22:00,22:30,班,on_duty
US00010,2026-06-10,US202605260001,28,14:00,14:30,班,on_duty
US00010,2026-06-10,US202605260001,29,14:30,15:00,班,on_duty
US00010,2026-06-10,US202605260001,30,15:00,15:30,班,on_duty
US00010,2026-06-10,US202605260001,31,15:30,16:00,班,on_duty
US00010,2026-06-10,US202605260001,32,16:00,16:30,班,on_duty
US00010,2026-06-10,US202605260001,33,16:30,17:00,班,on_duty
US00010,2026-06-10,US202605260001,34,17:00,17:30,班,on_duty
US00010,2026-06-10,US202605260001,35,17:30,18:00,休,rest
US00010,2026-06-10,US202605260001,36,18:00,18:30,休,rest
US00010,2026-06-10,US202605260001,37,18:30,19:00,班,on_duty
US00010,2026-06-10,US202605260001,38,19:00,19:30,班,on_duty
US00010,2026-06-10,US202605260001,39,19:30,20:00,班,on_duty
US00010,2026-06-10,US202605260001,40,20:00,20:30,班,on_duty
US00010,2026-06-10,US202605260001,41,20:30,21:00,班,on_duty
US00010,2026-06-10,US202605260001,42,21:00,21:30,班,on_duty
US00010,2026-06-10,US202605260001,43,21:30,22:00,班,on_duty
US00010,2026-06-10,US202605260001,44,22:00,22:30,班,on_duty
US00010,2026-06-11,US202506160007,12,06:00,06:30,班,on_duty
US00010,2026-06-11,US202506160007,13,06:30,07:00,班,on_duty
US00010,2026-06-11,US202506160007,14,07:00,07:30,班,on_duty
US00010,2026-06-11,US202506160007,15,07:30,08:00,班,on_duty
US00010,2026-06-11,US202506160007,16,08:00,08:30,班,on_duty
US00010,2026-06-11,US202506160007,17,08:30,09:00,班,on_duty
US00010,2026-06-11,US202506160007,18,09:00,09:30,班,on_duty
US00010,2026-06-11,US202506160007,19,09:30,10:00,休,rest
US00010,2026-06-11,US202506160007,20,10:00,10:30,休,rest
US00010,2026-06-11,US202506160007,21,10:30,11:00,班,on_duty
US00010,2026-06-11,US202506160007,22,11:00,11:30,班,on_duty
US00010,2026-06-11,US202506160007,23,11:30,12:00,班,on_duty
US00010,2026-06-11,US202506160007,24,12:00,12:30,班,on_duty
US00010,2026-06-11,US202506160007,25,12:30,13:00,班,on_duty
US00010,2026-06-11,US202506160007,26,13:00,13:30,班,on_duty
US00010,2026-06-11,US202506160007,27,13:30,14:00,班,on_duty
US00010,2026-06-11,US202506160007,28,14:00,14:30,班,on_duty
US00010,2026-06-11,US202508050008,28,14:00,14:30,班,on_duty
US00010,2026-06-11,US202508050008,29,14:30,15:00,班,on_duty
US00010,2026-06-11,US202508050008,30,15:00,15:30,班,on_duty
US00010,2026-06-11,US202508050008,31,15:30,16:00,班,on_duty
US00010,2026-06-11,US202508050008,32,16:00,16:30,班,on_duty
US00010,2026-06-11,US202508050008,33,16:30,17:00,班,on_duty
US00010,2026-06-11,US202508050008,34,17:00,17:30,班,on_duty
US00010,2026-06-11,US202508050008,35,17:30,18:00,班,on_duty
US00010,2026-06-11,US202508050008,36,18:00,18:30,休,rest
US00010,2026-06-11,US202508050008,37,18:30,19:00,休,rest
US00010,2026-06-11,US202508050008,38,19:00,19:30,班,on_duty
US00010,2026-06-11,US202508050008,39,19:30,20:00,班,on_duty
US00010,2026-06-11,US202508050008,40,20:00,20:30,班,on_duty
US00010,2026-06-11,US202508050008,41,20:30,21:00,班,on_duty
US00010,2026-06-11,US202508050008,42,21:00,21:30,班,on_duty
US00010,2026-06-11,US202508050008,43,21:30,22:00,班,on_duty
US00010,2026-06-11,US202508050008,44,22:00,22:30,班,on_duty
US00010,2026-06-11,US202601200004,12,06:00,06:30,班,on_duty
US00010,2026-06-11,US202601200004,13,06:30,07:00,班,on_duty
US00010,2026-06-11,US202601200004,14,07:00,07:30,班,on_duty
US00010,2026-06-11,US202601200004,15,07:30,08:00,班,on_duty
US00010,2026-06-11,US202601200004,16,08:00,08:30,班,on_duty
US00010,2026-06-11,US202601200004,17,08:30,09:00,班,on_duty
US00010,2026-06-11,US202601200004,18,09:00,09:30,班,on_duty
US00010,2026-06-11,US202601200004,19,09:30,10:00,班,on_duty
US00010,2026-06-11,US202601200004,20,10:00,10:30,休,rest
US00010,2026-06-11,US202601200004,21,10:30,11:00,休,rest
US00010,2026-06-11,US202601200004,22,11:00,11:30,班,on_duty
US00010,2026-06-11,US202601200004,23,11:30,12:00,班,on_duty
US00010,2026-06-11,US202601200004,24,12:00,12:30,班,on_duty
US00010,2026-06-11,US202601200004,25,12:30,13:00,班,on_duty
US00010,2026-06-11,US202601200004,26,13:00,13:30,班,on_duty
US00010,2026-06-11,US202601200004,27,13:30,14:00,班,on_duty
US00010,2026-06-11,US202601200004,28,14:00,14:30,班,on_duty
US00010,2026-06-11,US202603030005,28,14:00,14:30,班,on_duty
US00010,2026-06-11,US202603030005,29,14:30,15:00,班,on_duty
US00010,2026-06-11,US202603030005,30,15:00,15:30,班,on_duty
US00010,2026-06-11,US202603030005,31,15:30,16:00,班,on_duty
US00010,2026-06-11,US202603030005,32,16:00,16:30,班,on_duty
US00010,2026-06-11,US202603030005,33,16:30,17:00,班,on_duty
US00010,2026-06-11,US202603030005,34,17:00,17:30,班,on_duty
US00010,2026-06-11,US202603030005,35,17:30,18:00,班,on_duty
US00010,2026-06-11,US202603030005,36,18:00,18:30,班,on_duty
US00010,2026-06-11,US202603030005,37,18:30,19:00,休,rest
US00010,2026-06-11,US202603030005,38,19:00,19:30,休,rest
US00010,2026-06-11,US202603030005,39,19:30,20:00,班,on_duty
US00010,2026-06-11,US202603030005,40,20:00,20:30,班,on_duty
US00010,2026-06-11,US202603030005,41,20:30,21:00,班,on_duty
US00010,2026-06-11,US202603030005,42,21:00,21:30,班,on_duty
US00010,2026-06-11,US202603030005,43,21:30,22:00,班,on_duty
US00010,2026-06-11,US202603030005,44,22:00,22:30,班,on_duty
US00010,2026-06-11,US202603170004,12,06:00,06:30,班,on_duty
US00010,2026-06-11,US202603170004,13,06:30,07:00,班,on_duty
US00010,2026-06-11,US202603170004,14,07:00,07:30,班,on_duty
US00010,2026-06-11,US202603170004,15,07:30,08:00,班,on_duty
US00010,2026-06-11,US202603170004,16,08:00,08:30,班,on_duty
US00010,2026-06-11,US202603170004,17,08:30,09:00,班,on_duty
US00010,2026-06-11,US202603170004,18,09:00,09:30,班,on_duty
US00010,2026-06-11,US202603170004,19,09:30,10:00,班,on_duty
US00010,2026-06-11,US202603170004,20,10:00,10:30,班,on_duty
US00010,2026-06-11,US202603170004,21,10:30,11:00,班,on_duty
US00010,2026-06-11,US202603170004,22,11:00,11:30,休,rest
US00010,2026-06-11,US202603170004,23,11:30,12:00,休,rest
US00010,2026-06-11,US202603170004,24,12:00,12:30,班,on_duty
US00010,2026-06-11,US202603170004,25,12:30,13:00,班,on_duty
US00010,2026-06-11,US202603170004,26,13:00,13:30,班,on_duty
US00010,2026-06-11,US202603170004,27,13:30,14:00,班,on_duty
US00010,2026-06-11,US202603170004,28,14:00,14:30,班,on_duty
US00010,2026-06-11,US202605050007,28,14:00,14:30,班,on_duty
US00010,2026-06-11,US202605050007,29,14:30,15:00,班,on_duty
US00010,2026-06-11,US202605050007,30,15:00,15:30,班,on_duty
US00010,2026-06-11,US202605050007,31,15:30,16:00,班,on_duty
US00010,2026-06-11,US202605050007,32,16:00,16:30,班,on_duty
US00010,2026-06-11,US202605050007,33,16:30,17:00,班,on_duty
US00010,2026-06-11,US202605050007,34,17:00,17:30,班,on_duty
US00010,2026-06-11,US202605050007,35,17:30,18:00,班,on_duty
US00010,2026-06-11,US202605050007,36,18:00,18:30,班,on_duty
US00010,2026-06-11,US202605050007,37,18:30,19:00,休,rest
US00010,2026-06-11,US202605050007,38,19:00,19:30,休,rest
US00010,2026-06-11,US202605050007,39,19:30,20:00,班,on_duty
US00010,2026-06-11,US202605050007,40,20:00,20:30,班,on_duty
US00010,2026-06-11,US202605050007,41,20:30,21:00,班,on_duty
US00010,2026-06-11,US202605050007,42,21:00,21:30,班,on_duty
US00010,2026-06-11,US202605050007,43,21:30,22:00,班,on_duty
US00010,2026-06-11,US202605050007,44,22:00,22:30,班,on_duty
US00010,2026-06-11,US202605190011,12,06:00,06:30,班,on_duty
US00010,2026-06-11,US202605190011,13,06:30,07:00,班,on_duty
US00010,2026-06-11,US202605190011,14,07:00,07:30,班,on_duty
US00010,2026-06-11,US202605190011,15,07:30,08:00,班,on_duty
US00010,2026-06-11,US202605190011,16,08:00,08:30,班,on_duty
US00010,2026-06-11,US202605190011,17,08:30,09:00,班,on_duty
US00010,2026-06-11,US202605190011,18,09:00,09:30,休,rest
US00010,2026-06-11,US202605190011,19,09:30,10:00,休,rest
US00010,2026-06-11,US202605190011,20,10:00,10:30,班,on_duty
US00010,2026-06-11,US202605190011,21,10:30,11:00,班,on_duty
US00010,2026-06-11,US202605190011,22,11:00,11:30,班,on_duty
US00010,2026-06-11,US202605190011,23,11:30,12:00,班,on_duty
US00010,2026-06-11,US202605190011,24,12:00,12:30,班,on_duty
US00010,2026-06-11,US202605190011,25,12:30,13:00,班,on_duty
US00010,2026-06-11,US202605190011,26,13:00,13:30,班,on_duty
US00010,2026-06-11,US202605190011,27,13:30,14:00,班,on_duty
US00010,2026-06-11,US202605190011,28,14:00,14:30,班,on_duty
US00010,2026-06-12,US202508050008,28,14:00,14:30,班,on_duty
US00010,2026-06-12,US202508050008,29,14:30,15:00,班,on_duty
US00010,2026-06-12,US202508050008,30,15:00,15:30,班,on_duty
US00010,2026-06-12,US202508050008,31,15:30,16:00,班,on_duty
US00010,2026-06-12,US202508050008,32,16:00,16:30,班,on_duty
US00010,2026-06-12,US202508050008,33,16:30,17:00,班,on_duty
US00010,2026-06-12,US202508050008,34,17:00,17:30,班,on_duty
US00010,2026-06-12,US202508050008,35,17:30,18:00,休,rest
US00010,2026-06-12,US202508050008,36,18:00,18:30,休,rest
US00010,2026-06-12,US202508050008,37,18:30,19:00,班,on_duty
US00010,2026-06-12,US202508050008,38,19:00,19:30,班,on_duty
US00010,2026-06-12,US202508050008,39,19:30,20:00,班,on_duty
US00010,2026-06-12,US202508050008,40,20:00,20:30,班,on_duty
US00010,2026-06-12,US202508050008,41,20:30,21:00,班,on_duty
US00010,2026-06-12,US202508050008,42,21:00,21:30,班,on_duty
US00010,2026-06-12,US202508050008,43,21:30,22:00,班,on_duty
US00010,2026-06-12,US202508050008,44,22:00,22:30,班,on_duty
US00010,2026-06-12,US202508190004,12,06:00,06:30,班,on_duty
US00010,2026-06-12,US202508190004,13,06:30,07:00,班,on_duty
US00010,2026-06-12,US202508190004,14,07:00,07:30,班,on_duty
US00010,2026-06-12,US202508190004,15,07:30,08:00,班,on_duty
US00010,2026-06-12,US202508190004,16,08:00,08:30,班,on_duty
US00010,2026-06-12,US202508190004,17,08:30,09:00,班,on_duty
US00010,2026-06-12,US202508190004,18,09:00,09:30,班,on_duty
US00010,2026-06-12,US202508190004,19,09:30,10:00,休,rest
US00010,2026-06-12,US202508190004,20,10:00,10:30,休,rest
US00010,2026-06-12,US202508190004,21,10:30,11:00,班,on_duty
US00010,2026-06-12,US202508190004,22,11:00,11:30,班,on_duty
US00010,2026-06-12,US202508190004,23,11:30,12:00,班,on_duty
US00010,2026-06-12,US202508190004,24,12:00,12:30,班,on_duty
US00010,2026-06-12,US202508190004,25,12:30,13:00,班,on_duty
US00010,2026-06-12,US202508190004,26,13:00,13:30,班,on_duty
US00010,2026-06-12,US202508190004,27,13:30,14:00,班,on_duty
US00010,2026-06-12,US202508190004,28,14:00,14:30,班,on_duty
US00010,2026-06-12,US202509230007,28,14:00,14:30,班,on_duty
US00010,2026-06-12,US202509230007,29,14:30,15:00,班,on_duty
US00010,2026-06-12,US202509230007,30,15:00,15:30,班,on_duty
US00010,2026-06-12,US202509230007,31,15:30,16:00,班,on_duty
US00010,2026-06-12,US202509230007,32,16:00,16:30,班,on_duty
US00010,2026-06-12,US202509230007,33,16:30,17:00,班,on_duty
US00010,2026-06-12,US202509230007,34,17:00,17:30,班,on_duty
US00010,2026-06-12,US202509230007,35,17:30,18:00,班,on_duty
US00010,2026-06-12,US202509230007,36,18:00,18:30,休,rest
US00010,2026-06-12,US202509230007,37,18:30,19:00,休,rest
US00010,2026-06-12,US202509230007,38,19:00,19:30,班,on_duty
US00010,2026-06-12,US202509230007,39,19:30,20:00,班,on_duty
US00010,2026-06-12,US202509230007,40,20:00,20:30,班,on_duty
US00010,2026-06-12,US202509230007,41,20:30,21:00,班,on_duty
US00010,2026-06-12,US202509230007,42,21:00,21:30,班,on_duty
US00010,2026-06-12,US202509230007,43,21:30,22:00,班,on_duty
US00010,2026-06-12,US202509230007,44,22:00,22:30,班,on_duty
US00010,2026-06-12,US202603170004,12,06:00,06:30,班,on_duty
US00010,2026-06-12,US202603170004,13,06:30,07:00,班,on_duty
US00010,2026-06-12,US202603170004,14,07:00,07:30,班,on_duty
US00010,2026-06-12,US202603170004,15,07:30,08:00,班,on_duty
US00010,2026-06-12,US202603170004,16,08:00,08:30,班,on_duty
US00010,2026-06-12,US202603170004,17,08:30,09:00,班,on_duty
US00010,2026-06-12,US202603170004,18,09:00,09:30,班,on_duty
US00010,2026-06-12,US202603170004,19,09:30,10:00,班,on_duty
US00010,2026-06-12,US202603170004,20,10:00,10:30,休,rest
US00010,2026-06-12,US202603170004,21,10:30,11:00,休,rest
US00010,2026-06-12,US202603170004,22,11:00,11:30,班,on_duty
US00010,2026-06-12,US202603170004,23,11:30,12:00,班,on_duty
US00010,2026-06-12,US202603170004,24,12:00,12:30,班,on_duty
US00010,2026-06-12,US202603170004,25,12:30,13:00,班,on_duty
US00010,2026-06-12,US202603170004,26,13:00,13:30,班,on_duty
US00010,2026-06-12,US202603170004,27,13:30,14:00,班,on_duty
US00010,2026-06-12,US202603170004,28,14:00,14:30,班,on_duty
US00010,2026-06-12,US202605050007,28,14:00,14:30,班,on_duty
US00010,2026-06-12,US202605050007,29,14:30,15:00,班,on_duty
US00010,2026-06-12,US202605050007,30,15:00,15:30,班,on_duty
US00010,2026-06-12,US202605050007,31,15:30,16:00,班,on_duty
US00010,2026-06-12,US202605050007,32,16:00,16:30,班,on_duty
US00010,2026-06-12,US202605050007,33,16:30,17:00,班,on_duty
US00010,2026-06-12,US202605050007,34,17:00,17:30,班,on_duty
US00010,2026-06-12,US202605050007,35,17:30,18:00,班,on_duty
US00010,2026-06-12,US202605050007,36,18:00,18:30,班,on_duty
US00010,2026-06-12,US202605050007,37,18:30,19:00,班,on_duty
US00010,2026-06-12,US202605050007,38,19:00,19:30,休,rest
US00010,2026-06-12,US202605050007,39,19:30,20:00,休,rest
US00010,2026-06-12,US202605050007,40,20:00,20:30,班,on_duty
US00010,2026-06-12,US202605050007,41,20:30,21:00,班,on_duty
US00010,2026-06-12,US202605050007,42,21:00,21:30,班,on_duty
US00010,2026-06-12,US202605050007,43,21:30,22:00,班,on_duty
US00010,2026-06-12,US202605050007,44,22:00,22:30,班,on_duty
US00010,2026-06-12,US202605190011,12,06:00,06:30,班,on_duty
US00010,2026-06-12,US202605190011,13,06:30,07:00,班,on_duty
US00010,2026-06-12,US202605190011,14,07:00,07:30,班,on_duty
US00010,2026-06-12,US202605190011,15,07:30,08:00,班,on_duty
US00010,2026-06-12,US202605190011,16,08:00,08:30,班,on_duty
US00010,2026-06-12,US202605190011,17,08:30,09:00,班,on_duty
US00010,2026-06-12,US202605190011,18,09:00,09:30,班,on_duty
US00010,2026-06-12,US202605190011,19,09:30,10:00,班,on_duty
US00010,2026-06-12,US202605190011,20,10:00,10:30,班,on_duty
US00010,2026-06-12,US202605190011,21,10:30,11:00,班,on_duty
US00010,2026-06-12,US202605190011,22,11:00,11:30,休,rest
US00010,2026-06-12,US202605190011,23,11:30,12:00,休,rest
US00010,2026-06-12,US202605190011,24,12:00,12:30,班,on_duty
US00010,2026-06-12,US202605190011,25,12:30,13:00,班,on_duty
US00010,2026-06-12,US202605190011,26,13:00,13:30,班,on_duty
US00010,2026-06-12,US202605190011,27,13:30,14:00,班,on_duty
US00010,2026-06-12,US202605190011,28,14:00,14:30,班,on_duty
US00010,2026-06-12,US202605260001,28,14:00,14:30,班,on_duty
US00010,2026-06-12,US202605260001,29,14:30,15:00,班,on_duty
US00010,2026-06-12,US202605260001,30,15:00,15:30,班,on_duty
US00010,2026-06-12,US202605260001,31,15:30,16:00,班,on_duty
US00010,2026-06-12,US202605260001,32,16:00,16:30,班,on_duty
US00010,2026-06-12,US202605260001,33,16:30,17:00,班,on_duty
US00010,2026-06-12,US202605260001,34,17:00,17:30,班,on_duty
US00010,2026-06-12,US202605260001,35,17:30,18:00,休,rest
US00010,2026-06-12,US202605260001,36,18:00,18:30,休,rest
US00010,2026-06-12,US202605260001,37,18:30,19:00,班,on_duty
US00010,2026-06-12,US202605260001,38,19:00,19:30,班,on_duty
US00010,2026-06-12,US202605260001,39,19:30,20:00,班,on_duty
US00010,2026-06-12,US202605260001,40,20:00,20:30,班,on_duty
US00010,2026-06-12,US202605260001,41,20:30,21:00,班,on_duty
US00010,2026-06-12,US202605260001,42,21:00,21:30,班,on_duty
US00010,2026-06-12,US202605260001,43,21:30,22:00,班,on_duty
US00010,2026-06-12,US202605260001,44,22:00,22:30,班,on_duty
US00010,2026-06-13,US202506160007,28,14:00,14:30,班,on_duty
US00010,2026-06-13,US202506160007,29,14:30,15:00,班,on_duty
US00010,2026-06-13,US202506160007,30,15:00,15:30,班,on_duty
US00010,2026-06-13,US202506160007,31,15:30,16:00,班,on_duty
US00010,2026-06-13,US202506160007,32,16:00,16:30,班,on_duty
US00010,2026-06-13,US202506160007,33,16:30,17:00,班,on_duty
US00010,2026-06-13,US202506160007,34,17:00,17:30,班,on_duty
US00010,2026-06-13,US202506160007,35,17:30,18:00,班,on_duty
US00010,2026-06-13,US202506160007,36,18:00,18:30,班,on_duty
US00010,2026-06-13,US202506160007,37,18:30,19:00,班,on_duty
US00010,2026-06-13,US202506160007,38,19:00,19:30,休,rest
US00010,2026-06-13,US202506160007,39,19:30,20:00,休,rest
US00010,2026-06-13,US202506160007,40,20:00,20:30,班,on_duty
US00010,2026-06-13,US202506160007,41,20:30,21:00,班,on_duty
US00010,2026-06-13,US202506160007,42,21:00,21:30,班,on_duty
US00010,2026-06-13,US202506160007,43,21:30,22:00,班,on_duty
US00010,2026-06-13,US202506160007,44,22:00,22:30,班,on_duty
US00010,2026-06-13,US202508190004,12,06:00,06:30,班,on_duty
US00010,2026-06-13,US202508190004,13,06:30,07:00,班,on_duty
US00010,2026-06-13,US202508190004,14,07:00,07:30,班,on_duty
US00010,2026-06-13,US202508190004,15,07:30,08:00,班,on_duty
US00010,2026-06-13,US202508190004,16,08:00,08:30,班,on_duty
US00010,2026-06-13,US202508190004,17,08:30,09:00,班,on_duty
US00010,2026-06-13,US202508190004,18,09:00,09:30,班,on_duty
US00010,2026-06-13,US202508190004,19,09:30,10:00,休,rest
US00010,2026-06-13,US202508190004,20,10:00,10:30,休,rest
US00010,2026-06-13,US202508190004,21,10:30,11:00,班,on_duty
US00010,2026-06-13,US202508190004,22,11:00,11:30,班,on_duty
US00010,2026-06-13,US202508190004,23,11:30,12:00,班,on_duty
US00010,2026-06-13,US202508190004,24,12:00,12:30,班,on_duty
US00010,2026-06-13,US202508190004,25,12:30,13:00,班,on_duty
US00010,2026-06-13,US202508190004,26,13:00,13:30,班,on_duty
US00010,2026-06-13,US202508190004,27,13:30,14:00,班,on_duty
US00010,2026-06-13,US202508190004,28,14:00,14:30,班,on_duty
US00010,2026-06-13,US202601200004,28,14:00,14:30,班,on_duty
US00010,2026-06-13,US202601200004,29,14:30,15:00,班,on_duty
US00010,2026-06-13,US202601200004,30,15:00,15:30,班,on_duty
US00010,2026-06-13,US202601200004,31,15:30,16:00,班,on_duty
US00010,2026-06-13,US202601200004,32,16:00,16:30,班,on_duty
US00010,2026-06-13,US202601200004,33,16:30,17:00,班,on_duty
US00010,2026-06-13,US202601200004,34,17:00,17:30,班,on_duty
US00010,2026-06-13,US202601200004,35,17:30,18:00,班,on_duty
US00010,2026-06-13,US202601200004,36,18:00,18:30,休,rest
US00010,2026-06-13,US202601200004,37,18:30,19:00,休,rest
US00010,2026-06-13,US202601200004,38,19:00,19:30,班,on_duty
US00010,2026-06-13,US202601200004,39,19:30,20:00,班,on_duty
US00010,2026-06-13,US202601200004,40,20:00,20:30,班,on_duty
US00010,2026-06-13,US202601200004,41,20:30,21:00,班,on_duty
US00010,2026-06-13,US202601200004,42,21:00,21:30,班,on_duty
US00010,2026-06-13,US202601200004,43,21:30,22:00,班,on_duty
US00010,2026-06-13,US202601200004,44,22:00,22:30,班,on_duty
US00010,2026-06-13,US202603030005,12,06:00,06:30,班,on_duty
US00010,2026-06-13,US202603030005,13,06:30,07:00,班,on_duty
US00010,2026-06-13,US202603030005,14,07:00,07:30,班,on_duty
US00010,2026-06-13,US202603030005,15,07:30,08:00,班,on_duty
US00010,2026-06-13,US202603030005,16,08:00,08:30,班,on_duty
US00010,2026-06-13,US202603030005,17,08:30,09:00,班,on_duty
US00010,2026-06-13,US202603030005,18,09:00,09:30,班,on_duty
US00010,2026-06-13,US202603030005,19,09:30,10:00,班,on_duty
US00010,2026-06-13,US202603030005,20,10:00,10:30,休,rest
US00010,2026-06-13,US202603030005,21,10:30,11:00,休,rest
US00010,2026-06-13,US202603030005,22,11:00,11:30,班,on_duty
US00010,2026-06-13,US202603030005,23,11:30,12:00,班,on_duty
US00010,2026-06-13,US202603030005,24,12:00,12:30,班,on_duty
US00010,2026-06-13,US202603030005,25,12:30,13:00,班,on_duty
US00010,2026-06-13,US202603030005,26,13:00,13:30,班,on_duty
US00010,2026-06-13,US202603030005,27,13:30,14:00,班,on_duty
US00010,2026-06-13,US202603030005,28,14:00,14:30,班,on_duty
US00010,2026-06-13,US202603170004,12,06:00,06:30,班,on_duty
US00010,2026-06-13,US202603170004,13,06:30,07:00,班,on_duty
US00010,2026-06-13,US202603170004,14,07:00,07:30,班,on_duty
US00010,2026-06-13,US202603170004,15,07:30,08:00,班,on_duty
US00010,2026-06-13,US202603170004,16,08:00,08:30,班,on_duty
US00010,2026-06-13,US202603170004,17,08:30,09:00,班,on_duty
US00010,2026-06-13,US202603170004,18,09:00,09:30,班,on_duty
US00010,2026-06-13,US202603170004,19,09:30,10:00,班,on_duty
US00010,2026-06-13,US202603170004,20,10:00,10:30,休,rest
US00010,2026-06-13,US202603170004,21,10:30,11:00,休,rest
US00010,2026-06-13,US202603170004,22,11:00,11:30,班,on_duty
US00010,2026-06-13,US202603170004,23,11:30,12:00,班,on_duty
US00010,2026-06-13,US202603170004,24,12:00,12:30,班,on_duty
US00010,2026-06-13,US202603170004,25,12:30,13:00,班,on_duty
US00010,2026-06-13,US202603170004,26,13:00,13:30,班,on_duty
US00010,2026-06-13,US202603170004,27,13:30,14:00,班,on_duty
US00010,2026-06-13,US202603170004,28,14:00,14:30,班,on_duty
US00010,2026-06-13,US202605190011,12,06:00,06:30,班,on_duty
US00010,2026-06-13,US202605190011,13,06:30,07:00,班,on_duty
US00010,2026-06-13,US202605190011,14,07:00,07:30,班,on_duty
US00010,2026-06-13,US202605190011,15,07:30,08:00,班,on_duty
US00010,2026-06-13,US202605190011,16,08:00,08:30,班,on_duty
US00010,2026-06-13,US202605190011,17,08:30,09:00,班,on_duty
US00010,2026-06-13,US202605190011,18,09:00,09:30,班,on_duty
US00010,2026-06-13,US202605190011,19,09:30,10:00,班,on_duty
US00010,2026-06-13,US202605190011,20,10:00,10:30,班,on_duty
US00010,2026-06-13,US202605190011,21,10:30,11:00,班,on_duty
US00010,2026-06-13,US202605190011,22,11:00,11:30,休,rest
US00010,2026-06-13,US202605190011,23,11:30,12:00,休,rest
US00010,2026-06-13,US202605190011,24,12:00,12:30,班,on_duty
US00010,2026-06-13,US202605190011,25,12:30,13:00,班,on_duty
US00010,2026-06-13,US202605190011,26,13:00,13:30,班,on_duty
US00010,2026-06-13,US202605190011,27,13:30,14:00,班,on_duty
US00010,2026-06-13,US202605190011,28,14:00,14:30,班,on_duty
US00010,2026-06-13,US202605260001,28,14:00,14:30,班,on_duty
US00010,2026-06-13,US202605260001,29,14:30,15:00,班,on_duty
US00010,2026-06-13,US202605260001,30,15:00,15:30,班,on_duty
US00010,2026-06-13,US202605260001,31,15:30,16:00,班,on_duty
US00010,2026-06-13,US202605260001,32,16:00,16:30,班,on_duty
US00010,2026-06-13,US202605260001,33,16:30,17:00,班,on_duty
US00010,2026-06-13,US202605260001,34,17:00,17:30,班,on_duty
US00010,2026-06-13,US202605260001,35,17:30,18:00,休,rest
US00010,2026-06-13,US202605260001,36,18:00,18:30,休,rest
US00010,2026-06-13,US202605260001,37,18:30,19:00,班,on_duty
US00010,2026-06-13,US202605260001,38,19:00,19:30,班,on_duty
US00010,2026-06-13,US202605260001,39,19:30,20:00,班,on_duty
US00010,2026-06-13,US202605260001,40,20:00,20:30,班,on_duty
US00010,2026-06-13,US202605260001,41,20:30,21:00,班,on_duty
US00010,2026-06-13,US202605260001,42,21:00,21:30,班,on_duty
US00010,2026-06-13,US202605260001,43,21:30,22:00,班,on_duty
US00010,2026-06-13,US202605260001,44,22:00,22:30,班,on_duty
US00010,2026-06-14,US202506160007,28,14:00,14:30,班,on_duty
US00010,2026-06-14,US202506160007,29,14:30,15:00,班,on_duty
US00010,2026-06-14,US202506160007,30,15:00,15:30,班,on_duty
US00010,2026-06-14,US202506160007,31,15:30,16:00,班,on_duty
US00010,2026-06-14,US202506160007,32,16:00,16:30,班,on_duty
US00010,2026-06-14,US202506160007,33,16:30,17:00,班,on_duty
US00010,2026-06-14,US202506160007,34,17:00,17:30,班,on_duty
US00010,2026-06-14,US202506160007,35,17:30,18:00,休,rest
US00010,2026-06-14,US202506160007,36,18:00,18:30,休,rest
US00010,2026-06-14,US202506160007,37,18:30,19:00,班,on_duty
US00010,2026-06-14,US202506160007,38,19:00,19:30,班,on_duty
US00010,2026-06-14,US202506160007,39,19:30,20:00,班,on_duty
US00010,2026-06-14,US202506160007,40,20:00,20:30,班,on_duty
US00010,2026-06-14,US202506160007,41,20:30,21:00,班,on_duty
US00010,2026-06-14,US202506160007,42,21:00,21:30,班,on_duty
US00010,2026-06-14,US202506160007,43,21:30,22:00,班,on_duty
US00010,2026-06-14,US202506160007,44,22:00,22:30,班,on_duty
US00010,2026-06-14,US202508050008,12,06:00,06:30,班,on_duty
US00010,2026-06-14,US202508050008,13,06:30,07:00,班,on_duty
US00010,2026-06-14,US202508050008,14,07:00,07:30,班,on_duty
US00010,2026-06-14,US202508050008,15,07:30,08:00,班,on_duty
US00010,2026-06-14,US202508050008,16,08:00,08:30,班,on_duty
US00010,2026-06-14,US202508050008,17,08:30,09:00,班,on_duty
US00010,2026-06-14,US202508050008,18,09:00,09:30,休,rest
US00010,2026-06-14,US202508050008,19,09:30,10:00,休,rest
US00010,2026-06-14,US202508050008,20,10:00,10:30,班,on_duty
US00010,2026-06-14,US202508050008,21,10:30,11:00,班,on_duty
US00010,2026-06-14,US202508050008,22,11:00,11:30,班,on_duty
US00010,2026-06-14,US202508050008,23,11:30,12:00,班,on_duty
US00010,2026-06-14,US202508050008,24,12:00,12:30,班,on_duty
US00010,2026-06-14,US202508050008,25,12:30,13:00,班,on_duty
US00010,2026-06-14,US202508050008,26,13:00,13:30,班,on_duty
US00010,2026-06-14,US202508050008,27,13:30,14:00,班,on_duty
US00010,2026-06-14,US202508050008,28,14:00,14:30,班,on_duty
US00010,2026-06-14,US202509230007,12,06:00,06:30,班,on_duty
US00010,2026-06-14,US202509230007,13,06:30,07:00,班,on_duty
US00010,2026-06-14,US202509230007,14,07:00,07:30,班,on_duty
US00010,2026-06-14,US202509230007,15,07:30,08:00,班,on_duty
US00010,2026-06-14,US202509230007,16,08:00,08:30,班,on_duty
US00010,2026-06-14,US202509230007,17,08:30,09:00,班,on_duty
US00010,2026-06-14,US202509230007,18,09:00,09:30,班,on_duty
US00010,2026-06-14,US202509230007,19,09:30,10:00,班,on_duty
US00010,2026-06-14,US202509230007,20,10:00,10:30,班,on_duty
US00010,2026-06-14,US202509230007,21,10:30,11:00,休,rest
US00010,2026-06-14,US202509230007,22,11:00,11:30,休,rest
US00010,2026-06-14,US202509230007,23,11:30,12:00,班,on_duty
US00010,2026-06-14,US202509230007,24,12:00,12:30,班,on_duty
US00010,2026-06-14,US202509230007,25,12:30,13:00,班,on_duty
US00010,2026-06-14,US202509230007,26,13:00,13:30,班,on_duty
US00010,2026-06-14,US202509230007,27,13:30,14:00,班,on_duty
US00010,2026-06-14,US202509230007,28,14:00,14:30,班,on_duty
US00010,2026-06-14,US202601200004,28,14:00,14:30,班,on_duty
US00010,2026-06-14,US202601200004,29,14:30,15:00,班,on_duty
US00010,2026-06-14,US202601200004,30,15:00,15:30,班,on_duty
US00010,2026-06-14,US202601200004,31,15:30,16:00,班,on_duty
US00010,2026-06-14,US202601200004,32,16:00,16:30,班,on_duty
US00010,2026-06-14,US202601200004,33,16:30,17:00,班,on_duty
US00010,2026-06-14,US202601200004,34,17:00,17:30,班,on_duty
US00010,2026-06-14,US202601200004,35,17:30,18:00,班,on_duty
US00010,2026-06-14,US202601200004,36,18:00,18:30,休,rest
US00010,2026-06-14,US202601200004,37,18:30,19:00,休,rest
US00010,2026-06-14,US202601200004,38,19:00,19:30,班,on_duty
US00010,2026-06-14,US202601200004,39,19:30,20:00,班,on_duty
US00010,2026-06-14,US202601200004,40,20:00,20:30,班,on_duty
US00010,2026-06-14,US202601200004,41,20:30,21:00,班,on_duty
US00010,2026-06-14,US202601200004,42,21:00,21:30,班,on_duty
US00010,2026-06-14,US202601200004,43,21:30,22:00,班,on_duty
US00010,2026-06-14,US202601200004,44,22:00,22:30,班,on_duty
US00010,2026-06-14,US202603030005,12,06:00,06:30,班,on_duty
US00010,2026-06-14,US202603030005,13,06:30,07:00,班,on_duty
US00010,2026-06-14,US202603030005,14,07:00,07:30,班,on_duty
US00010,2026-06-14,US202603030005,15,07:30,08:00,班,on_duty
US00010,2026-06-14,US202603030005,16,08:00,08:30,班,on_duty
US00010,2026-06-14,US202603030005,17,08:30,09:00,班,on_duty
US00010,2026-06-14,US202603030005,18,09:00,09:30,班,on_duty
US00010,2026-06-14,US202603030005,19,09:30,10:00,休,rest
US00010,2026-06-14,US202603030005,20,10:00,10:30,休,rest
US00010,2026-06-14,US202603030005,21,10:30,11:00,班,on_duty
US00010,2026-06-14,US202603030005,22,11:00,11:30,班,on_duty
US00010,2026-06-14,US202603030005,23,11:30,12:00,班,on_duty
US00010,2026-06-14,US202603030005,24,12:00,12:30,班,on_duty
US00010,2026-06-14,US202603030005,25,12:30,13:00,班,on_duty
US00010,2026-06-14,US202603030005,26,13:00,13:30,班,on_duty
US00010,2026-06-14,US202603030005,27,13:30,14:00,班,on_duty
US00010,2026-06-14,US202603030005,28,14:00,14:30,班,on_duty
US00010,2026-06-14,US202605190011,28,14:00,14:30,班,on_duty
US00010,2026-06-14,US202605190011,29,14:30,15:00,班,on_duty
US00010,2026-06-14,US202605190011,30,15:00,15:30,班,on_duty
US00010,2026-06-14,US202605190011,31,15:30,16:00,班,on_duty
US00010,2026-06-14,US202605190011,32,16:00,16:30,班,on_duty
US00010,2026-06-14,US202605190011,33,16:30,17:00,班,on_duty
US00010,2026-06-14,US202605190011,34,17:00,17:30,班,on_duty
US00010,2026-06-14,US202605190011,35,17:30,18:00,班,on_duty
US00010,2026-06-14,US202605190011,36,18:00,18:30,班,on_duty
US00010,2026-06-14,US202605190011,37,18:30,19:00,班,on_duty
US00010,2026-06-14,US202605190011,38,19:00,19:30,休,rest
US00010,2026-06-14,US202605190011,39,19:30,20:00,休,rest
US00010,2026-06-14,US202605190011,40,20:00,20:30,班,on_duty
US00010,2026-06-14,US202605190011,41,20:30,21:00,班,on_duty
US00010,2026-06-14,US202605190011,42,21:00,21:30,班,on_duty
US00010,2026-06-14,US202605190011,43,21:30,22:00,班,on_duty
US00010,2026-06-14,US202605190011,44,22:00,22:30,班,on_duty
US00010,2026-06-14,US202605260002,20,10:00,10:30,班,on_duty
US00010,2026-06-14,US202605260002,21,10:30,11:00,班,on_duty
US00010,2026-06-14,US202605260002,22,11:00,11:30,班,on_duty
US00010,2026-06-14,US202605260002,23,11:30,12:00,班,on_duty
US00010,2026-06-14,US202605260002,24,12:00,12:30,班,on_duty
US00010,2026-06-14,US202605260002,25,12:30,13:00,班,on_duty
US00010,2026-06-14,US202605260002,26,13:00,13:30,班,on_duty
US00010,2026-06-14,US202605260002,27,13:30,14:00,班,on_duty
US00010,2026-06-14,US202605260002,28,14:00,14:30,休,rest
US00010,2026-06-14,US202605260002,29,14:30,15:00,班,on_duty
US00010,2026-06-14,US202605260002,30,15:00,15:30,班,on_duty
US00010,2026-06-14,US202605260002,31,15:30,16:00,班,on_duty
US00010,2026-06-14,US202605260002,32,16:00,16:30,班,on_duty
US00010,2026-06-14,US202605260002,33,16:30,17:00,班,on_duty
US00012,2026-06-08,US202512020001,12,06:00,06:30,班,on_duty
US00012,2026-06-08,US202512020001,13,06:30,07:00,班,on_duty
US00012,2026-06-08,US202512020001,14,07:00,07:30,班,on_duty
US00012,2026-06-08,US202512020001,15,07:30,08:00,班,on_duty
US00012,2026-06-08,US202512020001,16,08:00,08:30,班,on_duty
US00012,2026-06-08,US202512020001,17,08:30,09:00,休,rest
US00012,2026-06-08,US202512020001,18,09:00,09:30,休,rest
US00012,2026-06-08,US202512020001,19,09:30,10:00,班,on_duty
US00012,2026-06-08,US202512020001,20,10:00,10:30,班,on_duty
US00012,2026-06-08,US202512020001,21,10:30,11:00,班,on_duty
US00012,2026-06-08,US202512020001,22,11:00,11:30,班,on_duty
US00012,2026-06-08,US202512020001,23,11:30,12:00,班,on_duty
US00012,2026-06-08,US202512020001,24,12:00,12:30,班,on_duty
US00012,2026-06-08,US202512020001,25,12:30,13:00,班,on_duty
US00012,2026-06-08,US202512020001,26,13:00,13:30,班,on_duty
US00012,2026-06-08,US202601060004,12,06:00,06:30,班,on_duty
US00012,2026-06-08,US202601060004,13,06:30,07:00,班,on_duty
US00012,2026-06-08,US202601060004,14,07:00,07:30,班,on_duty
US00012,2026-06-08,US202601060004,15,07:30,08:00,班,on_duty
US00012,2026-06-08,US202601060004,16,08:00,08:30,班,on_duty
US00012,2026-06-08,US202601060004,17,08:30,09:00,班,on_duty
US00012,2026-06-08,US202601060004,18,09:00,09:30,班,on_duty
US00012,2026-06-08,US202601060004,19,09:30,10:00,班,on_duty
US00012,2026-06-08,US202601060004,20,10:00,10:30,班,on_duty
US00012,2026-06-08,US202601060004,21,10:30,11:00,休,rest
US00012,2026-06-08,US202601060004,22,11:00,11:30,休,rest
US00012,2026-06-08,US202601060004,23,11:30,12:00,班,on_duty
US00012,2026-06-08,US202601060004,24,12:00,12:30,班,on_duty
US00012,2026-06-08,US202601060004,25,12:30,13:00,班,on_duty
US00012,2026-06-08,US202601060004,26,13:00,13:30,班,on_duty
US00012,2026-06-08,US202601060004,27,13:30,14:00,班,on_duty
US00012,2026-06-08,US202601060004,28,14:00,14:30,班,on_duty
US00012,2026-06-08,US202603260009,28,14:00,14:30,班,on_duty
US00012,2026-06-08,US202603260009,29,14:30,15:00,班,on_duty
US00012,2026-06-08,US202603260009,30,15:00,15:30,班,on_duty
US00012,2026-06-08,US202603260009,31,15:30,16:00,班,on_duty
US00012,2026-06-08,US202603260009,32,16:00,16:30,班,on_duty
US00012,2026-06-08,US202603260009,33,16:30,17:00,班,on_duty
US00012,2026-06-08,US202603260009,34,17:00,17:30,班,on_duty
US00012,2026-06-08,US202603260009,35,17:30,18:00,休,rest
US00012,2026-06-08,US202603260009,36,18:00,18:30,休,rest
US00012,2026-06-08,US202603260009,37,18:30,19:00,班,on_duty
US00012,2026-06-08,US202603260009,38,19:00,19:30,班,on_duty
US00012,2026-06-08,US202603260009,39,19:30,20:00,班,on_duty
US00012,2026-06-08,US202603260009,40,20:00,20:30,班,on_duty
US00012,2026-06-08,US202603260009,41,20:30,21:00,班,on_duty
US00012,2026-06-08,US202603260009,42,21:00,21:30,班,on_duty
US00012,2026-06-08,US202603260009,43,21:30,22:00,班,on_duty
US00012,2026-06-08,US202603260009,44,22:00,22:30,班,on_duty
US00012,2026-06-08,US202604020003,12,06:00,06:30,班,on_duty
US00012,2026-06-08,US202604020003,13,06:30,07:00,班,on_duty
US00012,2026-06-08,US202604020003,14,07:00,07:30,班,on_duty
US00012,2026-06-08,US202604020003,15,07:30,08:00,班,on_duty
US00012,2026-06-08,US202604020003,16,08:00,08:30,班,on_duty
US00012,2026-06-08,US202604020003,17,08:30,09:00,班,on_duty
US00012,2026-06-08,US202604020003,18,09:00,09:30,班,on_duty
US00012,2026-06-08,US202604020003,19,09:30,10:00,休,rest
US00012,2026-06-08,US202604020003,20,10:00,10:30,休,rest
US00012,2026-06-08,US202604020003,21,10:30,11:00,班,on_duty
US00012,2026-06-08,US202604020003,22,11:00,11:30,班,on_duty
US00012,2026-06-08,US202604020003,23,11:30,12:00,班,on_duty
US00012,2026-06-08,US202604020003,24,12:00,12:30,班,on_duty
US00012,2026-06-08,US202604020003,25,12:30,13:00,班,on_duty
US00012,2026-06-08,US202604020003,26,13:00,13:30,班,on_duty
US00012,2026-06-08,US202604020003,27,13:30,14:00,班,on_duty
US00012,2026-06-08,US202604020003,28,14:00,14:30,班,on_duty
US00012,2026-06-08,US202605050009,28,14:00,14:30,班,on_duty
US00012,2026-06-08,US202605050009,29,14:30,15:00,班,on_duty
US00012,2026-06-08,US202605050009,30,15:00,15:30,班,on_duty
US00012,2026-06-08,US202605050009,31,15:30,16:00,班,on_duty
US00012,2026-06-08,US202605050009,32,16:00,16:30,班,on_duty
US00012,2026-06-08,US202605050009,33,16:30,17:00,休,rest
US00012,2026-06-08,US202605050009,34,17:00,17:30,休,rest
US00012,2026-06-08,US202605050009,35,17:30,18:00,班,on_duty
US00012,2026-06-08,US202605050009,36,18:00,18:30,班,on_duty
US00012,2026-06-08,US202605050009,37,18:30,19:00,班,on_duty
US00012,2026-06-08,US202605050009,38,19:00,19:30,班,on_duty
US00012,2026-06-08,US202605050009,39,19:30,20:00,班,on_duty
US00012,2026-06-08,US202605050009,40,20:00,20:30,班,on_duty
US00012,2026-06-08,US202605050009,41,20:30,21:00,班,on_duty
US00012,2026-06-08,US202605050009,42,21:00,21:30,班,on_duty
US00012,2026-06-08,US202605050009,43,21:30,22:00,班,on_duty
US00012,2026-06-08,US202605050009,44,22:00,22:30,班,on_duty
US00012,2026-06-08,US202606020002,28,14:00,14:30,班,on_duty
US00012,2026-06-08,US202606020002,29,14:30,15:00,班,on_duty
US00012,2026-06-08,US202606020002,30,15:00,15:30,班,on_duty
US00012,2026-06-08,US202606020002,31,15:30,16:00,班,on_duty
US00012,2026-06-08,US202606020002,32,16:00,16:30,班,on_duty
US00012,2026-06-08,US202606020002,33,16:30,17:00,班,on_duty
US00012,2026-06-08,US202606020002,34,17:00,17:30,班,on_duty
US00012,2026-06-08,US202606020002,35,17:30,18:00,班,on_duty
US00012,2026-06-08,US202606020002,36,18:00,18:30,班,on_duty
US00012,2026-06-08,US202606020002,37,18:30,19:00,休,rest
US00012,2026-06-08,US202606020002,38,19:00,19:30,休,rest
US00012,2026-06-08,US202606020002,39,19:30,20:00,班,on_duty
US00012,2026-06-08,US202606020002,40,20:00,20:30,班,on_duty
US00012,2026-06-08,US202606020002,41,20:30,21:00,班,on_duty
US00012,2026-06-08,US202606020002,42,21:00,21:30,班,on_duty
US00012,2026-06-08,US202606020002,43,21:30,22:00,班,on_duty
US00012,2026-06-08,US202606020002,44,22:00,22:30,班,on_duty
US00012,2026-06-09,US202509160002,26,13:00,13:30,班,on_duty
US00012,2026-06-09,US202509160002,27,13:30,14:00,班,on_duty
US00012,2026-06-09,US202509160002,28,14:00,14:30,班,on_duty
US00012,2026-06-09,US202509160002,29,14:30,15:00,班,on_duty
US00012,2026-06-09,US202509160002,30,15:00,15:30,休,rest
US00012,2026-06-09,US202509160002,31,15:30,16:00,休,rest
US00012,2026-06-09,US202509160002,32,16:00,16:30,班,on_duty
US00012,2026-06-09,US202509160002,33,16:30,17:00,班,on_duty
US00012,2026-06-09,US202509160002,34,17:00,17:30,班,on_duty
US00012,2026-06-09,US202509160002,35,17:30,18:00,班,on_duty
US00012,2026-06-09,US202509160002,36,18:00,18:30,班,on_duty
US00012,2026-06-09,US202509160002,37,18:30,19:00,班,on_duty
US00012,2026-06-09,US202509160002,38,19:00,19:30,班,on_duty
US00012,2026-06-09,US202512020001,12,06:00,06:30,班,on_duty
US00012,2026-06-09,US202512020001,13,06:30,07:00,班,on_duty
US00012,2026-06-09,US202512020001,14,07:00,07:30,班,on_duty
US00012,2026-06-09,US202512020001,15,07:30,08:00,班,on_duty
US00012,2026-06-09,US202512020001,16,08:00,08:30,班,on_duty
US00012,2026-06-09,US202512020001,17,08:30,09:00,休,rest
US00012,2026-06-09,US202512020001,18,09:00,09:30,休,rest
US00012,2026-06-09,US202512020001,19,09:30,10:00,班,on_duty
US00012,2026-06-09,US202512020001,20,10:00,10:30,班,on_duty
US00012,2026-06-09,US202512020001,21,10:30,11:00,班,on_duty
US00012,2026-06-09,US202512020001,22,11:00,11:30,班,on_duty
US00012,2026-06-09,US202512020001,23,11:30,12:00,班,on_duty
US00012,2026-06-09,US202512020001,24,12:00,12:30,班,on_duty
US00012,2026-06-09,US202512020001,25,12:30,13:00,班,on_duty
US00012,2026-06-09,US202512020001,26,13:00,13:30,班,on_duty
US00012,2026-06-09,US202601060004,12,06:00,06:30,班,on_duty
US00012,2026-06-09,US202601060004,13,06:30,07:00,班,on_duty
US00012,2026-06-09,US202601060004,14,07:00,07:30,班,on_duty
US00012,2026-06-09,US202601060004,15,07:30,08:00,班,on_duty
US00012,2026-06-09,US202601060004,16,08:00,08:30,班,on_duty
US00012,2026-06-09,US202601060004,17,08:30,09:00,班,on_duty
US00012,2026-06-09,US202601060004,18,09:00,09:30,班,on_duty
US00012,2026-06-09,US202601060004,19,09:30,10:00,班,on_duty
US00012,2026-06-09,US202601060004,20,10:00,10:30,班,on_duty
US00012,2026-06-09,US202601060004,21,10:30,11:00,休,rest
US00012,2026-06-09,US202601060004,22,11:00,11:30,休,rest
US00012,2026-06-09,US202601060004,23,11:30,12:00,班,on_duty
US00012,2026-06-09,US202601060004,24,12:00,12:30,班,on_duty
US00012,2026-06-09,US202601060004,25,12:30,13:00,班,on_duty
US00012,2026-06-09,US202601060004,26,13:00,13:30,班,on_duty
US00012,2026-06-09,US202601060004,27,13:30,14:00,班,on_duty
US00012,2026-06-09,US202601060004,28,14:00,14:30,班,on_duty
US00012,2026-06-09,US202601270002,28,14:00,14:30,班,on_duty
US00012,2026-06-09,US202601270002,29,14:30,15:00,班,on_duty
US00012,2026-06-09,US202601270002,30,15:00,15:30,班,on_duty
US00012,2026-06-09,US202601270002,31,15:30,16:00,班,on_duty
US00012,2026-06-09,US202601270002,32,16:00,16:30,班,on_duty
US00012,2026-06-09,US202601270002,33,16:30,17:00,休,rest
US00012,2026-06-09,US202601270002,34,17:00,17:30,休,rest
US00012,2026-06-09,US202601270002,35,17:30,18:00,班,on_duty
US00012,2026-06-09,US202601270002,36,18:00,18:30,班,on_duty
US00012,2026-06-09,US202601270002,37,18:30,19:00,班,on_duty
US00012,2026-06-09,US202601270002,38,19:00,19:30,班,on_duty
US00012,2026-06-09,US202601270002,39,19:30,20:00,班,on_duty
US00012,2026-06-09,US202601270002,40,20:00,20:30,班,on_duty
US00012,2026-06-09,US202601270002,41,20:30,21:00,班,on_duty
US00012,2026-06-09,US202601270002,42,21:00,21:30,班,on_duty
US00012,2026-06-09,US202601270002,43,21:30,22:00,班,on_duty
US00012,2026-06-09,US202601270002,44,22:00,22:30,班,on_duty
US00012,2026-06-09,US202605050004,12,06:00,06:30,班,on_duty
US00012,2026-06-09,US202605050004,13,06:30,07:00,班,on_duty
US00012,2026-06-09,US202605050004,14,07:00,07:30,班,on_duty
US00012,2026-06-09,US202605050004,15,07:30,08:00,班,on_duty
US00012,2026-06-09,US202605050004,16,08:00,08:30,班,on_duty
US00012,2026-06-09,US202605050004,17,08:30,09:00,班,on_duty
US00012,2026-06-09,US202605050004,18,09:00,09:30,班,on_duty
US00012,2026-06-09,US202605050004,19,09:30,10:00,休,rest
US00012,2026-06-09,US202605050004,20,10:00,10:30,休,rest
US00012,2026-06-09,US202605050004,21,10:30,11:00,班,on_duty
US00012,2026-06-09,US202605050004,22,11:00,11:30,班,on_duty
US00012,2026-06-09,US202605050004,23,11:30,12:00,班,on_duty
US00012,2026-06-09,US202605050004,24,12:00,12:30,班,on_duty
US00012,2026-06-09,US202605050004,25,12:30,13:00,班,on_duty
US00012,2026-06-09,US202605050004,26,13:00,13:30,班,on_duty
US00012,2026-06-09,US202605050004,27,13:30,14:00,班,on_duty
US00012,2026-06-09,US202605050004,28,14:00,14:30,班,on_duty
US00012,2026-06-09,US202605050009,28,14:00,14:30,班,on_duty
US00012,2026-06-09,US202605050009,29,14:30,15:00,班,on_duty
US00012,2026-06-09,US202605050009,30,15:00,15:30,班,on_duty
US00012,2026-06-09,US202605050009,31,15:30,16:00,班,on_duty
US00012,2026-06-09,US202605050009,32,16:00,16:30,班,on_duty
US00012,2026-06-09,US202605050009,33,16:30,17:00,班,on_duty
US00012,2026-06-09,US202605050009,34,17:00,17:30,班,on_duty
US00012,2026-06-09,US202605050009,35,17:30,18:00,休,rest
US00012,2026-06-09,US202605050009,36,18:00,18:30,休,rest
US00012,2026-06-09,US202605050009,37,18:30,19:00,班,on_duty
US00012,2026-06-09,US202605050009,38,19:00,19:30,班,on_duty
US00012,2026-06-09,US202605050009,39,19:30,20:00,班,on_duty
US00012,2026-06-09,US202605050009,40,20:00,20:30,班,on_duty
US00012,2026-06-09,US202605050009,41,20:30,21:00,班,on_duty
US00012,2026-06-09,US202605050009,42,21:00,21:30,班,on_duty
US00012,2026-06-09,US202605050009,43,21:30,22:00,班,on_duty
US00012,2026-06-09,US202605050009,44,22:00,22:30,班,on_duty
US00012,2026-06-10,US202509160002,26,13:00,13:30,班,on_duty
US00012,2026-06-10,US202509160002,27,13:30,14:00,班,on_duty
US00012,2026-06-10,US202509160002,28,14:00,14:30,班,on_duty
US00012,2026-06-10,US202509160002,29,14:30,15:00,班,on_duty
US00012,2026-06-10,US202509160002,30,15:00,15:30,班,on_duty
US00012,2026-06-10,US202509160002,31,15:30,16:00,休,rest
US00012,2026-06-10,US202509160002,32,16:00,16:30,休,rest
US00012,2026-06-10,US202509160002,33,16:30,17:00,班,on_duty
US00012,2026-06-10,US202509160002,34,17:00,17:30,班,on_duty
US00012,2026-06-10,US202509160002,35,17:30,18:00,班,on_duty
US00012,2026-06-10,US202509160002,36,18:00,18:30,班,on_duty
US00012,2026-06-10,US202509160002,37,18:30,19:00,班,on_duty
US00012,2026-06-10,US202509160002,38,19:00,19:30,班,on_duty
US00012,2026-06-10,US202510070002,12,06:00,06:30,班,on_duty
US00012,2026-06-10,US202510070002,13,06:30,07:00,班,on_duty
US00012,2026-06-10,US202510070002,14,07:00,07:30,班,on_duty
US00012,2026-06-10,US202510070002,15,07:30,08:00,班,on_duty
US00012,2026-06-10,US202510070002,16,08:00,08:30,班,on_duty
US00012,2026-06-10,US202510070002,17,08:30,09:00,休,rest
US00012,2026-06-10,US202510070002,18,09:00,09:30,休,rest
US00012,2026-06-10,US202510070002,19,09:30,10:00,班,on_duty
US00012,2026-06-10,US202510070002,20,10:00,10:30,班,on_duty
US00012,2026-06-10,US202510070002,21,10:30,11:00,班,on_duty
US00012,2026-06-10,US202510070002,22,11:00,11:30,班,on_duty
US00012,2026-06-10,US202510070002,23,11:30,12:00,班,on_duty
US00012,2026-06-10,US202510070002,24,12:00,12:30,班,on_duty
US00012,2026-06-10,US202510070002,25,12:30,13:00,班,on_duty
US00012,2026-06-10,US202510070002,26,13:00,13:30,班,on_duty
US00012,2026-06-10,US202510070002,27,13:30,14:00,班,on_duty
US00012,2026-06-10,US202510070002,28,14:00,14:30,班,on_duty
US00012,2026-06-10,US202601060004,19,09:30,10:00,训,training
US00012,2026-06-10,US202601060004,20,10:00,10:30,训,training
US00012,2026-06-10,US202601060004,21,10:30,11:00,训,training
US00012,2026-06-10,US202601060004,22,11:00,11:30,休,rest
US00012,2026-06-10,US202601060004,23,11:30,12:00,休,rest
US00012,2026-06-10,US202601060004,24,12:00,12:30,训,training
US00012,2026-06-10,US202601060004,25,12:30,13:00,训,training
US00012,2026-06-10,US202601060004,26,13:00,13:30,训,training
US00012,2026-06-10,US202601060004,27,13:30,14:00,训,training
US00012,2026-06-10,US202601060004,28,14:00,14:30,训,training
US00012,2026-06-10,US202601060004,29,14:30,15:00,训,training
US00012,2026-06-10,US202601060004,30,15:00,15:30,训,training
US00012,2026-06-10,US202601060004,31,15:30,16:00,训,training
US00012,2026-06-10,US202601060004,32,16:00,16:30,训,training
US00012,2026-06-10,US202601270002,28,14:00,14:30,班,on_duty
US00012,2026-06-10,US202601270002,29,14:30,15:00,班,on_duty
US00012,2026-06-10,US202601270002,30,15:00,15:30,班,on_duty
US00012,2026-06-10,US202601270002,31,15:30,16:00,班,on_duty
US00012,2026-06-10,US202601270002,32,16:00,16:30,班,on_duty
US00012,2026-06-10,US202601270002,33,16:30,17:00,休,rest
US00012,2026-06-10,US202601270002,34,17:00,17:30,休,rest
US00012,2026-06-10,US202601270002,35,17:30,18:00,班,on_duty
US00012,2026-06-10,US202601270002,36,18:00,18:30,班,on_duty
US00012,2026-06-10,US202601270002,37,18:30,19:00,班,on_duty
US00012,2026-06-10,US202601270002,38,19:00,19:30,班,on_duty
US00012,2026-06-10,US202601270002,39,19:30,20:00,班,on_duty
US00012,2026-06-10,US202601270002,40,20:00,20:30,班,on_duty
US00012,2026-06-10,US202601270002,41,20:30,21:00,班,on_duty
US00012,2026-06-10,US202601270002,42,21:00,21:30,班,on_duty
US00012,2026-06-10,US202601270002,43,21:30,22:00,班,on_duty
US00012,2026-06-10,US202601270002,44,22:00,22:30,班,on_duty
US00012,2026-06-10,US202603260009,19,09:30,10:00,训,training
US00012,2026-06-10,US202603260009,20,10:00,10:30,训,training
US00012,2026-06-10,US202603260009,21,10:30,11:00,训,training
US00012,2026-06-10,US202603260009,22,11:00,11:30,休,rest
US00012,2026-06-10,US202603260009,23,11:30,12:00,休,rest
US00012,2026-06-10,US202603260009,24,12:00,12:30,训,training
US00012,2026-06-10,US202603260009,25,12:30,13:00,训,training
US00012,2026-06-10,US202603260009,26,13:00,13:30,训,training
US00012,2026-06-10,US202603260009,27,13:30,14:00,训,training
US00012,2026-06-10,US202603260009,28,14:00,14:30,训,training
US00012,2026-06-10,US202603260009,29,14:30,15:00,训,training
US00012,2026-06-10,US202603260009,30,15:00,15:30,训,training
US00012,2026-06-10,US202603260009,31,15:30,16:00,训,training
US00012,2026-06-10,US202603260009,32,16:00,16:30,训,training
US00012,2026-06-10,US202604020003,12,06:00,06:30,班,on_duty
US00012,2026-06-10,US202604020003,13,06:30,07:00,班,on_duty
US00012,2026-06-10,US202604020003,14,07:00,07:30,班,on_duty
US00012,2026-06-10,US202604020003,15,07:30,08:00,班,on_duty
US00012,2026-06-10,US202604020003,16,08:00,08:30,班,on_duty
US00012,2026-06-10,US202604020003,17,08:30,09:00,班,on_duty
US00012,2026-06-10,US202604020003,18,09:00,09:30,班,on_duty
US00012,2026-06-10,US202604020003,19,09:30,10:00,休,rest
US00012,2026-06-10,US202604020003,20,10:00,10:30,休,rest
US00012,2026-06-10,US202604020003,21,10:30,11:00,班,on_duty
US00012,2026-06-10,US202604020003,22,11:00,11:30,班,on_duty
US00012,2026-06-10,US202604020003,23,11:30,12:00,班,on_duty
US00012,2026-06-10,US202604020003,24,12:00,12:30,班,on_duty
US00012,2026-06-10,US202604020003,25,12:30,13:00,班,on_duty
US00012,2026-06-10,US202604020003,26,13:00,13:30,班,on_duty
US00012,2026-06-10,US202604020003,27,13:30,14:00,班,on_duty
US00012,2026-06-10,US202604020003,28,14:00,14:30,班,on_duty
US00012,2026-06-10,US202605050004,28,14:00,14:30,班,on_duty
US00012,2026-06-10,US202605050004,29,14:30,15:00,班,on_duty
US00012,2026-06-10,US202605050004,30,15:00,15:30,班,on_duty
US00012,2026-06-10,US202605050004,31,15:30,16:00,班,on_duty
US00012,2026-06-10,US202605050004,32,16:00,16:30,班,on_duty
US00012,2026-06-10,US202605050004,33,16:30,17:00,班,on_duty
US00012,2026-06-10,US202605050004,34,17:00,17:30,班,on_duty
US00012,2026-06-10,US202605050004,35,17:30,18:00,休,rest
US00012,2026-06-10,US202605050004,36,18:00,18:30,休,rest
US00012,2026-06-10,US202605050004,37,18:30,19:00,班,on_duty
US00012,2026-06-10,US202605050004,38,19:00,19:30,班,on_duty
US00012,2026-06-10,US202605050004,39,19:30,20:00,班,on_duty
US00012,2026-06-10,US202605050004,40,20:00,20:30,班,on_duty
US00012,2026-06-10,US202605050004,41,20:30,21:00,班,on_duty
US00012,2026-06-10,US202605050004,42,21:00,21:30,班,on_duty
US00012,2026-06-10,US202605050004,43,21:30,22:00,班,on_duty
US00012,2026-06-10,US202605050004,44,22:00,22:30,班,on_duty
US00012,2026-06-10,US202606020002,12,06:00,06:30,班,on_duty
US00012,2026-06-10,US202606020002,13,06:30,07:00,班,on_duty
US00012,2026-06-10,US202606020002,14,07:00,07:30,班,on_duty
US00012,2026-06-10,US202606020002,15,07:30,08:00,班,on_duty
US00012,2026-06-10,US202606020002,16,08:00,08:30,班,on_duty
US00012,2026-06-10,US202606020002,17,08:30,09:00,班,on_duty
US00012,2026-06-10,US202606020002,18,09:00,09:30,班,on_duty
US00012,2026-06-10,US202606020002,19,09:30,10:00,班,on_duty
US00012,2026-06-10,US202606020002,20,10:00,10:30,班,on_duty
US00012,2026-06-10,US202606020002,21,10:30,11:00,休,rest
US00012,2026-06-10,US202606020002,22,11:00,11:30,休,rest
US00012,2026-06-10,US202606020002,23,11:30,12:00,班,on_duty
US00012,2026-06-10,US202606020002,24,12:00,12:30,班,on_duty
US00012,2026-06-10,US202606020002,25,12:30,13:00,班,on_duty
US00012,2026-06-10,US202606020002,26,13:00,13:30,班,on_duty
US00012,2026-06-10,US202606020002,27,13:30,14:00,班,on_duty
US00012,2026-06-10,US202606020002,28,14:00,14:30,班,on_duty
US00012,2026-06-11,US202509160002,26,13:00,13:30,班,on_duty
US00012,2026-06-11,US202509160002,27,13:30,14:00,班,on_duty
US00012,2026-06-11,US202509160002,28,14:00,14:30,班,on_duty
US00012,2026-06-11,US202509160002,29,14:30,15:00,班,on_duty
US00012,2026-06-11,US202509160002,30,15:00,15:30,班,on_duty
US00012,2026-06-11,US202509160002,31,15:30,16:00,班,on_duty
US00012,2026-06-11,US202509160002,32,16:00,16:30,休,rest
US00012,2026-06-11,US202509160002,33,16:30,17:00,休,rest
US00012,2026-06-11,US202509160002,34,17:00,17:30,班,on_duty
US00012,2026-06-11,US202509160002,35,17:30,18:00,班,on_duty
US00012,2026-06-11,US202509160002,36,18:00,18:30,班,on_duty
US00012,2026-06-11,US202509160002,37,18:30,19:00,班,on_duty
US00012,2026-06-11,US202509160002,38,19:00,19:30,班,on_duty
US00012,2026-06-11,US202510070002,12,06:00,06:30,班,on_duty
US00012,2026-06-11,US202510070002,13,06:30,07:00,班,on_duty
US00012,2026-06-11,US202510070002,14,07:00,07:30,班,on_duty
US00012,2026-06-11,US202510070002,15,07:30,08:00,班,on_duty
US00012,2026-06-11,US202510070002,16,08:00,08:30,班,on_duty
US00012,2026-06-11,US202510070002,17,08:30,09:00,班,on_duty
US00012,2026-06-11,US202510070002,18,09:00,09:30,班,on_duty
US00012,2026-06-11,US202510070002,19,09:30,10:00,休,rest
US00012,2026-06-11,US202510070002,20,10:00,10:30,休,rest
US00012,2026-06-11,US202510070002,21,10:30,11:00,班,on_duty
US00012,2026-06-11,US202510070002,22,11:00,11:30,班,on_duty
US00012,2026-06-11,US202510070002,23,11:30,12:00,班,on_duty
US00012,2026-06-11,US202510070002,24,12:00,12:30,班,on_duty
US00012,2026-06-11,US202510070002,25,12:30,13:00,班,on_duty
US00012,2026-06-11,US202510070002,26,13:00,13:30,班,on_duty
US00012,2026-06-11,US202510070002,27,13:30,14:00,班,on_duty
US00012,2026-06-11,US202510070002,28,14:00,14:30,班,on_duty
US00012,2026-06-11,US202512020001,12,06:00,06:30,班,on_duty
US00012,2026-06-11,US202512020001,13,06:30,07:00,班,on_duty
US00012,2026-06-11,US202512020001,14,07:00,07:30,班,on_duty
US00012,2026-06-11,US202512020001,15,07:30,08:00,班,on_duty
US00012,2026-06-11,US202512020001,16,08:00,08:30,班,on_duty
US00012,2026-06-11,US202512020001,17,08:30,09:00,休,rest
US00012,2026-06-11,US202512020001,18,09:00,09:30,休,rest
US00012,2026-06-11,US202512020001,19,09:30,10:00,班,on_duty
US00012,2026-06-11,US202512020001,20,10:00,10:30,班,on_duty
US00012,2026-06-11,US202512020001,21,10:30,11:00,班,on_duty
US00012,2026-06-11,US202512020001,22,11:00,11:30,班,on_duty
US00012,2026-06-11,US202512020001,23,11:30,12:00,班,on_duty
US00012,2026-06-11,US202512020001,24,12:00,12:30,班,on_duty
US00012,2026-06-11,US202512020001,25,12:30,13:00,班,on_duty
US00012,2026-06-11,US202512020001,26,13:00,13:30,班,on_duty
US00012,2026-06-11,US202601270002,28,14:00,14:30,班,on_duty
US00012,2026-06-11,US202601270002,29,14:30,15:00,班,on_duty
US00012,2026-06-11,US202601270002,30,15:00,15:30,班,on_duty
US00012,2026-06-11,US202601270002,31,15:30,16:00,班,on_duty
US00012,2026-06-11,US202601270002,32,16:00,16:30,班,on_duty
US00012,2026-06-11,US202601270002,33,16:30,17:00,休,rest
US00012,2026-06-11,US202601270002,34,17:00,17:30,休,rest
US00012,2026-06-11,US202601270002,35,17:30,18:00,班,on_duty
US00012,2026-06-11,US202601270002,36,18:00,18:30,班,on_duty
US00012,2026-06-11,US202601270002,37,18:30,19:00,班,on_duty
US00012,2026-06-11,US202601270002,38,19:00,19:30,班,on_duty
US00012,2026-06-11,US202601270002,39,19:30,20:00,班,on_duty
US00012,2026-06-11,US202601270002,40,20:00,20:30,班,on_duty
US00012,2026-06-11,US202601270002,41,20:30,21:00,班,on_duty
US00012,2026-06-11,US202601270002,42,21:00,21:30,班,on_duty
US00012,2026-06-11,US202601270002,43,21:30,22:00,班,on_duty
US00012,2026-06-11,US202601270002,44,22:00,22:30,班,on_duty
US00012,2026-06-11,US202604020003,12,06:00,06:30,班,on_duty
US00012,2026-06-11,US202604020003,13,06:30,07:00,班,on_duty
US00012,2026-06-11,US202604020003,14,07:00,07:30,班,on_duty
US00012,2026-06-11,US202604020003,15,07:30,08:00,班,on_duty
US00012,2026-06-11,US202604020003,16,08:00,08:30,班,on_duty
US00012,2026-06-11,US202604020003,17,08:30,09:00,班,on_duty
US00012,2026-06-11,US202604020003,18,09:00,09:30,班,on_duty
US00012,2026-06-11,US202604020003,19,09:30,10:00,班,on_duty
US00012,2026-06-11,US202604020003,20,10:00,10:30,班,on_duty
US00012,2026-06-11,US202604020003,21,10:30,11:00,休,rest
US00012,2026-06-11,US202604020003,22,11:00,11:30,休,rest
US00012,2026-06-11,US202604020003,23,11:30,12:00,班,on_duty
US00012,2026-06-11,US202604020003,24,12:00,12:30,班,on_duty
US00012,2026-06-11,US202604020003,25,12:30,13:00,班,on_duty
US00012,2026-06-11,US202604020003,26,13:00,13:30,班,on_duty
US00012,2026-06-11,US202604020003,27,13:30,14:00,班,on_duty
US00012,2026-06-11,US202604020003,28,14:00,14:30,班,on_duty
US00012,2026-06-11,US202605050009,28,14:00,14:30,班,on_duty
US00012,2026-06-11,US202605050009,29,14:30,15:00,班,on_duty
US00012,2026-06-11,US202605050009,30,15:00,15:30,班,on_duty
US00012,2026-06-11,US202605050009,31,15:30,16:00,班,on_duty
US00012,2026-06-11,US202605050009,32,16:00,16:30,班,on_duty
US00012,2026-06-11,US202605050009,33,16:30,17:00,班,on_duty
US00012,2026-06-11,US202605050009,34,17:00,17:30,班,on_duty
US00012,2026-06-11,US202605050009,35,17:30,18:00,休,rest
US00012,2026-06-11,US202605050009,36,18:00,18:30,休,rest
US00012,2026-06-11,US202605050009,37,18:30,19:00,班,on_duty
US00012,2026-06-11,US202605050009,38,19:00,19:30,班,on_duty
US00012,2026-06-11,US202605050009,39,19:30,20:00,班,on_duty
US00012,2026-06-11,US202605050009,40,20:00,20:30,班,on_duty
US00012,2026-06-11,US202605050009,41,20:30,21:00,班,on_duty
US00012,2026-06-11,US202605050009,42,21:00,21:30,班,on_duty
US00012,2026-06-11,US202605050009,43,21:30,22:00,班,on_duty
US00012,2026-06-11,US202605050009,44,22:00,22:30,班,on_duty
US00012,2026-06-11,US202606020002,28,14:00,14:30,班,on_duty
US00012,2026-06-11,US202606020002,29,14:30,15:00,班,on_duty
US00012,2026-06-11,US202606020002,30,15:00,15:30,班,on_duty
US00012,2026-06-11,US202606020002,31,15:30,16:00,班,on_duty
US00012,2026-06-11,US202606020002,32,16:00,16:30,班,on_duty
US00012,2026-06-11,US202606020002,33,16:30,17:00,班,on_duty
US00012,2026-06-11,US202606020002,34,17:00,17:30,班,on_duty
US00012,2026-06-11,US202606020002,35,17:30,18:00,班,on_duty
US00012,2026-06-11,US202606020002,36,18:00,18:30,班,on_duty
US00012,2026-06-11,US202606020002,37,18:30,19:00,休,rest
US00012,2026-06-11,US202606020002,38,19:00,19:30,休,rest
US00012,2026-06-11,US202606020002,39,19:30,20:00,班,on_duty
US00012,2026-06-11,US202606020002,40,20:00,20:30,班,on_duty
US00012,2026-06-11,US202606020002,41,20:30,21:00,班,on_duty
US00012,2026-06-11,US202606020002,42,21:00,21:30,班,on_duty
US00012,2026-06-11,US202606020002,43,21:30,22:00,班,on_duty
US00012,2026-06-11,US202606020002,44,22:00,22:30,班,on_duty
US00012,2026-06-12,US202510070002,28,14:00,14:30,班,on_duty
US00012,2026-06-12,US202510070002,29,14:30,15:00,班,on_duty
US00012,2026-06-12,US202510070002,30,15:00,15:30,班,on_duty
US00012,2026-06-12,US202510070002,31,15:30,16:00,班,on_duty
US00012,2026-06-12,US202510070002,32,16:00,16:30,班,on_duty
US00012,2026-06-12,US202510070002,33,16:30,17:00,休,rest
US00012,2026-06-12,US202510070002,34,17:00,17:30,休,rest
US00012,2026-06-12,US202510070002,35,17:30,18:00,班,on_duty
US00012,2026-06-12,US202510070002,36,18:00,18:30,班,on_duty
US00012,2026-06-12,US202510070002,37,18:30,19:00,班,on_duty
US00012,2026-06-12,US202510070002,38,19:00,19:30,班,on_duty
US00012,2026-06-12,US202510070002,39,19:30,20:00,班,on_duty
US00012,2026-06-12,US202510070002,40,20:00,20:30,班,on_duty
US00012,2026-06-12,US202510070002,41,20:30,21:00,班,on_duty
US00012,2026-06-12,US202510070002,42,21:00,21:30,班,on_duty
US00012,2026-06-12,US202510070002,43,21:30,22:00,班,on_duty
US00012,2026-06-12,US202510070002,44,22:00,22:30,班,on_duty
US00012,2026-06-12,US202601060004,12,06:00,06:30,班,on_duty
US00012,2026-06-12,US202601060004,13,06:30,07:00,班,on_duty
US00012,2026-06-12,US202601060004,14,07:00,07:30,班,on_duty
US00012,2026-06-12,US202601060004,15,07:30,08:00,班,on_duty
US00012,2026-06-12,US202601060004,16,08:00,08:30,班,on_duty
US00012,2026-06-12,US202601060004,17,08:30,09:00,休,rest
US00012,2026-06-12,US202601060004,18,09:00,09:30,休,rest
US00012,2026-06-12,US202601060004,19,09:30,10:00,班,on_duty
US00012,2026-06-12,US202601060004,20,10:00,10:30,班,on_duty
US00012,2026-06-12,US202601060004,21,10:30,11:00,班,on_duty
US00012,2026-06-12,US202601060004,22,11:00,11:30,班,on_duty
US00012,2026-06-12,US202601060004,23,11:30,12:00,班,on_duty
US00012,2026-06-12,US202601060004,24,12:00,12:30,班,on_duty
US00012,2026-06-12,US202601060004,25,12:30,13:00,班,on_duty
US00012,2026-06-12,US202601060004,26,13:00,13:30,班,on_duty
US00012,2026-06-12,US202601060004,27,13:30,14:00,班,on_duty
US00012,2026-06-12,US202601060004,28,14:00,14:30,班,on_duty
US00012,2026-06-12,US202603260009,28,14:00,14:30,班,on_duty
US00012,2026-06-12,US202603260009,29,14:30,15:00,班,on_duty
US00012,2026-06-12,US202603260009,30,15:00,15:30,班,on_duty
US00012,2026-06-12,US202603260009,31,15:30,16:00,班,on_duty
US00012,2026-06-12,US202603260009,32,16:00,16:30,班,on_duty
US00012,2026-06-12,US202603260009,33,16:30,17:00,班,on_duty
US00012,2026-06-12,US202603260009,34,17:00,17:30,班,on_duty
US00012,2026-06-12,US202603260009,35,17:30,18:00,班,on_duty
US00012,2026-06-12,US202603260009,36,18:00,18:30,班,on_duty
US00012,2026-06-12,US202603260009,37,18:30,19:00,休,rest
US00012,2026-06-12,US202603260009,38,19:00,19:30,休,rest
US00012,2026-06-12,US202603260009,39,19:30,20:00,班,on_duty
US00012,2026-06-12,US202603260009,40,20:00,20:30,班,on_duty
US00012,2026-06-12,US202603260009,41,20:30,21:00,班,on_duty
US00012,2026-06-12,US202603260009,42,21:00,21:30,班,on_duty
US00012,2026-06-12,US202603260009,43,21:30,22:00,班,on_duty
US00012,2026-06-12,US202603260009,44,22:00,22:30,班,on_duty
US00012,2026-06-12,US202604020003,12,06:00,06:30,班,on_duty
US00012,2026-06-12,US202604020003,13,06:30,07:00,班,on_duty
US00012,2026-06-12,US202604020003,14,07:00,07:30,班,on_duty
US00012,2026-06-12,US202604020003,15,07:30,08:00,班,on_duty
US00012,2026-06-12,US202604020003,16,08:00,08:30,班,on_duty
US00012,2026-06-12,US202604020003,17,08:30,09:00,班,on_duty
US00012,2026-06-12,US202604020003,18,09:00,09:30,班,on_duty
US00012,2026-06-12,US202604020003,19,09:30,10:00,休,rest
US00012,2026-06-12,US202604020003,20,10:00,10:30,休,rest
US00012,2026-06-12,US202604020003,21,10:30,11:00,班,on_duty
US00012,2026-06-12,US202604020003,22,11:00,11:30,班,on_duty
US00012,2026-06-12,US202604020003,23,11:30,12:00,班,on_duty
US00012,2026-06-12,US202604020003,24,12:00,12:30,班,on_duty
US00012,2026-06-12,US202604020003,25,12:30,13:00,班,on_duty
US00012,2026-06-12,US202604020003,26,13:00,13:30,班,on_duty
US00012,2026-06-12,US202604020003,27,13:30,14:00,班,on_duty
US00012,2026-06-12,US202604020003,28,14:00,14:30,班,on_duty
US00012,2026-06-12,US202605050004,12,06:00,06:30,班,on_duty
US00012,2026-06-12,US202605050004,13,06:30,07:00,班,on_duty
US00012,2026-06-12,US202605050004,14,07:00,07:30,班,on_duty
US00012,2026-06-12,US202605050004,15,07:30,08:00,班,on_duty
US00012,2026-06-12,US202605050004,16,08:00,08:30,班,on_duty
US00012,2026-06-12,US202605050004,17,08:30,09:00,班,on_duty
US00012,2026-06-12,US202605050004,18,09:00,09:30,班,on_duty
US00012,2026-06-12,US202605050004,19,09:30,10:00,班,on_duty
US00012,2026-06-12,US202605050004,20,10:00,10:30,班,on_duty
US00012,2026-06-12,US202605050004,21,10:30,11:00,休,rest
US00012,2026-06-12,US202605050004,22,11:00,11:30,休,rest
US00012,2026-06-12,US202605050004,23,11:30,12:00,班,on_duty
US00012,2026-06-12,US202605050004,24,12:00,12:30,班,on_duty
US00012,2026-06-12,US202605050004,25,12:30,13:00,班,on_duty
US00012,2026-06-12,US202605050004,26,13:00,13:30,班,on_duty
US00012,2026-06-12,US202605050004,27,13:30,14:00,班,on_duty
US00012,2026-06-12,US202605050004,28,14:00,14:30,班,on_duty
US00012,2026-06-12,US202605050009,28,14:00,14:30,班,on_duty
US00012,2026-06-12,US202605050009,29,14:30,15:00,班,on_duty
US00012,2026-06-12,US202605050009,30,15:00,15:30,班,on_duty
US00012,2026-06-12,US202605050009,31,15:30,16:00,班,on_duty
US00012,2026-06-12,US202605050009,32,16:00,16:30,班,on_duty
US00012,2026-06-12,US202605050009,33,16:30,17:00,休,rest
US00012,2026-06-12,US202605050009,34,17:00,17:30,休,rest
US00012,2026-06-12,US202605050009,35,17:30,18:00,班,on_duty
US00012,2026-06-12,US202605050009,36,18:00,18:30,班,on_duty
US00012,2026-06-12,US202605050009,37,18:30,19:00,班,on_duty
US00012,2026-06-12,US202605050009,38,19:00,19:30,班,on_duty
US00012,2026-06-12,US202605050009,39,19:30,20:00,班,on_duty
US00012,2026-06-12,US202605050009,40,20:00,20:30,班,on_duty
US00012,2026-06-12,US202605050009,41,20:30,21:00,班,on_duty
US00012,2026-06-12,US202605050009,42,21:00,21:30,班,on_duty
US00012,2026-06-12,US202605050009,43,21:30,22:00,班,on_duty
US00012,2026-06-12,US202605050009,44,22:00,22:30,班,on_duty
US00012,2026-06-12,US202606020002,28,14:00,14:30,班,on_duty
US00012,2026-06-12,US202606020002,29,14:30,15:00,班,on_duty
US00012,2026-06-12,US202606020002,30,15:00,15:30,班,on_duty
US00012,2026-06-12,US202606020002,31,15:30,16:00,班,on_duty
US00012,2026-06-12,US202606020002,32,16:00,16:30,班,on_duty
US00012,2026-06-12,US202606020002,33,16:30,17:00,班,on_duty
US00012,2026-06-12,US202606020002,34,17:00,17:30,班,on_duty
US00012,2026-06-12,US202606020002,35,17:30,18:00,休,rest
US00012,2026-06-12,US202606020002,36,18:00,18:30,休,rest
US00012,2026-06-12,US202606020002,37,18:30,19:00,班,on_duty
US00012,2026-06-12,US202606020002,38,19:00,19:30,班,on_duty
US00012,2026-06-12,US202606020002,39,19:30,20:00,班,on_duty
US00012,2026-06-12,US202606020002,40,20:00,20:30,班,on_duty
US00012,2026-06-12,US202606020002,41,20:30,21:00,班,on_duty
US00012,2026-06-12,US202606020002,42,21:00,21:30,班,on_duty
US00012,2026-06-12,US202606020002,43,21:30,22:00,班,on_duty
US00012,2026-06-12,US202606020002,44,22:00,22:30,班,on_duty
US00012,2026-06-13,US202510070002,28,14:00,14:30,班,on_duty
US00012,2026-06-13,US202510070002,29,14:30,15:00,班,on_duty
US00012,2026-06-13,US202510070002,30,15:00,15:30,班,on_duty
US00012,2026-06-13,US202510070002,31,15:30,16:00,班,on_duty
US00012,2026-06-13,US202510070002,32,16:00,16:30,班,on_duty
US00012,2026-06-13,US202510070002,33,16:30,17:00,休,rest
US00012,2026-06-13,US202510070002,34,17:00,17:30,休,rest
US00012,2026-06-13,US202510070002,35,17:30,18:00,班,on_duty
US00012,2026-06-13,US202510070002,36,18:00,18:30,班,on_duty
US00012,2026-06-13,US202510070002,37,18:30,19:00,班,on_duty
US00012,2026-06-13,US202510070002,38,19:00,19:30,班,on_duty
US00012,2026-06-13,US202510070002,39,19:30,20:00,班,on_duty
US00012,2026-06-13,US202510070002,40,20:00,20:30,班,on_duty
US00012,2026-06-13,US202510070002,41,20:30,21:00,班,on_duty
US00012,2026-06-13,US202510070002,42,21:00,21:30,班,on_duty
US00012,2026-06-13,US202510070002,43,21:30,22:00,班,on_duty
US00012,2026-06-13,US202510070002,44,22:00,22:30,班,on_duty
US00012,2026-06-13,US202601270002,12,06:00,06:30,班,on_duty
US00012,2026-06-13,US202601270002,13,06:30,07:00,班,on_duty
US00012,2026-06-13,US202601270002,14,07:00,07:30,班,on_duty
US00012,2026-06-13,US202601270002,15,07:30,08:00,班,on_duty
US00012,2026-06-13,US202601270002,16,08:00,08:30,班,on_duty
US00012,2026-06-13,US202601270002,17,08:30,09:00,休,rest
US00012,2026-06-13,US202601270002,18,09:00,09:30,休,rest
US00012,2026-06-13,US202601270002,19,09:30,10:00,班,on_duty
US00012,2026-06-13,US202601270002,20,10:00,10:30,班,on_duty
US00012,2026-06-13,US202601270002,21,10:30,11:00,班,on_duty
US00012,2026-06-13,US202601270002,22,11:00,11:30,班,on_duty
US00012,2026-06-13,US202601270002,23,11:30,12:00,班,on_duty
US00012,2026-06-13,US202601270002,24,12:00,12:30,班,on_duty
US00012,2026-06-13,US202601270002,25,12:30,13:00,班,on_duty
US00012,2026-06-13,US202601270002,26,13:00,13:30,班,on_duty
US00012,2026-06-13,US202601270002,27,13:30,14:00,班,on_duty
US00012,2026-06-13,US202601270002,28,14:00,14:30,班,on_duty
US00012,2026-06-13,US202603260009,28,14:00,14:30,班,on_duty
US00012,2026-06-13,US202603260009,29,14:30,15:00,班,on_duty
US00012,2026-06-13,US202603260009,30,15:00,15:30,班,on_duty
US00012,2026-06-13,US202603260009,31,15:30,16:00,班,on_duty
US00012,2026-06-13,US202603260009,32,16:00,16:30,班,on_duty
US00012,2026-06-13,US202603260009,33,16:30,17:00,班,on_duty
US00012,2026-06-13,US202603260009,34,17:00,17:30,班,on_duty
US00012,2026-06-13,US202603260009,35,17:30,18:00,休,rest
US00012,2026-06-13,US202603260009,36,18:00,18:30,休,rest
US00012,2026-06-13,US202603260009,37,18:30,19:00,班,on_duty
US00012,2026-06-13,US202603260009,38,19:00,19:30,班,on_duty
US00012,2026-06-13,US202603260009,39,19:30,20:00,班,on_duty
US00012,2026-06-13,US202603260009,40,20:00,20:30,班,on_duty
US00012,2026-06-13,US202603260009,41,20:30,21:00,班,on_duty
US00012,2026-06-13,US202603260009,42,21:00,21:30,班,on_duty
US00012,2026-06-13,US202603260009,43,21:30,22:00,班,on_duty
US00012,2026-06-13,US202603260009,44,22:00,22:30,班,on_duty
US00012,2026-06-13,US202604020003,20,10:00,10:30,班,on_duty
US00012,2026-06-13,US202604020003,21,10:30,11:00,班,on_duty
US00012,2026-06-13,US202604020003,22,11:00,11:30,班,on_duty
US00012,2026-06-13,US202604020003,23,11:30,12:00,班,on_duty
US00012,2026-06-13,US202604020003,24,12:00,12:30,班,on_duty
US00012,2026-06-13,US202604020003,25,12:30,13:00,班,on_duty
US00012,2026-06-13,US202604020003,26,13:00,13:30,休,rest
US00012,2026-06-13,US202604020003,27,13:30,14:00,休,rest
US00012,2026-06-13,US202604020003,28,14:00,14:30,班,on_duty
US00012,2026-06-13,US202604020003,29,14:30,15:00,班,on_duty
US00012,2026-06-13,US202604020003,30,15:00,15:30,班,on_duty
US00012,2026-06-13,US202604020003,31,15:30,16:00,班,on_duty
US00012,2026-06-13,US202604020003,32,16:00,16:30,班,on_duty
US00012,2026-06-13,US202604020003,33,16:30,17:00,班,on_duty
US00012,2026-06-13,US202604020003,34,17:00,17:30,班,on_duty
US00012,2026-06-13,US202604020003,35,17:30,18:00,班,on_duty
US00012,2026-06-13,US202604020003,36,18:00,18:30,班,on_duty
US00012,2026-06-13,US202605050004,12,06:00,06:30,班,on_duty
US00012,2026-06-13,US202605050004,13,06:30,07:00,班,on_duty
US00012,2026-06-13,US202605050004,14,07:00,07:30,班,on_duty
US00012,2026-06-13,US202605050004,15,07:30,08:00,班,on_duty
US00012,2026-06-13,US202605050004,16,08:00,08:30,班,on_duty
US00012,2026-06-13,US202605050004,17,08:30,09:00,班,on_duty
US00012,2026-06-13,US202605050004,18,09:00,09:30,班,on_duty
US00012,2026-06-13,US202605050004,19,09:30,10:00,班,on_duty
US00012,2026-06-13,US202605050004,20,10:00,10:30,班,on_duty
US00012,2026-06-13,US202605050004,21,10:30,11:00,休,rest
US00012,2026-06-13,US202605050004,22,11:00,11:30,休,rest
US00012,2026-06-13,US202605050004,23,11:30,12:00,班,on_duty
US00012,2026-06-13,US202605050004,24,12:00,12:30,班,on_duty
US00012,2026-06-13,US202605050004,25,12:30,13:00,班,on_duty
US00012,2026-06-13,US202605050004,26,13:00,13:30,班,on_duty
US00012,2026-06-13,US202605050004,27,13:30,14:00,班,on_duty
US00012,2026-06-13,US202605050004,28,14:00,14:30,班,on_duty
US00012,2026-06-13,US202605050009,28,14:00,14:30,班,on_duty
US00012,2026-06-13,US202605050009,29,14:30,15:00,班,on_duty
US00012,2026-06-13,US202605050009,30,15:00,15:30,班,on_duty
US00012,2026-06-13,US202605050009,31,15:30,16:00,班,on_duty
US00012,2026-06-13,US202605050009,32,16:00,16:30,班,on_duty
US00012,2026-06-13,US202605050009,33,16:30,17:00,班,on_duty
US00012,2026-06-13,US202605050009,34,17:00,17:30,班,on_duty
US00012,2026-06-13,US202605050009,35,17:30,18:00,班,on_duty
US00012,2026-06-13,US202605050009,36,18:00,18:30,班,on_duty
US00012,2026-06-13,US202605050009,37,18:30,19:00,休,rest
US00012,2026-06-13,US202605050009,38,19:00,19:30,休,rest
US00012,2026-06-13,US202605050009,39,19:30,20:00,班,on_duty
US00012,2026-06-13,US202605050009,40,20:00,20:30,班,on_duty
US00012,2026-06-13,US202605050009,41,20:30,21:00,班,on_duty
US00012,2026-06-13,US202605050009,42,21:00,21:30,班,on_duty
US00012,2026-06-13,US202605050009,43,21:30,22:00,班,on_duty
US00012,2026-06-13,US202605050009,44,22:00,22:30,班,on_duty
US00012,2026-06-14,US202510070002,28,14:00,14:30,班,on_duty
US00012,2026-06-14,US202510070002,29,14:30,15:00,班,on_duty
US00012,2026-06-14,US202510070002,30,15:00,15:30,班,on_duty
US00012,2026-06-14,US202510070002,31,15:30,16:00,班,on_duty
US00012,2026-06-14,US202510070002,32,16:00,16:30,班,on_duty
US00012,2026-06-14,US202510070002,33,16:30,17:00,休,rest
US00012,2026-06-14,US202510070002,34,17:00,17:30,休,rest
US00012,2026-06-14,US202510070002,35,17:30,18:00,班,on_duty
US00012,2026-06-14,US202510070002,36,18:00,18:30,班,on_duty
US00012,2026-06-14,US202510070002,37,18:30,19:00,班,on_duty
US00012,2026-06-14,US202510070002,38,19:00,19:30,班,on_duty
US00012,2026-06-14,US202510070002,39,19:30,20:00,班,on_duty
US00012,2026-06-14,US202510070002,40,20:00,20:30,班,on_duty
US00012,2026-06-14,US202510070002,41,20:30,21:00,班,on_duty
US00012,2026-06-14,US202510070002,42,21:00,21:30,班,on_duty
US00012,2026-06-14,US202510070002,43,21:30,22:00,班,on_duty
US00012,2026-06-14,US202510070002,44,22:00,22:30,班,on_duty
US00012,2026-06-14,US202512020001,12,06:00,06:30,班,on_duty
US00012,2026-06-14,US202512020001,13,06:30,07:00,班,on_duty
US00012,2026-06-14,US202512020001,14,07:00,07:30,班,on_duty
US00012,2026-06-14,US202512020001,15,07:30,08:00,班,on_duty
US00012,2026-06-14,US202512020001,16,08:00,08:30,班,on_duty
US00012,2026-06-14,US202512020001,17,08:30,09:00,班,on_duty
US00012,2026-06-14,US202512020001,18,09:00,09:30,休,rest
US00012,2026-06-14,US202512020001,19,09:30,10:00,休,rest
US00012,2026-06-14,US202512020001,20,10:00,10:30,班,on_duty
US00012,2026-06-14,US202512020001,21,10:30,11:00,班,on_duty
US00012,2026-06-14,US202512020001,22,11:00,11:30,班,on_duty
US00012,2026-06-14,US202512020001,23,11:30,12:00,班,on_duty
US00012,2026-06-14,US202512020001,24,12:00,12:30,班,on_duty
US00012,2026-06-14,US202512020001,25,12:30,13:00,班,on_duty
US00012,2026-06-14,US202512020001,26,13:00,13:30,班,on_duty
US00012,2026-06-14,US202601060004,12,06:00,06:30,班,on_duty
US00012,2026-06-14,US202601060004,13,06:30,07:00,班,on_duty
US00012,2026-06-14,US202601060004,14,07:00,07:30,班,on_duty
US00012,2026-06-14,US202601060004,15,07:30,08:00,班,on_duty
US00012,2026-06-14,US202601060004,16,08:00,08:30,班,on_duty
US00012,2026-06-14,US202601060004,17,08:30,09:00,班,on_duty
US00012,2026-06-14,US202601060004,18,09:00,09:30,班,on_duty
US00012,2026-06-14,US202601060004,19,09:30,10:00,班,on_duty
US00012,2026-06-14,US202601060004,20,10:00,10:30,休,rest
US00012,2026-06-14,US202601060004,21,10:30,11:00,休,rest
US00012,2026-06-14,US202601060004,22,11:00,11:30,班,on_duty
US00012,2026-06-14,US202601060004,23,11:30,12:00,班,on_duty
US00012,2026-06-14,US202601060004,24,12:00,12:30,班,on_duty
US00012,2026-06-14,US202601060004,25,12:30,13:00,班,on_duty
US00012,2026-06-14,US202601060004,26,13:00,13:30,班,on_duty
US00012,2026-06-14,US202601060004,27,13:30,14:00,班,on_duty
US00012,2026-06-14,US202601060004,28,14:00,14:30,班,on_duty
US00012,2026-06-14,US202601270002,28,14:00,14:30,班,on_duty
US00012,2026-06-14,US202601270002,29,14:30,15:00,班,on_duty
US00012,2026-06-14,US202601270002,30,15:00,15:30,班,on_duty
US00012,2026-06-14,US202601270002,31,15:30,16:00,班,on_duty
US00012,2026-06-14,US202601270002,32,16:00,16:30,班,on_duty
US00012,2026-06-14,US202601270002,33,16:30,17:00,班,on_duty
US00012,2026-06-14,US202601270002,34,17:00,17:30,休,rest
US00012,2026-06-14,US202601270002,35,17:30,18:00,休,rest
US00012,2026-06-14,US202601270002,36,18:00,18:30,班,on_duty
US00012,2026-06-14,US202601270002,37,18:30,19:00,班,on_duty
US00012,2026-06-14,US202601270002,38,19:00,19:30,班,on_duty
US00012,2026-06-14,US202601270002,39,19:30,20:00,班,on_duty
US00012,2026-06-14,US202601270002,40,20:00,20:30,班,on_duty
US00012,2026-06-14,US202601270002,41,20:30,21:00,班,on_duty
US00012,2026-06-14,US202601270002,42,21:00,21:30,班,on_duty
US00012,2026-06-14,US202601270002,43,21:30,22:00,班,on_duty
US00012,2026-06-14,US202601270002,44,22:00,22:30,班,on_duty
US00012,2026-06-14,US202605050004,28,14:00,14:30,班,on_duty
US00012,2026-06-14,US202605050004,29,14:30,15:00,班,on_duty
US00012,2026-06-14,US202605050004,30,15:00,15:30,班,on_duty
US00012,2026-06-14,US202605050004,31,15:30,16:00,班,on_duty
US00012,2026-06-14,US202605050004,32,16:00,16:30,班,on_duty
US00012,2026-06-14,US202605050004,33,16:30,17:00,班,on_duty
US00012,2026-06-14,US202605050004,34,17:00,17:30,班,on_duty
US00012,2026-06-14,US202605050004,35,17:30,18:00,班,on_duty
US00012,2026-06-14,US202605050004,36,18:00,18:30,休,rest
US00012,2026-06-14,US202605050004,37,18:30,19:00,休,rest
US00012,2026-06-14,US202605050004,38,19:00,19:30,班,on_duty
US00012,2026-06-14,US202605050004,39,19:30,20:00,班,on_duty
US00012,2026-06-14,US202605050004,40,20:00,20:30,班,on_duty
US00012,2026-06-14,US202605050004,41,20:30,21:00,班,on_duty
US00012,2026-06-14,US202605050004,42,21:00,21:30,班,on_duty
US00012,2026-06-14,US202605050004,43,21:30,22:00,班,on_duty
US00012,2026-06-14,US202605050004,44,22:00,22:30,班,on_duty
US00012,2026-06-14,US202606020002,12,06:00,06:30,班,on_duty
US00012,2026-06-14,US202606020002,13,06:30,07:00,班,on_duty
US00012,2026-06-14,US202606020002,14,07:00,07:30,班,on_duty
US00012,2026-06-14,US202606020002,15,07:30,08:00,班,on_duty
US00012,2026-06-14,US202606020002,16,08:00,08:30,班,on_duty
US00012,2026-06-14,US202606020002,17,08:30,09:00,休,rest
US00012,2026-06-14,US202606020002,18,09:00,09:30,休,rest
US00012,2026-06-14,US202606020002,19,09:30,10:00,班,on_duty
US00012,2026-06-14,US202606020002,20,10:00,10:30,班,on_duty
US00012,2026-06-14,US202606020002,21,10:30,11:00,班,on_duty
US00012,2026-06-14,US202606020002,22,11:00,11:30,班,on_duty
US00012,2026-06-14,US202606020002,23,11:30,12:00,班,on_duty
US00012,2026-06-14,US202606020002,24,12:00,12:30,班,on_duty
US00012,2026-06-14,US202606020002,25,12:30,13:00,班,on_duty
US00012,2026-06-14,US202606020002,26,13:00,13:30,班,on_duty
US00012,2026-06-14,US202606020002,27,13:30,14:00,班,on_duty
US00012,2026-06-14,US202606020002,28,14:00,14:30,班,on_duty
US00015,2026-06-08,US202508120003,12,06:00,06:30,班,on_duty
US00015,2026-06-08,US202508120003,13,06:30,07:00,班,on_duty
US00015,2026-06-08,US202508120003,14,07:00,07:30,班,on_duty
US00015,2026-06-08,US202508120003,15,07:30,08:00,班,on_duty
US00015,2026-06-08,US202508120003,16,08:00,08:30,班,on_duty
US00015,2026-06-08,US202508120003,17,08:30,09:00,休,rest
US00015,2026-06-08,US202508120003,18,09:00,09:30,休,rest
US00015,2026-06-08,US202508120003,19,09:30,10:00,班,on_duty
US00015,2026-06-08,US202508120003,20,10:00,10:30,班,on_duty
US00015,2026-06-08,US202508120003,21,10:30,11:00,班,on_duty
US00015,2026-06-08,US202508120003,22,11:00,11:30,班,on_duty
US00015,2026-06-08,US202508120003,23,11:30,12:00,班,on_duty
US00015,2026-06-08,US202508120003,24,12:00,12:30,班,on_duty
US00015,2026-06-08,US202508120003,25,12:30,13:00,班,on_duty
US00015,2026-06-08,US202508120003,26,13:00,13:30,班,on_duty
US00015,2026-06-08,US202508120003,27,13:30,14:00,班,on_duty
US00015,2026-06-08,US202510070006,28,14:00,14:30,班,on_duty
US00015,2026-06-08,US202510070006,29,14:30,15:00,班,on_duty
US00015,2026-06-08,US202510070006,30,15:00,15:30,班,on_duty
US00015,2026-06-08,US202510070006,31,15:30,16:00,班,on_duty
US00015,2026-06-08,US202510070006,32,16:00,16:30,班,on_duty
US00015,2026-06-08,US202510070006,33,16:30,17:00,休,rest
US00015,2026-06-08,US202510070006,34,17:00,17:30,休,rest
US00015,2026-06-08,US202510070006,35,17:30,18:00,班,on_duty
US00015,2026-06-08,US202510070006,36,18:00,18:30,班,on_duty
US00015,2026-06-08,US202510070006,37,18:30,19:00,班,on_duty
US00015,2026-06-08,US202510070006,38,19:00,19:30,班,on_duty
US00015,2026-06-08,US202510070006,39,19:30,20:00,班,on_duty
US00015,2026-06-08,US202510070006,40,20:00,20:30,班,on_duty
US00015,2026-06-08,US202510070006,41,20:30,21:00,班,on_duty
US00015,2026-06-08,US202510070006,42,21:00,21:30,班,on_duty
US00015,2026-06-08,US202510070006,43,21:30,22:00,班,on_duty
US00015,2026-06-08,US202601200011,12,06:00,06:30,班,on_duty
US00015,2026-06-08,US202601200011,13,06:30,07:00,班,on_duty
US00015,2026-06-08,US202601200011,14,07:00,07:30,班,on_duty
US00015,2026-06-08,US202601200011,15,07:30,08:00,班,on_duty
US00015,2026-06-08,US202601200011,16,08:00,08:30,班,on_duty
US00015,2026-06-08,US202601200011,17,08:30,09:00,班,on_duty
US00015,2026-06-08,US202601200011,18,09:00,09:30,休,rest
US00015,2026-06-08,US202601200011,19,09:30,10:00,休,rest
US00015,2026-06-08,US202601200011,20,10:00,10:30,班,on_duty
US00015,2026-06-08,US202601200011,21,10:30,11:00,班,on_duty
US00015,2026-06-08,US202601200011,22,11:00,11:30,班,on_duty
US00015,2026-06-08,US202601200011,23,11:30,12:00,班,on_duty
US00015,2026-06-08,US202601200011,24,12:00,12:30,班,on_duty
US00015,2026-06-08,US202601200011,25,12:30,13:00,班,on_duty
US00015,2026-06-08,US202601200011,26,13:00,13:30,班,on_duty
US00015,2026-06-08,US202601200011,27,13:30,14:00,班,on_duty
US00015,2026-06-08,US202603260001,28,14:00,14:30,班,on_duty
US00015,2026-06-08,US202603260001,29,14:30,15:00,班,on_duty
US00015,2026-06-08,US202603260001,30,15:00,15:30,班,on_duty
US00015,2026-06-08,US202603260001,31,15:30,16:00,班,on_duty
US00015,2026-06-08,US202603260001,32,16:00,16:30,班,on_duty
US00015,2026-06-08,US202603260001,33,16:30,17:00,班,on_duty
US00015,2026-06-08,US202603260001,34,17:00,17:30,休,rest
US00015,2026-06-08,US202603260001,35,17:30,18:00,休,rest
US00015,2026-06-08,US202603260001,36,18:00,18:30,班,on_duty
US00015,2026-06-08,US202603260001,37,18:30,19:00,班,on_duty
US00015,2026-06-08,US202603260001,38,19:00,19:30,班,on_duty
US00015,2026-06-08,US202603260001,39,19:30,20:00,班,on_duty
US00015,2026-06-08,US202603260001,40,20:00,20:30,班,on_duty
US00015,2026-06-08,US202603260001,41,20:30,21:00,班,on_duty
US00015,2026-06-08,US202603260001,42,21:00,21:30,班,on_duty
US00015,2026-06-08,US202603260001,43,21:30,22:00,班,on_duty
US00015,2026-06-08,US202603260011,18,09:00,09:30,班,on_duty
US00015,2026-06-08,US202603260011,19,09:30,10:00,班,on_duty
US00015,2026-06-08,US202603260011,20,10:00,10:30,班,on_duty
US00015,2026-06-08,US202603260011,21,10:30,11:00,班,on_duty
US00015,2026-06-08,US202603260011,22,11:00,11:30,班,on_duty
US00015,2026-06-08,US202603260011,23,11:30,12:00,班,on_duty
US00015,2026-06-08,US202605050003,12,06:00,06:30,班,on_duty
US00015,2026-06-08,US202605050003,13,06:30,07:00,班,on_duty
US00015,2026-06-08,US202605050003,14,07:00,07:30,班,on_duty
US00015,2026-06-08,US202605050003,15,07:30,08:00,班,on_duty
US00015,2026-06-08,US202605050003,16,08:00,08:30,班,on_duty
US00015,2026-06-08,US202605050003,17,08:30,09:00,班,on_duty
US00015,2026-06-08,US202605050003,18,09:00,09:30,班,on_duty
US00015,2026-06-08,US202605050003,19,09:30,10:00,休,rest
US00015,2026-06-08,US202605050003,20,10:00,10:30,休,rest
US00015,2026-06-08,US202605050003,21,10:30,11:00,班,on_duty
US00015,2026-06-08,US202605050003,22,11:00,11:30,班,on_duty
US00015,2026-06-08,US202605050003,23,11:30,12:00,班,on_duty
US00015,2026-06-08,US202605050003,24,12:00,12:30,班,on_duty
US00015,2026-06-08,US202605050003,25,12:30,13:00,班,on_duty
US00015,2026-06-08,US202605050003,26,13:00,13:30,班,on_duty
US00015,2026-06-08,US202605050003,27,13:30,14:00,班,on_duty
US00015,2026-06-08,US202605190006,12,06:00,06:30,班,on_duty
US00015,2026-06-08,US202605190006,13,06:30,07:00,班,on_duty
US00015,2026-06-08,US202605190006,14,07:00,07:30,班,on_duty
US00015,2026-06-08,US202605190006,15,07:30,08:00,班,on_duty
US00015,2026-06-08,US202605190006,16,08:00,08:30,班,on_duty
US00015,2026-06-08,US202605190006,17,08:30,09:00,班,on_duty
US00015,2026-06-08,US202605190006,18,09:00,09:30,班,on_duty
US00015,2026-06-08,US202605190006,19,09:30,10:00,班,on_duty
US00015,2026-06-08,US202605190006,20,10:00,10:30,休,rest
US00015,2026-06-08,US202605190006,21,10:30,11:00,休,rest
US00015,2026-06-08,US202605190006,22,11:00,11:30,班,on_duty
US00015,2026-06-08,US202605190006,23,11:30,12:00,班,on_duty
US00015,2026-06-08,US202605190006,24,12:00,12:30,班,on_duty
US00015,2026-06-08,US202605190006,25,12:30,13:00,班,on_duty
US00015,2026-06-08,US202605190006,26,13:00,13:30,班,on_duty
US00015,2026-06-08,US202605190006,27,13:30,14:00,班,on_duty
US00015,2026-06-08,US202605190013,28,14:00,14:30,班,on_duty
US00015,2026-06-08,US202605190013,29,14:30,15:00,班,on_duty
US00015,2026-06-08,US202605190013,30,15:00,15:30,班,on_duty
US00015,2026-06-08,US202605190013,31,15:30,16:00,班,on_duty
US00015,2026-06-08,US202605190013,32,16:00,16:30,班,on_duty
US00015,2026-06-08,US202605190013,33,16:30,17:00,班,on_duty
US00015,2026-06-08,US202605190013,34,17:00,17:30,班,on_duty
US00015,2026-06-08,US202605190013,35,17:30,18:00,班,on_duty
US00015,2026-06-08,US202605190013,36,18:00,18:30,休,rest
US00015,2026-06-08,US202605190013,37,18:30,19:00,休,rest
US00015,2026-06-08,US202605190013,38,19:00,19:30,班,on_duty
US00015,2026-06-08,US202605190013,39,19:30,20:00,班,on_duty
US00015,2026-06-08,US202605190013,40,20:00,20:30,班,on_duty
US00015,2026-06-08,US202605190013,41,20:30,21:00,班,on_duty
US00015,2026-06-08,US202605190013,42,21:00,21:30,班,on_duty
US00015,2026-06-08,US202605190013,43,21:30,22:00,班,on_duty
US00015,2026-06-09,US202507170004,12,06:00,06:30,班,on_duty
US00015,2026-06-09,US202507170004,13,06:30,07:00,班,on_duty
US00015,2026-06-09,US202507170004,14,07:00,07:30,班,on_duty
US00015,2026-06-09,US202507170004,15,07:30,08:00,班,on_duty
US00015,2026-06-09,US202507170004,16,08:00,08:30,班,on_duty
US00015,2026-06-09,US202507170004,17,08:30,09:00,休,rest
US00015,2026-06-09,US202507170004,18,09:00,09:30,休,rest
US00015,2026-06-09,US202507170004,19,09:30,10:00,班,on_duty
US00015,2026-06-09,US202507170004,20,10:00,10:30,班,on_duty
US00015,2026-06-09,US202507170004,21,10:30,11:00,班,on_duty
US00015,2026-06-09,US202507170004,22,11:00,11:30,班,on_duty
US00015,2026-06-09,US202507170004,23,11:30,12:00,班,on_duty
US00015,2026-06-09,US202507170004,24,12:00,12:30,班,on_duty
US00015,2026-06-09,US202507170004,25,12:30,13:00,班,on_duty
US00015,2026-06-09,US202507170004,26,13:00,13:30,班,on_duty
US00015,2026-06-09,US202507170004,27,13:30,14:00,班,on_duty
US00015,2026-06-09,US202508120003,28,14:00,14:30,班,on_duty
US00015,2026-06-09,US202508120003,29,14:30,15:00,班,on_duty
US00015,2026-06-09,US202508120003,30,15:00,15:30,班,on_duty
US00015,2026-06-09,US202508120003,31,15:30,16:00,班,on_duty
US00015,2026-06-09,US202508120003,32,16:00,16:30,班,on_duty
US00015,2026-06-09,US202508120003,33,16:30,17:00,休,rest
US00015,2026-06-09,US202508120003,34,17:00,17:30,休,rest
US00015,2026-06-09,US202508120003,35,17:30,18:00,班,on_duty
US00015,2026-06-09,US202508120003,36,18:00,18:30,班,on_duty
US00015,2026-06-09,US202508120003,37,18:30,19:00,班,on_duty
US00015,2026-06-09,US202508120003,38,19:00,19:30,班,on_duty
US00015,2026-06-09,US202508120003,39,19:30,20:00,班,on_duty
US00015,2026-06-09,US202508120003,40,20:00,20:30,班,on_duty
US00015,2026-06-09,US202508120003,41,20:30,21:00,班,on_duty
US00015,2026-06-09,US202508120003,42,21:00,21:30,班,on_duty
US00015,2026-06-09,US202508120003,43,21:30,22:00,班,on_duty
US00015,2026-06-09,US202601200011,28,14:00,14:30,班,on_duty
US00015,2026-06-09,US202601200011,29,14:30,15:00,班,on_duty
US00015,2026-06-09,US202601200011,30,15:00,15:30,班,on_duty
US00015,2026-06-09,US202601200011,31,15:30,16:00,班,on_duty
US00015,2026-06-09,US202601200011,32,16:00,16:30,班,on_duty
US00015,2026-06-09,US202601200011,33,16:30,17:00,班,on_duty
US00015,2026-06-09,US202601200011,34,17:00,17:30,班,on_duty
US00015,2026-06-09,US202601200011,35,17:30,18:00,班,on_duty
US00015,2026-06-09,US202601200011,36,18:00,18:30,休,rest
US00015,2026-06-09,US202601200011,37,18:30,19:00,休,rest
US00015,2026-06-09,US202601200011,38,19:00,19:30,班,on_duty
US00015,2026-06-09,US202601200011,39,19:30,20:00,班,on_duty
US00015,2026-06-09,US202601200011,40,20:00,20:30,班,on_duty
US00015,2026-06-09,US202601200011,41,20:30,21:00,班,on_duty
US00015,2026-06-09,US202601200011,42,21:00,21:30,班,on_duty
US00015,2026-06-09,US202601200011,43,21:30,22:00,班,on_duty
US00015,2026-06-09,US202602180010,12,06:00,06:30,班,on_duty
US00015,2026-06-09,US202602180010,13,06:30,07:00,班,on_duty
US00015,2026-06-09,US202602180010,14,07:00,07:30,班,on_duty
US00015,2026-06-09,US202602180010,15,07:30,08:00,班,on_duty
US00015,2026-06-09,US202602180010,16,08:00,08:30,班,on_duty
US00015,2026-06-09,US202602180010,17,08:30,09:00,班,on_duty
US00015,2026-06-09,US202602180010,18,09:00,09:30,班,on_duty
US00015,2026-06-09,US202602180010,19,09:30,10:00,班,on_duty
US00015,2026-06-09,US202602180010,20,10:00,10:30,休,rest
US00015,2026-06-09,US202602180010,21,10:30,11:00,休,rest
US00015,2026-06-09,US202602180010,22,11:00,11:30,班,on_duty
US00015,2026-06-09,US202602180010,23,11:30,12:00,班,on_duty
US00015,2026-06-09,US202602180010,24,12:00,12:30,班,on_duty
US00015,2026-06-09,US202602180010,25,12:30,13:00,班,on_duty
US00015,2026-06-09,US202602180010,26,13:00,13:30,班,on_duty
US00015,2026-06-09,US202602180010,27,13:30,14:00,班,on_duty
US00015,2026-06-09,US202605050003,12,06:00,06:30,班,on_duty
US00015,2026-06-09,US202605050003,13,06:30,07:00,班,on_duty
US00015,2026-06-09,US202605050003,14,07:00,07:30,班,on_duty
US00015,2026-06-09,US202605050003,15,07:30,08:00,班,on_duty
US00015,2026-06-09,US202605050003,16,08:00,08:30,班,on_duty
US00015,2026-06-09,US202605050003,17,08:30,09:00,班,on_duty
US00015,2026-06-09,US202605050003,18,09:00,09:30,班,on_duty
US00015,2026-06-09,US202605050003,19,09:30,10:00,休,rest
US00015,2026-06-09,US202605050003,20,10:00,10:30,休,rest
US00015,2026-06-09,US202605050003,21,10:30,11:00,班,on_duty
US00015,2026-06-09,US202605050003,22,11:00,11:30,班,on_duty
US00015,2026-06-09,US202605050003,23,11:30,12:00,班,on_duty
US00015,2026-06-09,US202605050003,24,12:00,12:30,班,on_duty
US00015,2026-06-09,US202605050003,25,12:30,13:00,班,on_duty
US00015,2026-06-09,US202605050003,26,13:00,13:30,班,on_duty
US00015,2026-06-09,US202605050003,27,13:30,14:00,班,on_duty
US00015,2026-06-09,US202605140001,12,06:00,06:30,班,on_duty
US00015,2026-06-09,US202605140001,13,06:30,07:00,班,on_duty
US00015,2026-06-09,US202605140001,14,07:00,07:30,班,on_duty
US00015,2026-06-09,US202605140001,15,07:30,08:00,班,on_duty
US00015,2026-06-09,US202605140001,16,08:00,08:30,班,on_duty
US00015,2026-06-09,US202605140001,17,08:30,09:00,班,on_duty
US00015,2026-06-09,US202605140001,18,09:00,09:30,休,rest
US00015,2026-06-09,US202605140001,19,09:30,10:00,休,rest
US00015,2026-06-09,US202605140001,20,10:00,10:30,班,on_duty
US00015,2026-06-09,US202605140001,21,10:30,11:00,班,on_duty
US00015,2026-06-09,US202605140001,22,11:00,11:30,班,on_duty
US00015,2026-06-09,US202605140001,23,11:30,12:00,班,on_duty
US00015,2026-06-09,US202605140001,24,12:00,12:30,班,on_duty
US00015,2026-06-09,US202605140001,25,12:30,13:00,班,on_duty
US00015,2026-06-09,US202605140001,26,13:00,13:30,班,on_duty
US00015,2026-06-09,US202605140001,27,13:30,14:00,班,on_duty
US00015,2026-06-09,US202605190013,28,14:00,14:30,班,on_duty
US00015,2026-06-09,US202605190013,29,14:30,15:00,班,on_duty
US00015,2026-06-09,US202605190013,30,15:00,15:30,班,on_duty
US00015,2026-06-09,US202605190013,31,15:30,16:00,班,on_duty
US00015,2026-06-09,US202605190013,32,16:00,16:30,班,on_duty
US00015,2026-06-09,US202605190013,33,16:30,17:00,班,on_duty
US00015,2026-06-09,US202605190013,34,17:00,17:30,休,rest
US00015,2026-06-09,US202605190013,35,17:30,18:00,休,rest
US00015,2026-06-09,US202605190013,36,18:00,18:30,班,on_duty
US00015,2026-06-09,US202605190013,37,18:30,19:00,班,on_duty
US00015,2026-06-09,US202605190013,38,19:00,19:30,班,on_duty
US00015,2026-06-09,US202605190013,39,19:30,20:00,班,on_duty
US00015,2026-06-09,US202605190013,40,20:00,20:30,班,on_duty
US00015,2026-06-09,US202605190013,41,20:30,21:00,班,on_duty
US00015,2026-06-09,US202605190013,42,21:00,21:30,班,on_duty
US00015,2026-06-09,US202605190013,43,21:30,22:00,班,on_duty
US00015,2026-06-10,US202507170004,28,14:00,14:30,班,on_duty
US00015,2026-06-10,US202507170004,29,14:30,15:00,班,on_duty
US00015,2026-06-10,US202507170004,30,15:00,15:30,班,on_duty
US00015,2026-06-10,US202507170004,31,15:30,16:00,班,on_duty
US00015,2026-06-10,US202507170004,32,16:00,16:30,班,on_duty
US00015,2026-06-10,US202507170004,33,16:30,17:00,休,rest
US00015,2026-06-10,US202507170004,34,17:00,17:30,休,rest
US00015,2026-06-10,US202507170004,35,17:30,18:00,班,on_duty
US00015,2026-06-10,US202507170004,36,18:00,18:30,班,on_duty
US00015,2026-06-10,US202507170004,37,18:30,19:00,班,on_duty
US00015,2026-06-10,US202507170004,38,19:00,19:30,班,on_duty
US00015,2026-06-10,US202507170004,39,19:30,20:00,班,on_duty
US00015,2026-06-10,US202507170004,40,20:00,20:30,班,on_duty
US00015,2026-06-10,US202507170004,41,20:30,21:00,班,on_duty
US00015,2026-06-10,US202507170004,42,21:00,21:30,班,on_duty
US00015,2026-06-10,US202507170004,43,21:30,22:00,班,on_duty
US00015,2026-06-10,US202510070006,12,06:00,06:30,班,on_duty
US00015,2026-06-10,US202510070006,13,06:30,07:00,班,on_duty
US00015,2026-06-10,US202510070006,14,07:00,07:30,班,on_duty
US00015,2026-06-10,US202510070006,15,07:30,08:00,班,on_duty
US00015,2026-06-10,US202510070006,16,08:00,08:30,班,on_duty
US00015,2026-06-10,US202510070006,17,08:30,09:00,班,on_duty
US00015,2026-06-10,US202510070006,18,09:00,09:30,班,on_duty
US00015,2026-06-10,US202510070006,19,09:30,10:00,班,on_duty
US00015,2026-06-10,US202510070006,20,10:00,10:30,休,rest
US00015,2026-06-10,US202510070006,21,10:30,11:00,休,rest
US00015,2026-06-10,US202510070006,22,11:00,11:30,班,on_duty
US00015,2026-06-10,US202510070006,23,11:30,12:00,班,on_duty
US00015,2026-06-10,US202510070006,24,12:00,12:30,班,on_duty
US00015,2026-06-10,US202510070006,25,12:30,13:00,班,on_duty
US00015,2026-06-10,US202510070006,26,13:00,13:30,班,on_duty
US00015,2026-06-10,US202510070006,27,13:30,14:00,班,on_duty
US00015,2026-06-10,US202602180010,12,06:00,06:30,班,on_duty
US00015,2026-06-10,US202602180010,13,06:30,07:00,班,on_duty
US00015,2026-06-10,US202602180010,14,07:00,07:30,班,on_duty
US00015,2026-06-10,US202602180010,15,07:30,08:00,班,on_duty
US00015,2026-06-10,US202602180010,16,08:00,08:30,班,on_duty
US00015,2026-06-10,US202602180010,17,08:30,09:00,班,on_duty
US00015,2026-06-10,US202602180010,18,09:00,09:30,班,on_duty
US00015,2026-06-10,US202602180010,19,09:30,10:00,休,rest
US00015,2026-06-10,US202602180010,20,10:00,10:30,休,rest
US00015,2026-06-10,US202602180010,21,10:30,11:00,班,on_duty
US00015,2026-06-10,US202602180010,22,11:00,11:30,班,on_duty
US00015,2026-06-10,US202602180010,23,11:30,12:00,班,on_duty
US00015,2026-06-10,US202602180010,24,12:00,12:30,班,on_duty
US00015,2026-06-10,US202602180010,25,12:30,13:00,班,on_duty
US00015,2026-06-10,US202602180010,26,13:00,13:30,班,on_duty
US00015,2026-06-10,US202602180010,27,13:30,14:00,班,on_duty
US00015,2026-06-10,US202603260001,12,06:00,06:30,班,on_duty
US00015,2026-06-10,US202603260001,13,06:30,07:00,班,on_duty
US00015,2026-06-10,US202603260001,14,07:00,07:30,班,on_duty
US00015,2026-06-10,US202603260001,15,07:30,08:00,班,on_duty
US00015,2026-06-10,US202603260001,16,08:00,08:30,班,on_duty
US00015,2026-06-10,US202603260001,17,08:30,09:00,班,on_duty
US00015,2026-06-10,US202603260001,18,09:00,09:30,休,rest
US00015,2026-06-10,US202603260001,19,09:30,10:00,休,rest
US00015,2026-06-10,US202603260001,20,10:00,10:30,班,on_duty
US00015,2026-06-10,US202603260001,21,10:30,11:00,班,on_duty
US00015,2026-06-10,US202603260001,22,11:00,11:30,班,on_duty
US00015,2026-06-10,US202603260001,23,11:30,12:00,班,on_duty
US00015,2026-06-10,US202603260001,24,12:00,12:30,班,on_duty
US00015,2026-06-10,US202603260001,25,12:30,13:00,班,on_duty
US00015,2026-06-10,US202603260001,26,13:00,13:30,班,on_duty
US00015,2026-06-10,US202603260001,27,13:30,14:00,班,on_duty
US00015,2026-06-10,US202605140001,28,14:00,14:30,班,on_duty
US00015,2026-06-10,US202605140001,29,14:30,15:00,班,on_duty
US00015,2026-06-10,US202605140001,30,15:00,15:30,班,on_duty
US00015,2026-06-10,US202605140001,31,15:30,16:00,班,on_duty
US00015,2026-06-10,US202605140001,32,16:00,16:30,班,on_duty
US00015,2026-06-10,US202605140001,33,16:30,17:00,班,on_duty
US00015,2026-06-10,US202605140001,34,17:00,17:30,休,rest
US00015,2026-06-10,US202605140001,35,17:30,18:00,休,rest
US00015,2026-06-10,US202605140001,36,18:00,18:30,班,on_duty
US00015,2026-06-10,US202605140001,37,18:30,19:00,班,on_duty
US00015,2026-06-10,US202605140001,38,19:00,19:30,班,on_duty
US00015,2026-06-10,US202605140001,39,19:30,20:00,班,on_duty
US00015,2026-06-10,US202605140001,40,20:00,20:30,班,on_duty
US00015,2026-06-10,US202605140001,41,20:30,21:00,班,on_duty
US00015,2026-06-10,US202605140001,42,21:00,21:30,班,on_duty
US00015,2026-06-10,US202605140001,43,21:30,22:00,班,on_duty
US00015,2026-06-10,US202605190006,12,06:00,06:30,班,on_duty
US00015,2026-06-10,US202605190006,13,06:30,07:00,班,on_duty
US00015,2026-06-10,US202605190006,14,07:00,07:30,班,on_duty
US00015,2026-06-10,US202605190006,15,07:30,08:00,班,on_duty
US00015,2026-06-10,US202605190006,16,08:00,08:30,班,on_duty
US00015,2026-06-10,US202605190006,17,08:30,09:00,休,rest
US00015,2026-06-10,US202605190006,18,09:00,09:30,休,rest
US00015,2026-06-10,US202605190006,19,09:30,10:00,班,on_duty
US00015,2026-06-10,US202605190006,20,10:00,10:30,班,on_duty
US00015,2026-06-10,US202605190006,21,10:30,11:00,班,on_duty
US00015,2026-06-10,US202605190006,22,11:00,11:30,班,on_duty
US00015,2026-06-10,US202605190006,23,11:30,12:00,班,on_duty
US00015,2026-06-10,US202605190006,24,12:00,12:30,班,on_duty
US00015,2026-06-10,US202605190006,25,12:30,13:00,班,on_duty
US00015,2026-06-10,US202605190006,26,13:00,13:30,班,on_duty
US00015,2026-06-10,US202605190006,27,13:30,14:00,班,on_duty
US00015,2026-06-10,US202605190013,28,14:00,14:30,班,on_duty
US00015,2026-06-10,US202605190013,29,14:30,15:00,班,on_duty
US00015,2026-06-10,US202605190013,30,15:00,15:30,班,on_duty
US00015,2026-06-10,US202605190013,31,15:30,16:00,班,on_duty
US00015,2026-06-10,US202605190013,32,16:00,16:30,班,on_duty
US00015,2026-06-10,US202605190013,33,16:30,17:00,班,on_duty
US00015,2026-06-10,US202605190013,34,17:00,17:30,班,on_duty
US00015,2026-06-10,US202605190013,35,17:30,18:00,班,on_duty
US00015,2026-06-10,US202605190013,36,18:00,18:30,休,rest
US00015,2026-06-10,US202605190013,37,18:30,19:00,休,rest
US00015,2026-06-10,US202605190013,38,19:00,19:30,班,on_duty
US00015,2026-06-10,US202605190013,39,19:30,20:00,班,on_duty
US00015,2026-06-10,US202605190013,40,20:00,20:30,班,on_duty
US00015,2026-06-10,US202605190013,41,20:30,21:00,班,on_duty
US00015,2026-06-10,US202605190013,42,21:00,21:30,班,on_duty
US00015,2026-06-10,US202605190013,43,21:30,22:00,班,on_duty
US00015,2026-06-11,US202507170004,32,16:00,16:30,班,on_duty
US00015,2026-06-11,US202507170004,33,16:30,17:00,班,on_duty
US00015,2026-06-11,US202507170004,34,17:00,17:30,班,on_duty
US00015,2026-06-11,US202507170004,35,17:30,18:00,班,on_duty
US00015,2026-06-11,US202507170004,36,18:00,18:30,休,rest
US00015,2026-06-11,US202507170004,37,18:30,19:00,休,rest
US00015,2026-06-11,US202507170004,38,19:00,19:30,班,on_duty
US00015,2026-06-11,US202507170004,39,19:30,20:00,班,on_duty
US00015,2026-06-11,US202507170004,40,20:00,20:30,班,on_duty
US00015,2026-06-11,US202507170004,41,20:30,21:00,班,on_duty
US00015,2026-06-11,US202507170004,42,21:00,21:30,班,on_duty
US00015,2026-06-11,US202507170004,43,21:30,22:00,班,on_duty
US00015,2026-06-11,US202508120003,12,06:00,06:30,班,on_duty
US00015,2026-06-11,US202508120003,13,06:30,07:00,班,on_duty
US00015,2026-06-11,US202508120003,14,07:00,07:30,班,on_duty
US00015,2026-06-11,US202508120003,15,07:30,08:00,班,on_duty
US00015,2026-06-11,US202508120003,16,08:00,08:30,班,on_duty
US00015,2026-06-11,US202508120003,17,08:30,09:00,休,rest
US00015,2026-06-11,US202508120003,18,09:00,09:30,休,rest
US00015,2026-06-11,US202508120003,19,09:30,10:00,班,on_duty
US00015,2026-06-11,US202508120003,20,10:00,10:30,班,on_duty
US00015,2026-06-11,US202508120003,21,10:30,11:00,班,on_duty
US00015,2026-06-11,US202508120003,22,11:00,11:30,班,on_duty
US00015,2026-06-11,US202508120003,23,11:30,12:00,班,on_duty
US00015,2026-06-11,US202508120003,24,12:00,12:30,班,on_duty
US00015,2026-06-11,US202508120003,25,12:30,13:00,班,on_duty
US00015,2026-06-11,US202508120003,26,13:00,13:30,班,on_duty
US00015,2026-06-11,US202508120003,27,13:30,14:00,班,on_duty
US00015,2026-06-11,US202601200011,12,06:00,06:30,班,on_duty
US00015,2026-06-11,US202601200011,13,06:30,07:00,班,on_duty
US00015,2026-06-11,US202601200011,14,07:00,07:30,班,on_duty
US00015,2026-06-11,US202601200011,15,07:30,08:00,班,on_duty
US00015,2026-06-11,US202601200011,16,08:00,08:30,班,on_duty
US00015,2026-06-11,US202601200011,17,08:30,09:00,班,on_duty
US00015,2026-06-11,US202601200011,18,09:00,09:30,班,on_duty
US00015,2026-06-11,US202601200011,19,09:30,10:00,班,on_duty
US00015,2026-06-11,US202601200011,20,10:00,10:30,休,rest
US00015,2026-06-11,US202601200011,21,10:30,11:00,休,rest
US00015,2026-06-11,US202601200011,22,11:00,11:30,班,on_duty
US00015,2026-06-11,US202601200011,23,11:30,12:00,班,on_duty
US00015,2026-06-11,US202601200011,24,12:00,12:30,班,on_duty
US00015,2026-06-11,US202601200011,25,12:30,13:00,班,on_duty
US00015,2026-06-11,US202601200011,26,13:00,13:30,班,on_duty
US00015,2026-06-11,US202601200011,27,13:30,14:00,班,on_duty
US00015,2026-06-11,US202602180010,28,14:00,14:30,班,on_duty
US00015,2026-06-11,US202602180010,29,14:30,15:00,班,on_duty
US00015,2026-06-11,US202602180010,30,15:00,15:30,班,on_duty
US00015,2026-06-11,US202602180010,31,15:30,16:00,班,on_duty
US00015,2026-06-11,US202602180010,32,16:00,16:30,班,on_duty
US00015,2026-06-11,US202602180010,33,16:30,17:00,班,on_duty
US00015,2026-06-11,US202602180010,34,17:00,17:30,休,rest
US00015,2026-06-11,US202602180010,35,17:30,18:00,休,rest
US00015,2026-06-11,US202602180010,36,18:00,18:30,班,on_duty
US00015,2026-06-11,US202602180010,37,18:30,19:00,班,on_duty
US00015,2026-06-11,US202602180010,38,19:00,19:30,班,on_duty
US00015,2026-06-11,US202602180010,39,19:30,20:00,班,on_duty
US00015,2026-06-11,US202602180010,40,20:00,20:30,班,on_duty
US00015,2026-06-11,US202602180010,41,20:30,21:00,班,on_duty
US00015,2026-06-11,US202602180010,42,21:00,21:30,班,on_duty
US00015,2026-06-11,US202602180010,43,21:30,22:00,班,on_duty
US00015,2026-06-11,US202603260001,12,06:00,06:30,班,on_duty
US00015,2026-06-11,US202603260001,13,06:30,07:00,班,on_duty
US00015,2026-06-11,US202603260001,14,07:00,07:30,班,on_duty
US00015,2026-06-11,US202603260001,15,07:30,08:00,班,on_duty
US00015,2026-06-11,US202603260001,16,08:00,08:30,班,on_duty
US00015,2026-06-11,US202603260001,17,08:30,09:00,班,on_duty
US00015,2026-06-11,US202603260001,18,09:00,09:30,班,on_duty
US00015,2026-06-11,US202603260001,19,09:30,10:00,休,rest
US00015,2026-06-11,US202603260001,20,10:00,10:30,休,rest
US00015,2026-06-11,US202603260001,21,10:30,11:00,班,on_duty
US00015,2026-06-11,US202603260001,22,11:00,11:30,班,on_duty
US00015,2026-06-11,US202603260001,23,11:30,12:00,班,on_duty
US00015,2026-06-11,US202603260001,24,12:00,12:30,班,on_duty
US00015,2026-06-11,US202603260001,25,12:30,13:00,班,on_duty
US00015,2026-06-11,US202603260001,26,13:00,13:30,班,on_duty
US00015,2026-06-11,US202603260001,27,13:30,14:00,班,on_duty
US00015,2026-06-11,US202605050003,28,14:00,14:30,班,on_duty
US00015,2026-06-11,US202605050003,29,14:30,15:00,班,on_duty
US00015,2026-06-11,US202605050003,30,15:00,15:30,班,on_duty
US00015,2026-06-11,US202605050003,31,15:30,16:00,班,on_duty
US00015,2026-06-11,US202605050003,32,16:00,16:30,班,on_duty
US00015,2026-06-11,US202605050003,33,16:30,17:00,休,rest
US00015,2026-06-11,US202605050003,34,17:00,17:30,休,rest
US00015,2026-06-11,US202605050003,35,17:30,18:00,班,on_duty
US00015,2026-06-11,US202605050003,36,18:00,18:30,班,on_duty
US00015,2026-06-11,US202605050003,37,18:30,19:00,班,on_duty
US00015,2026-06-11,US202605050003,38,19:00,19:30,班,on_duty
US00015,2026-06-11,US202605050003,39,19:30,20:00,班,on_duty
US00015,2026-06-11,US202605050003,40,20:00,20:30,班,on_duty
US00015,2026-06-11,US202605050003,41,20:30,21:00,班,on_duty
US00015,2026-06-11,US202605050003,42,21:00,21:30,班,on_duty
US00015,2026-06-11,US202605050003,43,21:30,22:00,班,on_duty
US00015,2026-06-11,US202605190006,12,06:00,06:30,班,on_duty
US00015,2026-06-11,US202605190006,13,06:30,07:00,班,on_duty
US00015,2026-06-11,US202605190006,14,07:00,07:30,班,on_duty
US00015,2026-06-11,US202605190006,15,07:30,08:00,班,on_duty
US00015,2026-06-11,US202605190006,16,08:00,08:30,班,on_duty
US00015,2026-06-11,US202605190006,17,08:30,09:00,班,on_duty
US00015,2026-06-11,US202605190006,18,09:00,09:30,休,rest
US00015,2026-06-11,US202605190006,19,09:30,10:00,休,rest
US00015,2026-06-11,US202605190006,20,10:00,10:30,班,on_duty
US00015,2026-06-11,US202605190006,21,10:30,11:00,班,on_duty
US00015,2026-06-11,US202605190006,22,11:00,11:30,班,on_duty
US00015,2026-06-11,US202605190006,23,11:30,12:00,班,on_duty
US00015,2026-06-11,US202605190006,24,12:00,12:30,班,on_duty
US00015,2026-06-11,US202605190006,25,12:30,13:00,班,on_duty
US00015,2026-06-11,US202605190006,26,13:00,13:30,班,on_duty
US00015,2026-06-11,US202605190006,27,13:30,14:00,班,on_duty
US00015,2026-06-11,US202605190013,28,14:00,14:30,班,on_duty
US00015,2026-06-11,US202605190013,29,14:30,15:00,班,on_duty
US00015,2026-06-11,US202605190013,30,15:00,15:30,班,on_duty
US00015,2026-06-11,US202605190013,31,15:30,16:00,班,on_duty
US00015,2026-06-11,US202605190013,32,16:00,16:30,班,on_duty
US00015,2026-06-11,US202605190013,33,16:30,17:00,班,on_duty
US00015,2026-06-11,US202605190013,34,17:00,17:30,班,on_duty
US00015,2026-06-11,US202605190013,35,17:30,18:00,休,rest
US00015,2026-06-11,US202605190013,36,18:00,18:30,休,rest
US00015,2026-06-11,US202605190013,37,18:30,19:00,班,on_duty
US00015,2026-06-11,US202605190013,38,19:00,19:30,班,on_duty
US00015,2026-06-11,US202605190013,39,19:30,20:00,班,on_duty
US00015,2026-06-11,US202605190013,40,20:00,20:30,班,on_duty
US00015,2026-06-11,US202605190013,41,20:30,21:00,班,on_duty
US00015,2026-06-11,US202605190013,42,21:00,21:30,班,on_duty
US00015,2026-06-11,US202605190013,43,21:30,22:00,班,on_duty
US00015,2026-06-12,US202507170004,32,16:00,16:30,班,on_duty
US00015,2026-06-12,US202507170004,33,16:30,17:00,班,on_duty
US00015,2026-06-12,US202507170004,34,17:00,17:30,班,on_duty
US00015,2026-06-12,US202507170004,35,17:30,18:00,班,on_duty
US00015,2026-06-12,US202507170004,36,18:00,18:30,休,rest
US00015,2026-06-12,US202507170004,37,18:30,19:00,休,rest
US00015,2026-06-12,US202507170004,38,19:00,19:30,班,on_duty
US00015,2026-06-12,US202507170004,39,19:30,20:00,班,on_duty
US00015,2026-06-12,US202507170004,40,20:00,20:30,班,on_duty
US00015,2026-06-12,US202507170004,41,20:30,21:00,班,on_duty
US00015,2026-06-12,US202507170004,42,21:00,21:30,班,on_duty
US00015,2026-06-12,US202507170004,43,21:30,22:00,班,on_duty
US00015,2026-06-12,US202508120003,12,06:00,06:30,班,on_duty
US00015,2026-06-12,US202508120003,13,06:30,07:00,班,on_duty
US00015,2026-06-12,US202508120003,14,07:00,07:30,班,on_duty
US00015,2026-06-12,US202508120003,15,07:30,08:00,班,on_duty
US00015,2026-06-12,US202508120003,16,08:00,08:30,班,on_duty
US00015,2026-06-12,US202508120003,17,08:30,09:00,班,on_duty
US00015,2026-06-12,US202508120003,18,09:00,09:30,休,rest
US00015,2026-06-12,US202508120003,19,09:30,10:00,休,rest
US00015,2026-06-12,US202508120003,20,10:00,10:30,班,on_duty
US00015,2026-06-12,US202508120003,21,10:30,11:00,班,on_duty
US00015,2026-06-12,US202508120003,22,11:00,11:30,班,on_duty
US00015,2026-06-12,US202508120003,23,11:30,12:00,班,on_duty
US00015,2026-06-12,US202508120003,24,12:00,12:30,班,on_duty
US00015,2026-06-12,US202508120003,25,12:30,13:00,班,on_duty
US00015,2026-06-12,US202508120003,26,13:00,13:30,班,on_duty
US00015,2026-06-12,US202508120003,27,13:30,14:00,班,on_duty
US00015,2026-06-12,US202510070006,28,14:00,14:30,班,on_duty
US00015,2026-06-12,US202510070006,29,14:30,15:00,班,on_duty
US00015,2026-06-12,US202510070006,30,15:00,15:30,班,on_duty
US00015,2026-06-12,US202510070006,31,15:30,16:00,班,on_duty
US00015,2026-06-12,US202510070006,32,16:00,16:30,班,on_duty
US00015,2026-06-12,US202510070006,33,16:30,17:00,班,on_duty
US00015,2026-06-12,US202510070006,34,17:00,17:30,班,on_duty
US00015,2026-06-12,US202510070006,35,17:30,18:00,休,rest
US00015,2026-06-12,US202510070006,36,18:00,18:30,休,rest
US00015,2026-06-12,US202510070006,37,18:30,19:00,班,on_duty
US00015,2026-06-12,US202510070006,38,19:00,19:30,班,on_duty
US00015,2026-06-12,US202510070006,39,19:30,20:00,班,on_duty
US00015,2026-06-12,US202510070006,40,20:00,20:30,班,on_duty
US00015,2026-06-12,US202510070006,41,20:30,21:00,班,on_duty
US00015,2026-06-12,US202510070006,42,21:00,21:30,班,on_duty
US00015,2026-06-12,US202510070006,43,21:30,22:00,班,on_duty
US00015,2026-06-12,US202601200011,12,06:00,06:30,班,on_duty
US00015,2026-06-12,US202601200011,13,06:30,07:00,班,on_duty
US00015,2026-06-12,US202601200011,14,07:00,07:30,班,on_duty
US00015,2026-06-12,US202601200011,15,07:30,08:00,班,on_duty
US00015,2026-06-12,US202601200011,16,08:00,08:30,班,on_duty
US00015,2026-06-12,US202601200011,17,08:30,09:00,班,on_duty
US00015,2026-06-12,US202601200011,18,09:00,09:30,班,on_duty
US00015,2026-06-12,US202601200011,19,09:30,10:00,班,on_duty
US00015,2026-06-12,US202601200011,20,10:00,10:30,休,rest
US00015,2026-06-12,US202601200011,21,10:30,11:00,休,rest
US00015,2026-06-12,US202601200011,22,11:00,11:30,班,on_duty
US00015,2026-06-12,US202601200011,23,11:30,12:00,班,on_duty
US00015,2026-06-12,US202601200011,24,12:00,12:30,班,on_duty
US00015,2026-06-12,US202601200011,25,12:30,13:00,班,on_duty
US00015,2026-06-12,US202601200011,26,13:00,13:30,班,on_duty
US00015,2026-06-12,US202601200011,27,13:30,14:00,班,on_duty
US00015,2026-06-12,US202605050003,28,14:00,14:30,班,on_duty
US00015,2026-06-12,US202605050003,29,14:30,15:00,班,on_duty
US00015,2026-06-12,US202605050003,30,15:00,15:30,班,on_duty
US00015,2026-06-12,US202605050003,31,15:30,16:00,班,on_duty
US00015,2026-06-12,US202605050003,32,16:00,16:30,班,on_duty
US00015,2026-06-12,US202605050003,33,16:30,17:00,休,rest
US00015,2026-06-12,US202605050003,34,17:00,17:30,休,rest
US00015,2026-06-12,US202605050003,35,17:30,18:00,班,on_duty
US00015,2026-06-12,US202605050003,36,18:00,18:30,班,on_duty
US00015,2026-06-12,US202605050003,37,18:30,19:00,班,on_duty
US00015,2026-06-12,US202605050003,38,19:00,19:30,班,on_duty
US00015,2026-06-12,US202605050003,39,19:30,20:00,班,on_duty
US00015,2026-06-12,US202605050003,40,20:00,20:30,班,on_duty
US00015,2026-06-12,US202605050003,41,20:30,21:00,班,on_duty
US00015,2026-06-12,US202605050003,42,21:00,21:30,班,on_duty
US00015,2026-06-12,US202605050003,43,21:30,22:00,班,on_duty
US00015,2026-06-12,US202605140001,12,06:00,06:30,班,on_duty
US00015,2026-06-12,US202605140001,13,06:30,07:00,班,on_duty
US00015,2026-06-12,US202605140001,14,07:00,07:30,班,on_duty
US00015,2026-06-12,US202605140001,15,07:30,08:00,班,on_duty
US00015,2026-06-12,US202605140001,16,08:00,08:30,班,on_duty
US00015,2026-06-12,US202605140001,17,08:30,09:00,休,rest
US00015,2026-06-12,US202605140001,18,09:00,09:30,休,rest
US00015,2026-06-12,US202605140001,19,09:30,10:00,班,on_duty
US00015,2026-06-12,US202605140001,20,10:00,10:30,班,on_duty
US00015,2026-06-12,US202605140001,21,10:30,11:00,班,on_duty
US00015,2026-06-12,US202605140001,22,11:00,11:30,班,on_duty
US00015,2026-06-12,US202605140001,23,11:30,12:00,班,on_duty
US00015,2026-06-12,US202605140001,24,12:00,12:30,班,on_duty
US00015,2026-06-12,US202605140001,25,12:30,13:00,班,on_duty
US00015,2026-06-12,US202605140001,26,13:00,13:30,班,on_duty
US00015,2026-06-12,US202605140001,27,13:30,14:00,班,on_duty
US00015,2026-06-12,US202605190006,12,06:00,06:30,班,on_duty
US00015,2026-06-12,US202605190006,13,06:30,07:00,班,on_duty
US00015,2026-06-12,US202605190006,14,07:00,07:30,班,on_duty
US00015,2026-06-12,US202605190006,15,07:30,08:00,班,on_duty
US00015,2026-06-12,US202605190006,16,08:00,08:30,班,on_duty
US00015,2026-06-12,US202605190006,17,08:30,09:00,班,on_duty
US00015,2026-06-12,US202605190006,18,09:00,09:30,班,on_duty
US00015,2026-06-12,US202605190006,19,09:30,10:00,休,rest
US00015,2026-06-12,US202605190006,20,10:00,10:30,休,rest
US00015,2026-06-12,US202605190006,21,10:30,11:00,班,on_duty
US00015,2026-06-12,US202605190006,22,11:00,11:30,班,on_duty
US00015,2026-06-12,US202605190006,23,11:30,12:00,班,on_duty
US00015,2026-06-12,US202605190006,24,12:00,12:30,班,on_duty
US00015,2026-06-12,US202605190006,25,12:30,13:00,班,on_duty
US00015,2026-06-12,US202605190006,26,13:00,13:30,班,on_duty
US00015,2026-06-12,US202605190006,27,13:30,14:00,班,on_duty
US00015,2026-06-12,US202605190013,28,14:00,14:30,班,on_duty
US00015,2026-06-12,US202605190013,29,14:30,15:00,班,on_duty
US00015,2026-06-12,US202605190013,30,15:00,15:30,班,on_duty
US00015,2026-06-12,US202605190013,31,15:30,16:00,班,on_duty
US00015,2026-06-12,US202605190013,32,16:00,16:30,班,on_duty
US00015,2026-06-12,US202605190013,33,16:30,17:00,班,on_duty
US00015,2026-06-12,US202605190013,34,17:00,17:30,休,rest
US00015,2026-06-12,US202605190013,35,17:30,18:00,休,rest
US00015,2026-06-12,US202605190013,36,18:00,18:30,班,on_duty
US00015,2026-06-12,US202605190013,37,18:30,19:00,班,on_duty
US00015,2026-06-12,US202605190013,38,19:00,19:30,班,on_duty
US00015,2026-06-12,US202605190013,39,19:30,20:00,班,on_duty
US00015,2026-06-12,US202605190013,40,20:00,20:30,班,on_duty
US00015,2026-06-12,US202605190013,41,20:30,21:00,班,on_duty
US00015,2026-06-12,US202605190013,42,21:00,21:30,班,on_duty
US00015,2026-06-12,US202605190013,43,21:30,22:00,班,on_duty
US00015,2026-06-13,US202510070006,28,14:00,14:30,班,on_duty
US00015,2026-06-13,US202510070006,29,14:30,15:00,班,on_duty
US00015,2026-06-13,US202510070006,30,15:00,15:30,班,on_duty
US00015,2026-06-13,US202510070006,31,15:30,16:00,班,on_duty
US00015,2026-06-13,US202510070006,32,16:00,16:30,班,on_duty
US00015,2026-06-13,US202510070006,33,16:30,17:00,班,on_duty
US00015,2026-06-13,US202510070006,34,17:00,17:30,休,rest
US00015,2026-06-13,US202510070006,35,17:30,18:00,休,rest
US00015,2026-06-13,US202510070006,36,18:00,18:30,班,on_duty
US00015,2026-06-13,US202510070006,37,18:30,19:00,班,on_duty
US00015,2026-06-13,US202510070006,38,19:00,19:30,班,on_duty
US00015,2026-06-13,US202510070006,39,19:30,20:00,班,on_duty
US00015,2026-06-13,US202510070006,40,20:00,20:30,班,on_duty
US00015,2026-06-13,US202510070006,41,20:30,21:00,班,on_duty
US00015,2026-06-13,US202510070006,42,21:00,21:30,班,on_duty
US00015,2026-06-13,US202510070006,43,21:30,22:00,班,on_duty
US00015,2026-06-13,US202601200011,12,06:00,06:30,班,on_duty
US00015,2026-06-13,US202601200011,13,06:30,07:00,班,on_duty
US00015,2026-06-13,US202601200011,14,07:00,07:30,班,on_duty
US00015,2026-06-13,US202601200011,15,07:30,08:00,班,on_duty
US00015,2026-06-13,US202601200011,16,08:00,08:30,班,on_duty
US00015,2026-06-13,US202601200011,17,08:30,09:00,休,rest
US00015,2026-06-13,US202601200011,18,09:00,09:30,休,rest
US00015,2026-06-13,US202601200011,19,09:30,10:00,班,on_duty
US00015,2026-06-13,US202601200011,20,10:00,10:30,班,on_duty
US00015,2026-06-13,US202601200011,21,10:30,11:00,班,on_duty
US00015,2026-06-13,US202601200011,22,11:00,11:30,班,on_duty
US00015,2026-06-13,US202601200011,23,11:30,12:00,班,on_duty
US00015,2026-06-13,US202601200011,24,12:00,12:30,班,on_duty
US00015,2026-06-13,US202601200011,25,12:30,13:00,班,on_duty
US00015,2026-06-13,US202601200011,26,13:00,13:30,班,on_duty
US00015,2026-06-13,US202601200011,27,13:30,14:00,班,on_duty
US00015,2026-06-13,US202602180010,28,14:00,14:30,班,on_duty
US00015,2026-06-13,US202602180010,29,14:30,15:00,班,on_duty
US00015,2026-06-13,US202602180010,30,15:00,15:30,班,on_duty
US00015,2026-06-13,US202602180010,31,15:30,16:00,班,on_duty
US00015,2026-06-13,US202602180010,32,16:00,16:30,班,on_duty
US00015,2026-06-13,US202602180010,33,16:30,17:00,休,rest
US00015,2026-06-13,US202602180010,34,17:00,17:30,休,rest
US00015,2026-06-13,US202602180010,35,17:30,18:00,班,on_duty
US00015,2026-06-13,US202602180010,36,18:00,18:30,班,on_duty
US00015,2026-06-13,US202602180010,37,18:30,19:00,班,on_duty
US00015,2026-06-13,US202602180010,38,19:00,19:30,班,on_duty
US00015,2026-06-13,US202602180010,39,19:30,20:00,班,on_duty
US00015,2026-06-13,US202602180010,40,20:00,20:30,班,on_duty
US00015,2026-06-13,US202602180010,41,20:30,21:00,班,on_duty
US00015,2026-06-13,US202602180010,42,21:00,21:30,班,on_duty
US00015,2026-06-13,US202602180010,43,21:30,22:00,班,on_duty
US00015,2026-06-13,US202603260001,12,06:00,06:30,班,on_duty
US00015,2026-06-13,US202603260001,13,06:30,07:00,班,on_duty
US00015,2026-06-13,US202603260001,14,07:00,07:30,班,on_duty
US00015,2026-06-13,US202603260001,15,07:30,08:00,班,on_duty
US00015,2026-06-13,US202603260001,16,08:00,08:30,班,on_duty
US00015,2026-06-13,US202603260001,17,08:30,09:00,班,on_duty
US00015,2026-06-13,US202603260001,18,09:00,09:30,休,rest
US00015,2026-06-13,US202603260001,19,09:30,10:00,休,rest
US00015,2026-06-13,US202603260001,20,10:00,10:30,班,on_duty
US00015,2026-06-13,US202603260001,21,10:30,11:00,班,on_duty
US00015,2026-06-13,US202603260001,22,11:00,11:30,班,on_duty
US00015,2026-06-13,US202603260001,23,11:30,12:00,班,on_duty
US00015,2026-06-13,US202603260001,24,12:00,12:30,班,on_duty
US00015,2026-06-13,US202603260001,25,12:30,13:00,班,on_duty
US00015,2026-06-13,US202603260001,26,13:00,13:30,班,on_duty
US00015,2026-06-13,US202603260001,27,13:30,14:00,班,on_duty
US00015,2026-06-13,US202605050003,28,14:00,14:30,班,on_duty
US00015,2026-06-13,US202605050003,29,14:30,15:00,班,on_duty
US00015,2026-06-13,US202605050003,30,15:00,15:30,班,on_duty
US00015,2026-06-13,US202605050003,31,15:30,16:00,班,on_duty
US00015,2026-06-13,US202605050003,32,16:00,16:30,班,on_duty
US00015,2026-06-13,US202605050003,33,16:30,17:00,班,on_duty
US00015,2026-06-13,US202605050003,34,17:00,17:30,班,on_duty
US00015,2026-06-13,US202605050003,35,17:30,18:00,班,on_duty
US00015,2026-06-13,US202605050003,36,18:00,18:30,休,rest
US00015,2026-06-13,US202605050003,37,18:30,19:00,休,rest
US00015,2026-06-13,US202605050003,38,19:00,19:30,班,on_duty
US00015,2026-06-13,US202605050003,39,19:30,20:00,班,on_duty
US00015,2026-06-13,US202605050003,40,20:00,20:30,班,on_duty
US00015,2026-06-13,US202605050003,41,20:30,21:00,班,on_duty
US00015,2026-06-13,US202605050003,42,21:00,21:30,班,on_duty
US00015,2026-06-13,US202605050003,43,21:30,22:00,班,on_duty
US00015,2026-06-13,US202605190006,12,06:00,06:30,班,on_duty
US00015,2026-06-13,US202605190006,13,06:30,07:00,班,on_duty
US00015,2026-06-13,US202605190006,14,07:00,07:30,班,on_duty
US00015,2026-06-13,US202605190006,15,07:30,08:00,班,on_duty
US00015,2026-06-13,US202605190006,16,08:00,08:30,班,on_duty
US00015,2026-06-13,US202605190006,17,08:30,09:00,班,on_duty
US00015,2026-06-13,US202605190006,18,09:00,09:30,班,on_duty
US00015,2026-06-13,US202605190006,19,09:30,10:00,班,on_duty
US00015,2026-06-13,US202605190006,20,10:00,10:30,休,rest
US00015,2026-06-13,US202605190006,21,10:30,11:00,休,rest
US00015,2026-06-13,US202605190006,22,11:00,11:30,班,on_duty
US00015,2026-06-13,US202605190006,23,11:30,12:00,班,on_duty
US00015,2026-06-13,US202605190006,24,12:00,12:30,班,on_duty
US00015,2026-06-13,US202605190006,25,12:30,13:00,班,on_duty
US00015,2026-06-13,US202605190006,26,13:00,13:30,班,on_duty
US00015,2026-06-13,US202605190006,27,13:30,14:00,班,on_duty
US00015,2026-06-14,US202507170004,12,06:00,06:30,班,on_duty
US00015,2026-06-14,US202507170004,13,06:30,07:00,班,on_duty
US00015,2026-06-14,US202507170004,14,07:00,07:30,班,on_duty
US00015,2026-06-14,US202507170004,15,07:30,08:00,班,on_duty
US00015,2026-06-14,US202507170004,16,08:00,08:30,班,on_duty
US00015,2026-06-14,US202507170004,17,08:30,09:00,班,on_duty
US00015,2026-06-14,US202507170004,18,09:00,09:30,班,on_duty
US00015,2026-06-14,US202507170004,19,09:30,10:00,班,on_duty
US00015,2026-06-14,US202507170004,20,10:00,10:30,休,rest
US00015,2026-06-14,US202507170004,21,10:30,11:00,休,rest
US00015,2026-06-14,US202507170004,22,11:00,11:30,班,on_duty
US00015,2026-06-14,US202507170004,23,11:30,12:00,班,on_duty
US00015,2026-06-14,US202507170004,24,12:00,12:30,班,on_duty
US00015,2026-06-14,US202507170004,25,12:30,13:00,班,on_duty
US00015,2026-06-14,US202508120003,12,06:00,06:30,班,on_duty
US00015,2026-06-14,US202508120003,13,06:30,07:00,班,on_duty
US00015,2026-06-14,US202508120003,14,07:00,07:30,班,on_duty
US00015,2026-06-14,US202508120003,15,07:30,08:00,班,on_duty
US00015,2026-06-14,US202508120003,16,08:00,08:30,班,on_duty
US00015,2026-06-14,US202508120003,17,08:30,09:00,班,on_duty
US00015,2026-06-14,US202508120003,18,09:00,09:30,班,on_duty
US00015,2026-06-14,US202508120003,19,09:30,10:00,班,on_duty
US00015,2026-06-14,US202508120003,20,10:00,10:30,班,on_duty
US00015,2026-06-14,US202508120003,21,10:30,11:00,休,rest
US00015,2026-06-14,US202508120003,22,11:00,11:30,休,rest
US00015,2026-06-14,US202508120003,23,11:30,12:00,班,on_duty
US00015,2026-06-14,US202508120003,24,12:00,12:30,班,on_duty
US00015,2026-06-14,US202508120003,25,12:30,13:00,班,on_duty
US00015,2026-06-14,US202508120003,26,13:00,13:30,班,on_duty
US00015,2026-06-14,US202508120003,27,13:30,14:00,班,on_duty
US00015,2026-06-14,US202601200011,28,14:00,14:30,班,on_duty
US00015,2026-06-14,US202601200011,29,14:30,15:00,班,on_duty
US00015,2026-06-14,US202601200011,30,15:00,15:30,班,on_duty
US00015,2026-06-14,US202601200011,31,15:30,16:00,班,on_duty
US00015,2026-06-14,US202601200011,32,16:00,16:30,班,on_duty
US00015,2026-06-14,US202601200011,33,16:30,17:00,班,on_duty
US00015,2026-06-14,US202601200011,34,17:00,17:30,休,rest
US00015,2026-06-14,US202601200011,35,17:30,18:00,休,rest
US00015,2026-06-14,US202601200011,36,18:00,18:30,班,on_duty
US00015,2026-06-14,US202601200011,37,18:30,19:00,班,on_duty
US00015,2026-06-14,US202601200011,38,19:00,19:30,班,on_duty
US00015,2026-06-14,US202601200011,39,19:30,20:00,班,on_duty
US00015,2026-06-14,US202601200011,40,20:00,20:30,班,on_duty
US00015,2026-06-14,US202601200011,41,20:30,21:00,班,on_duty
US00015,2026-06-14,US202601200011,42,21:00,21:30,班,on_duty
US00015,2026-06-14,US202601200011,43,21:30,22:00,班,on_duty
US00015,2026-06-14,US202602180010,28,14:00,14:30,班,on_duty
US00015,2026-06-14,US202602180010,29,14:30,15:00,班,on_duty
US00015,2026-06-14,US202602180010,30,15:00,15:30,班,on_duty
US00015,2026-06-14,US202602180010,31,15:30,16:00,班,on_duty
US00015,2026-06-14,US202602180010,32,16:00,16:30,班,on_duty
US00015,2026-06-14,US202602180010,33,16:30,17:00,休,rest
US00015,2026-06-14,US202602180010,34,17:00,17:30,休,rest
US00015,2026-06-14,US202602180010,35,17:30,18:00,班,on_duty
US00015,2026-06-14,US202602180010,36,18:00,18:30,班,on_duty
US00015,2026-06-14,US202602180010,37,18:30,19:00,班,on_duty
US00015,2026-06-14,US202602180010,38,19:00,19:30,班,on_duty
US00015,2026-06-14,US202602180010,39,19:30,20:00,班,on_duty
US00015,2026-06-14,US202602180010,40,20:00,20:30,班,on_duty
US00015,2026-06-14,US202602180010,41,20:30,21:00,班,on_duty
US00015,2026-06-14,US202602180010,42,21:00,21:30,班,on_duty
US00015,2026-06-14,US202602180010,43,21:30,22:00,班,on_duty
US00015,2026-06-14,US202603260001,20,10:00,10:30,班,on_duty
US00015,2026-06-14,US202603260001,21,10:30,11:00,班,on_duty
US00015,2026-06-14,US202603260001,22,11:00,11:30,班,on_duty
US00015,2026-06-14,US202603260001,23,11:30,12:00,班,on_duty
US00015,2026-06-14,US202603260001,24,12:00,12:30,班,on_duty
US00015,2026-06-14,US202603260001,25,12:30,13:00,班,on_duty
US00015,2026-06-14,US202603260001,26,13:00,13:30,班,on_duty
US00015,2026-06-14,US202603260001,27,13:30,14:00,班,on_duty
US00015,2026-06-14,US202603260001,28,14:00,14:30,休,rest
US00015,2026-06-14,US202603260001,29,14:30,15:00,班,on_duty
US00015,2026-06-14,US202603260001,30,15:00,15:30,班,on_duty
US00015,2026-06-14,US202603260001,31,15:30,16:00,班,on_duty
US00015,2026-06-14,US202603260001,32,16:00,16:30,班,on_duty
US00015,2026-06-14,US202603260001,33,16:30,17:00,班,on_duty
US00015,2026-06-14,US202603260001,34,17:00,17:30,班,on_duty
US00015,2026-06-14,US202603260001,35,17:30,18:00,班,on_duty
US00018,2026-06-08,US202506160009,12,06:00,06:30,班,on_duty
US00018,2026-06-08,US202506160009,13,06:30,07:00,班,on_duty
US00018,2026-06-08,US202506160009,14,07:00,07:30,班,on_duty
US00018,2026-06-08,US202506160009,15,07:30,08:00,班,on_duty
US00018,2026-06-08,US202506160009,16,08:00,08:30,班,on_duty
US00018,2026-06-08,US202506160009,17,08:30,09:00,休,rest
US00018,2026-06-08,US202506160009,18,09:00,09:30,休,rest
US00018,2026-06-08,US202506160009,19,09:30,10:00,班,on_duty
US00018,2026-06-08,US202506160009,20,10:00,10:30,班,on_duty
US00018,2026-06-08,US202506160009,21,10:30,11:00,班,on_duty
US00018,2026-06-08,US202506160009,22,11:00,11:30,班,on_duty
US00018,2026-06-08,US202506160009,23,11:30,12:00,班,on_duty
US00018,2026-06-08,US202506160009,24,12:00,12:30,班,on_duty
US00018,2026-06-08,US202506160009,25,12:30,13:00,班,on_duty
US00018,2026-06-08,US202506160009,26,13:00,13:30,班,on_duty
US00018,2026-06-08,US202506160009,27,13:30,14:00,班,on_duty
US00018,2026-06-08,US202506160009,28,14:00,14:30,班,on_duty
US00018,2026-06-08,US202507280003,17,08:30,09:00,班,on_duty
US00018,2026-06-08,US202507280003,18,09:00,09:30,班,on_duty
US00018,2026-06-08,US202507280003,19,09:30,10:00,班,on_duty
US00018,2026-06-08,US202507280003,20,10:00,10:30,班,on_duty
US00018,2026-06-08,US202507280003,21,10:30,11:00,班,on_duty
US00018,2026-06-08,US202507280003,22,11:00,11:30,班,on_duty
US00018,2026-06-08,US202507280003,23,11:30,12:00,班,on_duty
US00018,2026-06-08,US202507280003,24,12:00,12:30,班,on_duty
US00018,2026-06-08,US202507280003,25,12:30,13:00,班,on_duty
US00018,2026-06-08,US202507280003,26,13:00,13:30,休,rest
US00018,2026-06-08,US202507280003,27,13:30,14:00,班,on_duty
US00018,2026-06-08,US202507280003,28,14:00,14:30,班,on_duty
US00018,2026-06-08,US202507280003,29,14:30,15:00,班,on_duty
US00018,2026-06-08,US202507280003,30,15:00,15:30,班,on_duty
US00018,2026-06-08,US202507280003,31,15:30,16:00,班,on_duty
US00018,2026-06-08,US202507280003,32,16:00,16:30,班,on_duty
US00018,2026-06-08,US202507280003,33,16:30,17:00,班,on_duty
US00018,2026-06-08,US202509230010,28,14:00,14:30,班,on_duty
US00018,2026-06-08,US202509230010,29,14:30,15:00,班,on_duty
US00018,2026-06-08,US202509230010,30,15:00,15:30,班,on_duty
US00018,2026-06-08,US202509230010,31,15:30,16:00,班,on_duty
US00018,2026-06-08,US202509230010,32,16:00,16:30,班,on_duty
US00018,2026-06-08,US202509230010,33,16:30,17:00,班,on_duty
US00018,2026-06-08,US202509230010,34,17:00,17:30,班,on_duty
US00018,2026-06-08,US202509230010,35,17:30,18:00,班,on_duty
US00018,2026-06-08,US202509230010,36,18:00,18:30,班,on_duty
US00018,2026-06-08,US202509230010,37,18:30,19:00,班,on_duty
US00018,2026-06-08,US202509230010,38,19:00,19:30,休,rest
US00018,2026-06-08,US202509230010,39,19:30,20:00,休,rest
US00018,2026-06-08,US202509230010,40,20:00,20:30,班,on_duty
US00018,2026-06-08,US202509230010,41,20:30,21:00,班,on_duty
US00018,2026-06-08,US202509230010,42,21:00,21:30,班,on_duty
US00018,2026-06-08,US202509230010,43,21:30,22:00,班,on_duty
US00018,2026-06-08,US202509230010,44,22:00,22:30,班,on_duty
US00018,2026-06-08,US202511180002,30,15:00,15:30,班,on_duty
US00018,2026-06-08,US202511180002,31,15:30,16:00,班,on_duty
US00018,2026-06-08,US202511180002,32,16:00,16:30,班,on_duty
US00018,2026-06-08,US202511180002,33,16:30,17:00,班,on_duty
US00018,2026-06-08,US202511180002,34,17:00,17:30,班,on_duty
US00018,2026-06-08,US202511180002,35,17:30,18:00,休,rest
US00018,2026-06-08,US202511180002,36,18:00,18:30,休,rest
US00018,2026-06-08,US202511180002,37,18:30,19:00,班,on_duty
US00018,2026-06-08,US202511180002,38,19:00,19:30,班,on_duty
US00018,2026-06-08,US202511180002,39,19:30,20:00,班,on_duty
US00018,2026-06-08,US202511180002,40,20:00,20:30,班,on_duty
US00018,2026-06-08,US202511180002,41,20:30,21:00,班,on_duty
US00018,2026-06-08,US202511180002,42,21:00,21:30,班,on_duty
US00018,2026-06-08,US202511180002,43,21:30,22:00,班,on_duty
US00018,2026-06-08,US202511180002,44,22:00,22:30,班,on_duty
US00018,2026-06-08,US202603100001,12,06:00,06:30,班,on_duty
US00018,2026-06-08,US202603100001,13,06:30,07:00,班,on_duty
US00018,2026-06-08,US202603100001,14,07:00,07:30,班,on_duty
US00018,2026-06-08,US202603100001,15,07:30,08:00,班,on_duty
US00018,2026-06-08,US202603100001,16,08:00,08:30,班,on_duty
US00018,2026-06-08,US202603100001,17,08:30,09:00,班,on_duty
US00018,2026-06-08,US202603100001,18,09:00,09:30,休,rest
US00018,2026-06-08,US202603100001,19,09:30,10:00,休,rest
US00018,2026-06-08,US202603100001,20,10:00,10:30,班,on_duty
US00018,2026-06-08,US202603100001,21,10:30,11:00,班,on_duty
US00018,2026-06-08,US202603100001,22,11:00,11:30,班,on_duty
US00018,2026-06-08,US202603100001,23,11:30,12:00,班,on_duty
US00018,2026-06-08,US202603100001,24,12:00,12:30,班,on_duty
US00018,2026-06-08,US202603100001,25,12:30,13:00,班,on_duty
US00018,2026-06-08,US202603100001,26,13:00,13:30,班,on_duty
US00018,2026-06-08,US202603100001,27,13:30,14:00,班,on_duty
US00018,2026-06-08,US202603100001,28,14:00,14:30,班,on_duty
US00018,2026-06-08,US202605190002,28,14:00,14:30,班,on_duty
US00018,2026-06-08,US202605190002,29,14:30,15:00,班,on_duty
US00018,2026-06-08,US202605190002,30,15:00,15:30,班,on_duty
US00018,2026-06-08,US202605190002,31,15:30,16:00,班,on_duty
US00018,2026-06-08,US202605190002,32,16:00,16:30,班,on_duty
US00018,2026-06-08,US202605190002,33,16:30,17:00,班,on_duty
US00018,2026-06-08,US202605190002,34,17:00,17:30,班,on_duty
US00018,2026-06-08,US202605190002,35,17:30,18:00,班,on_duty
US00018,2026-06-08,US202605190002,36,18:00,18:30,休,rest
US00018,2026-06-08,US202605190002,37,18:30,19:00,休,rest
US00018,2026-06-08,US202605190002,38,19:00,19:30,班,on_duty
US00018,2026-06-08,US202605190002,39,19:30,20:00,班,on_duty
US00018,2026-06-08,US202605190002,40,20:00,20:30,班,on_duty
US00018,2026-06-08,US202605190002,41,20:30,21:00,班,on_duty
US00018,2026-06-08,US202605190002,42,21:00,21:30,班,on_duty
US00018,2026-06-08,US202605190002,43,21:30,22:00,班,on_duty
US00018,2026-06-08,US202605190002,44,22:00,22:30,班,on_duty
US00018,2026-06-09,US202509160007,12,06:00,06:30,班,on_duty
US00018,2026-06-09,US202509160007,13,06:30,07:00,班,on_duty
US00018,2026-06-09,US202509160007,14,07:00,07:30,班,on_duty
US00018,2026-06-09,US202509160007,15,07:30,08:00,班,on_duty
US00018,2026-06-09,US202509160007,16,08:00,08:30,班,on_duty
US00018,2026-06-09,US202509160007,17,08:30,09:00,班,on_duty
US00018,2026-06-09,US202509160007,18,09:00,09:30,班,on_duty
US00018,2026-06-09,US202509160007,19,09:30,10:00,班,on_duty
US00018,2026-06-09,US202509160007,20,10:00,10:30,休,rest
US00018,2026-06-09,US202509160007,21,10:30,11:00,休,rest
US00018,2026-06-09,US202509160007,22,11:00,11:30,班,on_duty
US00018,2026-06-09,US202509160007,23,11:30,12:00,班,on_duty
US00018,2026-06-09,US202509160007,24,12:00,12:30,班,on_duty
US00018,2026-06-09,US202509160007,25,12:30,13:00,班,on_duty
US00018,2026-06-09,US202509160007,26,13:00,13:30,班,on_duty
US00018,2026-06-09,US202509230010,28,14:00,14:30,班,on_duty
US00018,2026-06-09,US202509230010,29,14:30,15:00,班,on_duty
US00018,2026-06-09,US202509230010,30,15:00,15:30,班,on_duty
US00018,2026-06-09,US202509230010,31,15:30,16:00,班,on_duty
US00018,2026-06-09,US202509230010,32,16:00,16:30,班,on_duty
US00018,2026-06-09,US202509230010,33,16:30,17:00,班,on_duty
US00018,2026-06-09,US202509230010,34,17:00,17:30,休,rest
US00018,2026-06-09,US202509230010,35,17:30,18:00,休,rest
US00018,2026-06-09,US202509230010,36,18:00,18:30,班,on_duty
US00018,2026-06-09,US202509230010,37,18:30,19:00,班,on_duty
US00018,2026-06-09,US202509230010,38,19:00,19:30,班,on_duty
US00018,2026-06-09,US202509230010,39,19:30,20:00,班,on_duty
US00018,2026-06-09,US202509230010,40,20:00,20:30,班,on_duty
US00018,2026-06-09,US202509230010,41,20:30,21:00,班,on_duty
US00018,2026-06-09,US202509230010,42,21:00,21:30,班,on_duty
US00018,2026-06-09,US202509230010,43,21:30,22:00,班,on_duty
US00018,2026-06-09,US202509230010,44,22:00,22:30,班,on_duty
US00018,2026-06-09,US202510140003,19,09:30,10:00,班,on_duty
US00018,2026-06-09,US202510140003,20,10:00,10:30,班,on_duty
US00018,2026-06-09,US202510140003,21,10:30,11:00,班,on_duty
US00018,2026-06-09,US202510140003,22,11:00,11:30,班,on_duty
US00018,2026-06-09,US202510140003,23,11:30,12:00,班,on_duty
US00018,2026-06-09,US202510140003,24,12:00,12:30,班,on_duty
US00018,2026-06-09,US202510140003,25,12:30,13:00,班,on_duty
US00018,2026-06-09,US202510140003,26,13:00,13:30,休,rest
US00018,2026-06-09,US202510140003,27,13:30,14:00,班,on_duty
US00018,2026-06-09,US202510140003,28,14:00,14:30,班,on_duty
US00018,2026-06-09,US202510140003,29,14:30,15:00,班,on_duty
US00018,2026-06-09,US202510140003,30,15:00,15:30,班,on_duty
US00018,2026-06-09,US202510140003,31,15:30,16:00,班,on_duty
US00018,2026-06-09,US202510140003,32,16:00,16:30,班,on_duty
US00018,2026-06-09,US202510140003,33,16:30,17:00,班,on_duty
US00018,2026-06-09,US202511180002,30,15:00,15:30,班,on_duty
US00018,2026-06-09,US202511180002,31,15:30,16:00,班,on_duty
US00018,2026-06-09,US202511180002,32,16:00,16:30,班,on_duty
US00018,2026-06-09,US202511180002,33,16:30,17:00,班,on_duty
US00018,2026-06-09,US202511180002,34,17:00,17:30,班,on_duty
US00018,2026-06-09,US202511180002,35,17:30,18:00,班,on_duty
US00018,2026-06-09,US202511180002,36,18:00,18:30,班,on_duty
US00018,2026-06-09,US202511180002,37,18:30,19:00,休,rest
US00018,2026-06-09,US202511180002,38,19:00,19:30,休,rest
US00018,2026-06-09,US202511180002,39,19:30,20:00,班,on_duty
US00018,2026-06-09,US202511180002,40,20:00,20:30,班,on_duty
US00018,2026-06-09,US202511180002,41,20:30,21:00,班,on_duty
US00018,2026-06-09,US202511180002,42,21:00,21:30,班,on_duty
US00018,2026-06-09,US202511180002,43,21:30,22:00,班,on_duty
US00018,2026-06-09,US202511180002,44,22:00,22:30,班,on_duty
US00018,2026-06-09,US202603260010,12,06:00,06:30,班,on_duty
US00018,2026-06-09,US202603260010,13,06:30,07:00,班,on_duty
US00018,2026-06-09,US202603260010,14,07:00,07:30,班,on_duty
US00018,2026-06-09,US202603260010,15,07:30,08:00,班,on_duty
US00018,2026-06-09,US202603260010,16,08:00,08:30,班,on_duty
US00018,2026-06-09,US202603260010,17,08:30,09:00,班,on_duty
US00018,2026-06-09,US202603260010,18,09:00,09:30,班,on_duty
US00018,2026-06-09,US202603260010,19,09:30,10:00,休,rest
US00018,2026-06-09,US202603260010,20,10:00,10:30,休,rest
US00018,2026-06-09,US202603260010,21,10:30,11:00,班,on_duty
US00018,2026-06-09,US202603260010,22,11:00,11:30,班,on_duty
US00018,2026-06-09,US202603260010,23,11:30,12:00,班,on_duty
US00018,2026-06-09,US202603260010,24,12:00,12:30,班,on_duty
US00018,2026-06-09,US202603260010,25,12:30,13:00,班,on_duty
US00018,2026-06-09,US202603260010,26,13:00,13:30,班,on_duty
US00018,2026-06-09,US202603260010,27,13:30,14:00,班,on_duty
US00018,2026-06-09,US202603260010,28,14:00,14:30,班,on_duty
US00018,2026-06-09,US202605260007,28,14:00,14:30,班,on_duty
US00018,2026-06-09,US202605260007,29,14:30,15:00,班,on_duty
US00018,2026-06-09,US202605260007,30,15:00,15:30,班,on_duty
US00018,2026-06-09,US202605260007,31,15:30,16:00,班,on_duty
US00018,2026-06-09,US202605260007,32,16:00,16:30,班,on_duty
US00018,2026-06-09,US202605260007,33,16:30,17:00,班,on_duty
US00018,2026-06-09,US202605260007,34,17:00,17:30,班,on_duty
US00018,2026-06-09,US202605260007,35,17:30,18:00,休,rest
US00018,2026-06-09,US202605260007,36,18:00,18:30,休,rest
US00018,2026-06-09,US202605260007,37,18:30,19:00,班,on_duty
US00018,2026-06-09,US202605260007,38,19:00,19:30,班,on_duty
US00018,2026-06-09,US202605260007,39,19:30,20:00,班,on_duty
US00018,2026-06-09,US202605260007,40,20:00,20:30,班,on_duty
US00018,2026-06-09,US202605260007,41,20:30,21:00,班,on_duty
US00018,2026-06-09,US202605260007,42,21:00,21:30,班,on_duty
US00018,2026-06-09,US202605260007,43,21:30,22:00,班,on_duty
US00018,2026-06-09,US202605260007,44,22:00,22:30,班,on_duty
US00018,2026-06-10,US202506160009,12,06:00,06:30,班,on_duty
US00018,2026-06-10,US202506160009,13,06:30,07:00,班,on_duty
US00018,2026-06-10,US202506160009,14,07:00,07:30,班,on_duty
US00018,2026-06-10,US202506160009,15,07:30,08:00,班,on_duty
US00018,2026-06-10,US202506160009,16,08:00,08:30,班,on_duty
US00018,2026-06-10,US202506160009,17,08:30,09:00,班,on_duty
US00018,2026-06-10,US202506160009,18,09:00,09:30,班,on_duty
US00018,2026-06-10,US202506160009,19,09:30,10:00,班,on_duty
US00018,2026-06-10,US202506160009,20,10:00,10:30,休,rest
US00018,2026-06-10,US202506160009,21,10:30,11:00,休,rest
US00018,2026-06-10,US202506160009,22,11:00,11:30,班,on_duty
US00018,2026-06-10,US202506160009,23,11:30,12:00,班,on_duty
US00018,2026-06-10,US202506160009,24,12:00,12:30,班,on_duty
US00018,2026-06-10,US202506160009,25,12:30,13:00,班,on_duty
US00018,2026-06-10,US202506160009,26,13:00,13:30,班,on_duty
US00018,2026-06-10,US202506160009,27,13:30,14:00,班,on_duty
US00018,2026-06-10,US202506160009,28,14:00,14:30,班,on_duty
US00018,2026-06-10,US202509160007,30,15:00,15:30,班,on_duty
US00018,2026-06-10,US202509160007,31,15:30,16:00,班,on_duty
US00018,2026-06-10,US202509160007,32,16:00,16:30,班,on_duty
US00018,2026-06-10,US202509160007,33,16:30,17:00,班,on_duty
US00018,2026-06-10,US202509160007,34,17:00,17:30,班,on_duty
US00018,2026-06-10,US202509160007,35,17:30,18:00,班,on_duty
US00018,2026-06-10,US202509160007,36,18:00,18:30,班,on_duty
US00018,2026-06-10,US202509160007,37,18:30,19:00,休,rest
US00018,2026-06-10,US202509160007,38,19:00,19:30,休,rest
US00018,2026-06-10,US202509160007,39,19:30,20:00,班,on_duty
US00018,2026-06-10,US202509160007,40,20:00,20:30,班,on_duty
US00018,2026-06-10,US202509160007,41,20:30,21:00,班,on_duty
US00018,2026-06-10,US202509160007,42,21:00,21:30,班,on_duty
US00018,2026-06-10,US202509160007,43,21:30,22:00,班,on_duty
US00018,2026-06-10,US202509160007,44,22:00,22:30,班,on_duty
US00018,2026-06-10,US202509230010,28,14:00,14:30,班,on_duty
US00018,2026-06-10,US202509230010,29,14:30,15:00,班,on_duty
US00018,2026-06-10,US202509230010,30,15:00,15:30,班,on_duty
US00018,2026-06-10,US202509230010,31,15:30,16:00,班,on_duty
US00018,2026-06-10,US202509230010,32,16:00,16:30,班,on_duty
US00018,2026-06-10,US202509230010,33,16:30,17:00,班,on_duty
US00018,2026-06-10,US202509230010,34,17:00,17:30,休,rest
US00018,2026-06-10,US202509230010,35,17:30,18:00,休,rest
US00018,2026-06-10,US202509230010,36,18:00,18:30,班,on_duty
US00018,2026-06-10,US202509230010,37,18:30,19:00,班,on_duty
US00018,2026-06-10,US202509230010,38,19:00,19:30,班,on_duty
US00018,2026-06-10,US202509230010,39,19:30,20:00,班,on_duty
US00018,2026-06-10,US202509230010,40,20:00,20:30,班,on_duty
US00018,2026-06-10,US202509230010,41,20:30,21:00,班,on_duty
US00018,2026-06-10,US202509230010,42,21:00,21:30,班,on_duty
US00018,2026-06-10,US202509230010,43,21:30,22:00,班,on_duty
US00018,2026-06-10,US202509230010,44,22:00,22:30,班,on_duty
US00018,2026-06-10,US202510140003,19,09:30,10:00,班,on_duty
US00018,2026-06-10,US202510140003,20,10:00,10:30,班,on_duty
US00018,2026-06-10,US202510140003,21,10:30,11:00,班,on_duty
US00018,2026-06-10,US202510140003,22,11:00,11:30,班,on_duty
US00018,2026-06-10,US202510140003,23,11:30,12:00,班,on_duty
US00018,2026-06-10,US202510140003,24,12:00,12:30,班,on_duty
US00018,2026-06-10,US202510140003,25,12:30,13:00,班,on_duty
US00018,2026-06-10,US202510140003,26,13:00,13:30,休,rest
US00018,2026-06-10,US202510140003,27,13:30,14:00,班,on_duty
US00018,2026-06-10,US202510140003,28,14:00,14:30,班,on_duty
US00018,2026-06-10,US202510140003,29,14:30,15:00,班,on_duty
US00018,2026-06-10,US202510140003,30,15:00,15:30,班,on_duty
US00018,2026-06-10,US202510140003,31,15:30,16:00,班,on_duty
US00018,2026-06-10,US202510140003,32,16:00,16:30,班,on_duty
US00018,2026-06-10,US202510140003,33,16:30,17:00,班,on_duty
US00018,2026-06-10,US202603100001,12,06:00,06:30,班,on_duty
US00018,2026-06-10,US202603100001,13,06:30,07:00,班,on_duty
US00018,2026-06-10,US202603100001,14,07:00,07:30,班,on_duty
US00018,2026-06-10,US202603100001,15,07:30,08:00,班,on_duty
US00018,2026-06-10,US202603100001,16,08:00,08:30,班,on_duty
US00018,2026-06-10,US202603100001,17,08:30,09:00,班,on_duty
US00018,2026-06-10,US202603100001,18,09:00,09:30,班,on_duty
US00018,2026-06-10,US202603100001,19,09:30,10:00,休,rest
US00018,2026-06-10,US202603100001,20,10:00,10:30,休,rest
US00018,2026-06-10,US202603100001,21,10:30,11:00,班,on_duty
US00018,2026-06-10,US202603100001,22,11:00,11:30,班,on_duty
US00018,2026-06-10,US202603100001,23,11:30,12:00,班,on_duty
US00018,2026-06-10,US202603100001,24,12:00,12:30,班,on_duty
US00018,2026-06-10,US202603100001,25,12:30,13:00,班,on_duty
US00018,2026-06-10,US202603100001,26,13:00,13:30,班,on_duty
US00018,2026-06-10,US202603100001,27,13:30,14:00,班,on_duty
US00018,2026-06-10,US202603100001,28,14:00,14:30,班,on_duty
US00018,2026-06-10,US202603260010,19,09:30,10:00,训,training
US00018,2026-06-10,US202603260010,20,10:00,10:30,训,training
US00018,2026-06-10,US202603260010,21,10:30,11:00,训,training
US00018,2026-06-10,US202603260010,22,11:00,11:30,休,rest
US00018,2026-06-10,US202603260010,23,11:30,12:00,休,rest
US00018,2026-06-10,US202603260010,24,12:00,12:30,训,training
US00018,2026-06-10,US202603260010,25,12:30,13:00,训,training
US00018,2026-06-10,US202603260010,26,13:00,13:30,训,training
US00018,2026-06-10,US202603260010,27,13:30,14:00,训,training
US00018,2026-06-10,US202603260010,28,14:00,14:30,训,training
US00018,2026-06-10,US202603260010,29,14:30,15:00,训,training
US00018,2026-06-10,US202603260010,30,15:00,15:30,训,training
US00018,2026-06-10,US202603260010,31,15:30,16:00,训,training
US00018,2026-06-10,US202603260010,32,16:00,16:30,训,training
US00018,2026-06-10,US202605260007,28,14:00,14:30,班,on_duty
US00018,2026-06-10,US202605260007,29,14:30,15:00,班,on_duty
US00018,2026-06-10,US202605260007,30,15:00,15:30,班,on_duty
US00018,2026-06-10,US202605260007,31,15:30,16:00,班,on_duty
US00018,2026-06-10,US202605260007,32,16:00,16:30,班,on_duty
US00018,2026-06-10,US202605260007,33,16:30,17:00,班,on_duty
US00018,2026-06-10,US202605260007,34,17:00,17:30,班,on_duty
US00018,2026-06-10,US202605260007,35,17:30,18:00,休,rest
US00018,2026-06-10,US202605260007,36,18:00,18:30,休,rest
US00018,2026-06-10,US202605260007,37,18:30,19:00,班,on_duty
US00018,2026-06-10,US202605260007,38,19:00,19:30,班,on_duty
US00018,2026-06-10,US202605260007,39,19:30,20:00,班,on_duty
US00018,2026-06-10,US202605260007,40,20:00,20:30,班,on_duty
US00018,2026-06-10,US202605260007,41,20:30,21:00,班,on_duty
US00018,2026-06-10,US202605260007,42,21:00,21:30,班,on_duty
US00018,2026-06-10,US202605260007,43,21:30,22:00,班,on_duty
US00018,2026-06-10,US202605260007,44,22:00,22:30,班,on_duty
US00018,2026-06-11,US202506160009,12,06:00,06:30,班,on_duty
US00018,2026-06-11,US202506160009,13,06:30,07:00,班,on_duty
US00018,2026-06-11,US202506160009,14,07:00,07:30,班,on_duty
US00018,2026-06-11,US202506160009,15,07:30,08:00,班,on_duty
US00018,2026-06-11,US202506160009,16,08:00,08:30,班,on_duty
US00018,2026-06-11,US202506160009,17,08:30,09:00,班,on_duty
US00018,2026-06-11,US202506160009,18,09:00,09:30,班,on_duty
US00018,2026-06-11,US202506160009,19,09:30,10:00,班,on_duty
US00018,2026-06-11,US202506160009,20,10:00,10:30,休,rest
US00018,2026-06-11,US202506160009,21,10:30,11:00,休,rest
US00018,2026-06-11,US202506160009,22,11:00,11:30,班,on_duty
US00018,2026-06-11,US202506160009,23,11:30,12:00,班,on_duty
US00018,2026-06-11,US202506160009,24,12:00,12:30,班,on_duty
US00018,2026-06-11,US202506160009,25,12:30,13:00,班,on_duty
US00018,2026-06-11,US202506160009,26,13:00,13:30,班,on_duty
US00018,2026-06-11,US202506160009,27,13:30,14:00,班,on_duty
US00018,2026-06-11,US202506160009,28,14:00,14:30,班,on_duty
US00018,2026-06-11,US202510140003,19,09:30,10:00,班,on_duty
US00018,2026-06-11,US202510140003,20,10:00,10:30,班,on_duty
US00018,2026-06-11,US202510140003,21,10:30,11:00,班,on_duty
US00018,2026-06-11,US202510140003,22,11:00,11:30,班,on_duty
US00018,2026-06-11,US202510140003,23,11:30,12:00,班,on_duty
US00018,2026-06-11,US202510140003,24,12:00,12:30,班,on_duty
US00018,2026-06-11,US202510140003,25,12:30,13:00,班,on_duty
US00018,2026-06-11,US202510140003,26,13:00,13:30,休,rest
US00018,2026-06-11,US202510140003,27,13:30,14:00,班,on_duty
US00018,2026-06-11,US202510140003,28,14:00,14:30,班,on_duty
US00018,2026-06-11,US202510140003,29,14:30,15:00,班,on_duty
US00018,2026-06-11,US202510140003,30,15:00,15:30,班,on_duty
US00018,2026-06-11,US202510140003,31,15:30,16:00,班,on_duty
US00018,2026-06-11,US202510140003,32,16:00,16:30,班,on_duty
US00018,2026-06-11,US202510140003,33,16:30,17:00,班,on_duty
US00018,2026-06-11,US202511180002,30,15:00,15:30,班,on_duty
US00018,2026-06-11,US202511180002,31,15:30,16:00,班,on_duty
US00018,2026-06-11,US202511180002,32,16:00,16:30,班,on_duty
US00018,2026-06-11,US202511180002,33,16:30,17:00,班,on_duty
US00018,2026-06-11,US202511180002,34,17:00,17:30,班,on_duty
US00018,2026-06-11,US202511180002,35,17:30,18:00,休,rest
US00018,2026-06-11,US202511180002,36,18:00,18:30,休,rest
US00018,2026-06-11,US202511180002,37,18:30,19:00,班,on_duty
US00018,2026-06-11,US202511180002,38,19:00,19:30,班,on_duty
US00018,2026-06-11,US202511180002,39,19:30,20:00,班,on_duty
US00018,2026-06-11,US202511180002,40,20:00,20:30,班,on_duty
US00018,2026-06-11,US202511180002,41,20:30,21:00,班,on_duty
US00018,2026-06-11,US202511180002,42,21:00,21:30,班,on_duty
US00018,2026-06-11,US202511180002,43,21:30,22:00,班,on_duty
US00018,2026-06-11,US202511180002,44,22:00,22:30,班,on_duty
US00018,2026-06-11,US202603100001,28,14:00,14:30,班,on_duty
US00018,2026-06-11,US202603100001,29,14:30,15:00,班,on_duty
US00018,2026-06-11,US202603100001,30,15:00,15:30,班,on_duty
US00018,2026-06-11,US202603100001,31,15:30,16:00,班,on_duty
US00018,2026-06-11,US202603100001,32,16:00,16:30,班,on_duty
US00018,2026-06-11,US202603100001,33,16:30,17:00,班,on_duty
US00018,2026-06-11,US202603100001,34,17:00,17:30,休,rest
US00018,2026-06-11,US202603100001,35,17:30,18:00,休,rest
US00018,2026-06-11,US202603100001,36,18:00,18:30,班,on_duty
US00018,2026-06-11,US202603100001,37,18:30,19:00,班,on_duty
US00018,2026-06-11,US202603100001,38,19:00,19:30,班,on_duty
US00018,2026-06-11,US202603100001,39,19:30,20:00,班,on_duty
US00018,2026-06-11,US202603100001,40,20:00,20:30,班,on_duty
US00018,2026-06-11,US202603100001,41,20:30,21:00,班,on_duty
US00018,2026-06-11,US202603100001,42,21:00,21:30,班,on_duty
US00018,2026-06-11,US202603100001,43,21:30,22:00,班,on_duty
US00018,2026-06-11,US202603100001,44,22:00,22:30,班,on_duty
US00018,2026-06-11,US202603260010,28,14:00,14:30,班,on_duty
US00018,2026-06-11,US202603260010,29,14:30,15:00,班,on_duty
US00018,2026-06-11,US202603260010,30,15:00,15:30,班,on_duty
US00018,2026-06-11,US202603260010,31,15:30,16:00,班,on_duty
US00018,2026-06-11,US202603260010,32,16:00,16:30,班,on_duty
US00018,2026-06-11,US202603260010,33,16:30,17:00,班,on_duty
US00018,2026-06-11,US202603260010,34,17:00,17:30,班,on_duty
US00018,2026-06-11,US202603260010,35,17:30,18:00,班,on_duty
US00018,2026-06-11,US202603260010,36,18:00,18:30,班,on_duty
US00018,2026-06-11,US202603260010,37,18:30,19:00,休,rest
US00018,2026-06-11,US202603260010,38,19:00,19:30,休,rest
US00018,2026-06-11,US202603260010,39,19:30,20:00,班,on_duty
US00018,2026-06-11,US202603260010,40,20:00,20:30,班,on_duty
US00018,2026-06-11,US202603260010,41,20:30,21:00,班,on_duty
US00018,2026-06-11,US202603260010,42,21:00,21:30,班,on_duty
US00018,2026-06-11,US202603260010,43,21:30,22:00,班,on_duty
US00018,2026-06-11,US202603260010,44,22:00,22:30,班,on_duty
US00018,2026-06-11,US202605190002,12,06:00,06:30,班,on_duty
US00018,2026-06-11,US202605190002,13,06:30,07:00,班,on_duty
US00018,2026-06-11,US202605190002,14,07:00,07:30,班,on_duty
US00018,2026-06-11,US202605190002,15,07:30,08:00,班,on_duty
US00018,2026-06-11,US202605190002,16,08:00,08:30,班,on_duty
US00018,2026-06-11,US202605190002,17,08:30,09:00,班,on_duty
US00018,2026-06-11,US202605190002,18,09:00,09:30,班,on_duty
US00018,2026-06-11,US202605190002,19,09:30,10:00,休,rest
US00018,2026-06-11,US202605190002,20,10:00,10:30,休,rest
US00018,2026-06-11,US202605190002,21,10:30,11:00,班,on_duty
US00018,2026-06-11,US202605190002,22,11:00,11:30,班,on_duty
US00018,2026-06-11,US202605190002,23,11:30,12:00,班,on_duty
US00018,2026-06-11,US202605190002,24,12:00,12:30,班,on_duty
US00018,2026-06-11,US202605190002,25,12:30,13:00,班,on_duty
US00018,2026-06-11,US202605190002,26,13:00,13:30,班,on_duty
US00018,2026-06-11,US202605190002,27,13:30,14:00,班,on_duty
US00018,2026-06-11,US202605190002,28,14:00,14:30,班,on_duty
US00018,2026-06-12,US202506160009,12,06:00,06:30,班,on_duty
US00018,2026-06-12,US202506160009,13,06:30,07:00,班,on_duty
US00018,2026-06-12,US202506160009,14,07:00,07:30,班,on_duty
US00018,2026-06-12,US202506160009,15,07:30,08:00,班,on_duty
US00018,2026-06-12,US202506160009,16,08:00,08:30,班,on_duty
US00018,2026-06-12,US202506160009,17,08:30,09:00,休,rest
US00018,2026-06-12,US202506160009,18,09:00,09:30,休,rest
US00018,2026-06-12,US202506160009,19,09:30,10:00,班,on_duty
US00018,2026-06-12,US202506160009,20,10:00,10:30,班,on_duty
US00018,2026-06-12,US202506160009,21,10:30,11:00,班,on_duty
US00018,2026-06-12,US202506160009,22,11:00,11:30,班,on_duty
US00018,2026-06-12,US202506160009,23,11:30,12:00,班,on_duty
US00018,2026-06-12,US202506160009,24,12:00,12:30,班,on_duty
US00018,2026-06-12,US202506160009,25,12:30,13:00,班,on_duty
US00018,2026-06-12,US202506160009,26,13:00,13:30,班,on_duty
US00018,2026-06-12,US202506160009,27,13:30,14:00,班,on_duty
US00018,2026-06-12,US202506160009,28,14:00,14:30,班,on_duty
US00018,2026-06-12,US202508050003,12,06:00,06:30,班,on_duty
US00018,2026-06-12,US202508050003,13,06:30,07:00,班,on_duty
US00018,2026-06-12,US202508050003,14,07:00,07:30,班,on_duty
US00018,2026-06-12,US202508050003,15,07:30,08:00,班,on_duty
US00018,2026-06-12,US202508050003,16,08:00,08:30,班,on_duty
US00018,2026-06-12,US202508050003,17,08:30,09:00,班,on_duty
US00018,2026-06-12,US202508050003,18,09:00,09:30,班,on_duty
US00018,2026-06-12,US202508050003,19,09:30,10:00,班,on_duty
US00018,2026-06-12,US202508050003,20,10:00,10:30,休,rest
US00018,2026-06-12,US202508050003,21,10:30,11:00,休,rest
US00018,2026-06-12,US202508050003,22,11:00,11:30,班,on_duty
US00018,2026-06-12,US202508050003,23,11:30,12:00,班,on_duty
US00018,2026-06-12,US202508050003,24,12:00,12:30,班,on_duty
US00018,2026-06-12,US202508050003,25,12:30,13:00,班,on_duty
US00018,2026-06-12,US202508050003,26,13:00,13:30,班,on_duty
US00018,2026-06-12,US202508050003,27,13:30,14:00,班,on_duty
US00018,2026-06-12,US202508050003,28,14:00,14:30,班,on_duty
US00018,2026-06-12,US202509230010,28,14:00,14:30,班,on_duty
US00018,2026-06-12,US202509230010,29,14:30,15:00,班,on_duty
US00018,2026-06-12,US202509230010,30,15:00,15:30,班,on_duty
US00018,2026-06-12,US202509230010,31,15:30,16:00,班,on_duty
US00018,2026-06-12,US202509230010,32,16:00,16:30,班,on_duty
US00018,2026-06-12,US202509230010,33,16:30,17:00,班,on_duty
US00018,2026-06-12,US202509230010,34,17:00,17:30,休,rest
US00018,2026-06-12,US202509230010,35,17:30,18:00,休,rest
US00018,2026-06-12,US202509230010,36,18:00,18:30,班,on_duty
US00018,2026-06-12,US202509230010,37,18:30,19:00,班,on_duty
US00018,2026-06-12,US202509230010,38,19:00,19:30,班,on_duty
US00018,2026-06-12,US202509230010,39,19:30,20:00,班,on_duty
US00018,2026-06-12,US202509230010,40,20:00,20:30,班,on_duty
US00018,2026-06-12,US202509230010,41,20:30,21:00,班,on_duty
US00018,2026-06-12,US202509230010,42,21:00,21:30,班,on_duty
US00018,2026-06-12,US202509230010,43,21:30,22:00,班,on_duty
US00018,2026-06-12,US202509230010,44,22:00,22:30,班,on_duty
US00018,2026-06-12,US202603100001,28,14:00,14:30,班,on_duty
US00018,2026-06-12,US202603100001,29,14:30,15:00,班,on_duty
US00018,2026-06-12,US202603100001,30,15:00,15:30,班,on_duty
US00018,2026-06-12,US202603100001,31,15:30,16:00,班,on_duty
US00018,2026-06-12,US202603100001,32,16:00,16:30,班,on_duty
US00018,2026-06-12,US202603100001,33,16:30,17:00,班,on_duty
US00018,2026-06-12,US202603100001,34,17:00,17:30,班,on_duty
US00018,2026-06-12,US202603100001,35,17:30,18:00,休,rest
US00018,2026-06-12,US202603100001,36,18:00,18:30,休,rest
US00018,2026-06-12,US202603100001,37,18:30,19:00,班,on_duty
US00018,2026-06-12,US202603100001,38,19:00,19:30,班,on_duty
US00018,2026-06-12,US202603100001,39,19:30,20:00,班,on_duty
US00018,2026-06-12,US202603100001,40,20:00,20:30,班,on_duty
US00018,2026-06-12,US202603100001,41,20:30,21:00,班,on_duty
US00018,2026-06-12,US202603100001,42,21:00,21:30,班,on_duty
US00018,2026-06-12,US202603100001,43,21:30,22:00,班,on_duty
US00018,2026-06-12,US202603100001,44,22:00,22:30,班,on_duty
US00018,2026-06-12,US202605190002,12,06:00,06:30,班,on_duty
US00018,2026-06-12,US202605190002,13,06:30,07:00,班,on_duty
US00018,2026-06-12,US202605190002,14,07:00,07:30,班,on_duty
US00018,2026-06-12,US202605190002,15,07:30,08:00,班,on_duty
US00018,2026-06-12,US202605190002,16,08:00,08:30,班,on_duty
US00018,2026-06-12,US202605190002,17,08:30,09:00,班,on_duty
US00018,2026-06-12,US202605190002,18,09:00,09:30,休,rest
US00018,2026-06-12,US202605190002,19,09:30,10:00,休,rest
US00018,2026-06-12,US202605190002,20,10:00,10:30,班,on_duty
US00018,2026-06-12,US202605190002,21,10:30,11:00,班,on_duty
US00018,2026-06-12,US202605190002,22,11:00,11:30,班,on_duty
US00018,2026-06-12,US202605190002,23,11:30,12:00,班,on_duty
US00018,2026-06-12,US202605190002,24,12:00,12:30,班,on_duty
US00018,2026-06-12,US202605190002,25,12:30,13:00,班,on_duty
US00018,2026-06-12,US202605190002,26,13:00,13:30,班,on_duty
US00018,2026-06-12,US202605190002,27,13:30,14:00,班,on_duty
US00018,2026-06-12,US202605190002,28,14:00,14:30,班,on_duty
US00018,2026-06-12,US202605260007,28,14:00,14:30,班,on_duty
US00018,2026-06-12,US202605260007,29,14:30,15:00,班,on_duty
US00018,2026-06-12,US202605260007,30,15:00,15:30,班,on_duty
US00018,2026-06-12,US202605260007,31,15:30,16:00,班,on_duty
US00018,2026-06-12,US202605260007,32,16:00,16:30,班,on_duty
US00018,2026-06-12,US202605260007,33,16:30,17:00,班,on_duty
US00018,2026-06-12,US202605260007,34,17:00,17:30,班,on_duty
US00018,2026-06-12,US202605260007,35,17:30,18:00,班,on_duty
US00018,2026-06-12,US202605260007,36,18:00,18:30,班,on_duty
US00018,2026-06-12,US202605260007,37,18:30,19:00,休,rest
US00018,2026-06-12,US202605260007,38,19:00,19:30,休,rest
US00018,2026-06-12,US202605260007,39,19:30,20:00,班,on_duty
US00018,2026-06-12,US202605260007,40,20:00,20:30,班,on_duty
US00018,2026-06-12,US202605260007,41,20:30,21:00,班,on_duty
US00018,2026-06-12,US202605260007,42,21:00,21:30,班,on_duty
US00018,2026-06-12,US202605260007,43,21:30,22:00,班,on_duty
US00018,2026-06-12,US202605260007,44,22:00,22:30,班,on_duty
US00018,2026-06-13,US202509160007,20,10:00,10:30,班,on_duty
US00018,2026-06-13,US202509160007,21,10:30,11:00,班,on_duty
US00018,2026-06-13,US202509160007,22,11:00,11:30,班,on_duty
US00018,2026-06-13,US202509160007,23,11:30,12:00,班,on_duty
US00018,2026-06-13,US202509160007,24,12:00,12:30,班,on_duty
US00018,2026-06-13,US202509160007,25,12:30,13:00,班,on_duty
US00018,2026-06-13,US202509160007,26,13:00,13:30,休,rest
US00018,2026-06-13,US202509160007,27,13:30,14:00,班,on_duty
US00018,2026-06-13,US202509160007,28,14:00,14:30,班,on_duty
US00018,2026-06-13,US202509160007,29,14:30,15:00,班,on_duty
US00018,2026-06-13,US202509160007,30,15:00,15:30,班,on_duty
US00018,2026-06-13,US202509160007,31,15:30,16:00,班,on_duty
US00018,2026-06-13,US202509160007,32,16:00,16:30,班,on_duty
US00018,2026-06-13,US202509160007,33,16:30,17:00,班,on_duty
US00018,2026-06-13,US202509160007,34,17:00,17:30,班,on_duty
US00018,2026-06-13,US202509230010,28,14:00,14:30,班,on_duty
US00018,2026-06-13,US202509230010,29,14:30,15:00,班,on_duty
US00018,2026-06-13,US202509230010,30,15:00,15:30,班,on_duty
US00018,2026-06-13,US202509230010,31,15:30,16:00,班,on_duty
US00018,2026-06-13,US202509230010,32,16:00,16:30,班,on_duty
US00018,2026-06-13,US202509230010,33,16:30,17:00,班,on_duty
US00018,2026-06-13,US202509230010,34,17:00,17:30,休,rest
US00018,2026-06-13,US202509230010,35,17:30,18:00,休,rest
US00018,2026-06-13,US202509230010,36,18:00,18:30,班,on_duty
US00018,2026-06-13,US202509230010,37,18:30,19:00,班,on_duty
US00018,2026-06-13,US202509230010,38,19:00,19:30,班,on_duty
US00018,2026-06-13,US202509230010,39,19:30,20:00,班,on_duty
US00018,2026-06-13,US202509230010,40,20:00,20:30,班,on_duty
US00018,2026-06-13,US202509230010,41,20:30,21:00,班,on_duty
US00018,2026-06-13,US202509230010,42,21:00,21:30,班,on_duty
US00018,2026-06-13,US202509230010,43,21:30,22:00,班,on_duty
US00018,2026-06-13,US202509230010,44,22:00,22:30,班,on_duty
US00018,2026-06-13,US202603100001,28,14:00,14:30,班,on_duty
US00018,2026-06-13,US202603100001,29,14:30,15:00,班,on_duty
US00018,2026-06-13,US202603100001,30,15:00,15:30,班,on_duty
US00018,2026-06-13,US202603100001,31,15:30,16:00,班,on_duty
US00018,2026-06-13,US202603100001,32,16:00,16:30,班,on_duty
US00018,2026-06-13,US202603100001,33,16:30,17:00,班,on_duty
US00018,2026-06-13,US202603100001,34,17:00,17:30,班,on_duty
US00018,2026-06-13,US202603100001,35,17:30,18:00,休,rest
US00018,2026-06-13,US202603100001,36,18:00,18:30,休,rest
US00018,2026-06-13,US202603100001,37,18:30,19:00,班,on_duty
US00018,2026-06-13,US202603100001,38,19:00,19:30,班,on_duty
US00018,2026-06-13,US202603100001,39,19:30,20:00,班,on_duty
US00018,2026-06-13,US202603100001,40,20:00,20:30,班,on_duty
US00018,2026-06-13,US202603100001,41,20:30,21:00,班,on_duty
US00018,2026-06-13,US202603100001,42,21:00,21:30,班,on_duty
US00018,2026-06-13,US202603100001,43,21:30,22:00,班,on_duty
US00018,2026-06-13,US202603100001,44,22:00,22:30,班,on_duty
US00018,2026-06-13,US202603260010,12,06:00,06:30,班,on_duty
US00018,2026-06-13,US202603260010,13,06:30,07:00,班,on_duty
US00018,2026-06-13,US202603260010,14,07:00,07:30,班,on_duty
US00018,2026-06-13,US202603260010,15,07:30,08:00,班,on_duty
US00018,2026-06-13,US202603260010,16,08:00,08:30,班,on_duty
US00018,2026-06-13,US202603260010,17,08:30,09:00,班,on_duty
US00018,2026-06-13,US202603260010,18,09:00,09:30,班,on_duty
US00018,2026-06-13,US202603260010,19,09:30,10:00,班,on_duty
US00018,2026-06-13,US202603260010,20,10:00,10:30,休,rest
US00018,2026-06-13,US202603260010,21,10:30,11:00,休,rest
US00018,2026-06-13,US202603260010,22,11:00,11:30,班,on_duty
US00018,2026-06-13,US202603260010,23,11:30,12:00,班,on_duty
US00018,2026-06-13,US202603260010,24,12:00,12:30,班,on_duty
US00018,2026-06-13,US202603260010,25,12:30,13:00,班,on_duty
US00018,2026-06-13,US202603260010,26,13:00,13:30,班,on_duty
US00018,2026-06-13,US202603260010,27,13:30,14:00,班,on_duty
US00018,2026-06-13,US202603260010,28,14:00,14:30,班,on_duty
US00018,2026-06-13,US202605190002,12,06:00,06:30,班,on_duty
US00018,2026-06-13,US202605190002,13,06:30,07:00,班,on_duty
US00018,2026-06-13,US202605190002,14,07:00,07:30,班,on_duty
US00018,2026-06-13,US202605190002,15,07:30,08:00,班,on_duty
US00018,2026-06-13,US202605190002,16,08:00,08:30,班,on_duty
US00018,2026-06-13,US202605190002,17,08:30,09:00,班,on_duty
US00018,2026-06-13,US202605190002,18,09:00,09:30,班,on_duty
US00018,2026-06-13,US202605190002,19,09:30,10:00,班,on_duty
US00018,2026-06-13,US202605190002,20,10:00,10:30,班,on_duty
US00018,2026-06-13,US202605190002,21,10:30,11:00,休,rest
US00018,2026-06-13,US202605190002,22,11:00,11:30,休,rest
US00018,2026-06-13,US202605190002,23,11:30,12:00,班,on_duty
US00018,2026-06-13,US202605190002,24,12:00,12:30,班,on_duty
US00018,2026-06-13,US202605190002,25,12:30,13:00,班,on_duty
US00018,2026-06-13,US202605190002,26,13:00,13:30,班,on_duty
US00018,2026-06-13,US202605190002,27,13:30,14:00,班,on_duty
US00018,2026-06-13,US202605190002,28,14:00,14:30,班,on_duty
US00018,2026-06-13,US202605260007,28,14:00,14:30,班,on_duty
US00018,2026-06-13,US202605260007,29,14:30,15:00,班,on_duty
US00018,2026-06-13,US202605260007,30,15:00,15:30,班,on_duty
US00018,2026-06-13,US202605260007,31,15:30,16:00,班,on_duty
US00018,2026-06-13,US202605260007,32,16:00,16:30,班,on_duty
US00018,2026-06-13,US202605260007,33,16:30,17:00,班,on_duty
US00018,2026-06-13,US202605260007,34,17:00,17:30,班,on_duty
US00018,2026-06-13,US202605260007,35,17:30,18:00,班,on_duty
US00018,2026-06-13,US202605260007,36,18:00,18:30,班,on_duty
US00018,2026-06-13,US202605260007,37,18:30,19:00,休,rest
US00018,2026-06-13,US202605260007,38,19:00,19:30,休,rest
US00018,2026-06-13,US202605260007,39,19:30,20:00,班,on_duty
US00018,2026-06-13,US202605260007,40,20:00,20:30,班,on_duty
US00018,2026-06-13,US202605260007,41,20:30,21:00,班,on_duty
US00018,2026-06-13,US202605260007,42,21:00,21:30,班,on_duty
US00018,2026-06-13,US202605260007,43,21:30,22:00,班,on_duty
US00018,2026-06-13,US202605260007,44,22:00,22:30,班,on_duty
US00018,2026-06-14,US202506160009,12,06:00,06:30,班,on_duty
US00018,2026-06-14,US202506160009,13,06:30,07:00,班,on_duty
US00018,2026-06-14,US202506160009,14,07:00,07:30,班,on_duty
US00018,2026-06-14,US202506160009,15,07:30,08:00,班,on_duty
US00018,2026-06-14,US202506160009,16,08:00,08:30,班,on_duty
US00018,2026-06-14,US202506160009,17,08:30,09:00,班,on_duty
US00018,2026-06-14,US202506160009,18,09:00,09:30,休,rest
US00018,2026-06-14,US202506160009,19,09:30,10:00,休,rest
US00018,2026-06-14,US202506160009,20,10:00,10:30,班,on_duty
US00018,2026-06-14,US202506160009,21,10:30,11:00,班,on_duty
US00018,2026-06-14,US202506160009,22,11:00,11:30,班,on_duty
US00018,2026-06-14,US202506160009,23,11:30,12:00,班,on_duty
US00018,2026-06-14,US202506160009,24,12:00,12:30,班,on_duty
US00018,2026-06-14,US202506160009,25,12:30,13:00,班,on_duty
US00018,2026-06-14,US202506160009,26,13:00,13:30,班,on_duty
US00018,2026-06-14,US202506160009,27,13:30,14:00,班,on_duty
US00018,2026-06-14,US202506160009,28,14:00,14:30,班,on_duty
US00018,2026-06-14,US202507280003,12,06:00,06:30,班,on_duty
US00018,2026-06-14,US202507280003,13,06:30,07:00,班,on_duty
US00018,2026-06-14,US202507280003,14,07:00,07:30,班,on_duty
US00018,2026-06-14,US202507280003,15,07:30,08:00,班,on_duty
US00018,2026-06-14,US202507280003,16,08:00,08:30,班,on_duty
US00018,2026-06-14,US202507280003,17,08:30,09:00,班,on_duty
US00018,2026-06-14,US202507280003,18,09:00,09:30,班,on_duty
US00018,2026-06-14,US202507280003,19,09:30,10:00,休,rest
US00018,2026-06-14,US202507280003,20,10:00,10:30,休,rest
US00018,2026-06-14,US202507280003,21,10:30,11:00,班,on_duty
US00018,2026-06-14,US202507280003,22,11:00,11:30,班,on_duty
US00018,2026-06-14,US202507280003,23,11:30,12:00,班,on_duty
US00018,2026-06-14,US202507280003,24,12:00,12:30,班,on_duty
US00018,2026-06-14,US202507280003,25,12:30,13:00,班,on_duty
US00018,2026-06-14,US202507280003,26,13:00,13:30,班,on_duty
US00018,2026-06-14,US202507280003,27,13:30,14:00,班,on_duty
US00018,2026-06-14,US202507280003,28,14:00,14:30,班,on_duty
US00018,2026-06-14,US202511180002,30,15:00,15:30,班,on_duty
US00018,2026-06-14,US202511180002,31,15:30,16:00,班,on_duty
US00018,2026-06-14,US202511180002,32,16:00,16:30,班,on_duty
US00018,2026-06-14,US202511180002,33,16:30,17:00,班,on_duty
US00018,2026-06-14,US202511180002,34,17:00,17:30,班,on_duty
US00018,2026-06-14,US202511180002,35,17:30,18:00,班,on_duty
US00018,2026-06-14,US202511180002,36,18:00,18:30,班,on_duty
US00018,2026-06-14,US202511180002,37,18:30,19:00,班,on_duty
US00018,2026-06-14,US202511180002,38,19:00,19:30,休,rest
US00018,2026-06-14,US202511180002,39,19:30,20:00,休,rest
US00018,2026-06-14,US202511180002,40,20:00,20:30,班,on_duty
US00018,2026-06-14,US202511180002,41,20:30,21:00,班,on_duty
US00018,2026-06-14,US202511180002,42,21:00,21:30,班,on_duty
US00018,2026-06-14,US202511180002,43,21:30,22:00,班,on_duty
US00018,2026-06-14,US202511180002,44,22:00,22:30,班,on_duty
US00018,2026-06-14,US202603260010,28,14:00,14:30,班,on_duty
US00018,2026-06-14,US202603260010,29,14:30,15:00,班,on_duty
US00018,2026-06-14,US202603260010,30,15:00,15:30,班,on_duty
US00018,2026-06-14,US202603260010,31,15:30,16:00,班,on_duty
US00018,2026-06-14,US202603260010,32,16:00,16:30,班,on_duty
US00018,2026-06-14,US202603260010,33,16:30,17:00,班,on_duty
US00018,2026-06-14,US202603260010,34,17:00,17:30,班,on_duty
US00018,2026-06-14,US202603260010,35,17:30,18:00,休,rest
US00018,2026-06-14,US202603260010,36,18:00,18:30,休,rest
US00018,2026-06-14,US202603260010,37,18:30,19:00,班,on_duty
US00018,2026-06-14,US202603260010,38,19:00,19:30,班,on_duty
US00018,2026-06-14,US202603260010,39,19:30,20:00,班,on_duty
US00018,2026-06-14,US202603260010,40,20:00,20:30,班,on_duty
US00018,2026-06-14,US202603260010,41,20:30,21:00,班,on_duty
US00018,2026-06-14,US202603260010,42,21:00,21:30,班,on_duty
US00018,2026-06-14,US202603260010,43,21:30,22:00,班,on_duty
US00018,2026-06-14,US202603260010,44,22:00,22:30,班,on_duty
US00018,2026-06-14,US202605190002,12,06:00,06:30,班,on_duty
US00018,2026-06-14,US202605190002,13,06:30,07:00,班,on_duty
US00018,2026-06-14,US202605190002,14,07:00,07:30,班,on_duty
US00018,2026-06-14,US202605190002,15,07:30,08:00,班,on_duty
US00018,2026-06-14,US202605190002,16,08:00,08:30,班,on_duty
US00018,2026-06-14,US202605190002,17,08:30,09:00,班,on_duty
US00018,2026-06-14,US202605190002,18,09:00,09:30,班,on_duty
US00018,2026-06-14,US202605190002,19,09:30,10:00,休,rest
US00018,2026-06-14,US202605190002,20,10:00,10:30,休,rest
US00018,2026-06-14,US202605190002,21,10:30,11:00,班,on_duty
US00018,2026-06-14,US202605190002,22,11:00,11:30,班,on_duty
US00018,2026-06-14,US202605190002,23,11:30,12:00,班,on_duty
US00018,2026-06-14,US202605190002,24,12:00,12:30,班,on_duty
US00018,2026-06-14,US202605190002,25,12:30,13:00,班,on_duty
US00018,2026-06-14,US202605190002,26,13:00,13:30,班,on_duty
US00018,2026-06-14,US202605190002,27,13:30,14:00,班,on_duty
US00018,2026-06-14,US202605190002,28,14:00,14:30,班,on_duty
US00018,2026-06-14,US202605260007,28,14:00,14:30,班,on_duty
US00018,2026-06-14,US202605260007,29,14:30,15:00,班,on_duty
US00018,2026-06-14,US202605260007,30,15:00,15:30,班,on_duty
US00018,2026-06-14,US202605260007,31,15:30,16:00,班,on_duty
US00018,2026-06-14,US202605260007,32,16:00,16:30,班,on_duty
US00018,2026-06-14,US202605260007,33,16:30,17:00,班,on_duty
US00018,2026-06-14,US202605260007,34,17:00,17:30,班,on_duty
US00018,2026-06-14,US202605260007,35,17:30,18:00,班,on_duty
US00018,2026-06-14,US202605260007,36,18:00,18:30,休,rest
US00018,2026-06-14,US202605260007,37,18:30,19:00,休,rest
US00018,2026-06-14,US202605260007,38,19:00,19:30,班,on_duty
US00018,2026-06-14,US202605260007,39,19:30,20:00,班,on_duty
US00018,2026-06-14,US202605260007,40,20:00,20:30,班,on_duty
US00018,2026-06-14,US202605260007,41,20:30,21:00,班,on_duty
US00018,2026-06-14,US202605260007,42,21:00,21:30,班,on_duty
US00018,2026-06-14,US202605260007,43,21:30,22:00,班,on_duty
US00018,2026-06-14,US202605260007,44,22:00,22:30,班,on_duty
US00019,2026-06-08,US202506160005,18,09:00,09:30,班,on_duty
US00019,2026-06-08,US202506160005,19,09:30,10:00,班,on_duty
US00019,2026-06-08,US202506160005,20,10:00,10:30,班,on_duty
US00019,2026-06-08,US202506160005,21,10:30,11:00,班,on_duty
US00019,2026-06-08,US202506160005,22,11:00,11:30,班,on_duty
US00019,2026-06-08,US202506160005,23,11:30,12:00,班,on_duty
US00019,2026-06-08,US202506160005,24,12:00,12:30,班,on_duty
US00019,2026-06-08,US202506160005,25,12:30,13:00,休,rest
US00019,2026-06-08,US202506160005,26,13:00,13:30,班,on_duty
US00019,2026-06-08,US202506160005,27,13:30,14:00,班,on_duty
US00019,2026-06-08,US202506160005,28,14:00,14:30,班,on_duty
US00019,2026-06-08,US202506160005,29,14:30,15:00,班,on_duty
US00019,2026-06-08,US202506160005,30,15:00,15:30,班,on_duty
US00019,2026-06-08,US202506160005,31,15:30,16:00,班,on_duty
US00019,2026-06-08,US202506160005,32,16:00,16:30,班,on_duty
US00019,2026-06-08,US202509160005,12,06:00,06:30,班,on_duty
US00019,2026-06-08,US202509160005,13,06:30,07:00,班,on_duty
US00019,2026-06-08,US202509160005,14,07:00,07:30,班,on_duty
US00019,2026-06-08,US202509160005,15,07:30,08:00,班,on_duty
US00019,2026-06-08,US202509160005,16,08:00,08:30,班,on_duty
US00019,2026-06-08,US202509160005,17,08:30,09:00,班,on_duty
US00019,2026-06-08,US202509160005,18,09:00,09:30,休,rest
US00019,2026-06-08,US202509160005,19,09:30,10:00,休,rest
US00019,2026-06-08,US202509160005,20,10:00,10:30,班,on_duty
US00019,2026-06-08,US202509160005,21,10:30,11:00,班,on_duty
US00019,2026-06-08,US202509160005,22,11:00,11:30,班,on_duty
US00019,2026-06-08,US202509160005,23,11:30,12:00,班,on_duty
US00019,2026-06-08,US202509160005,24,12:00,12:30,班,on_duty
US00019,2026-06-08,US202509160005,25,12:30,13:00,班,on_duty
US00019,2026-06-08,US202509160005,26,13:00,13:30,班,on_duty
US00019,2026-06-08,US202509160005,27,13:30,14:00,班,on_duty
US00019,2026-06-08,US202509160005,28,14:00,14:30,班,on_duty
US00019,2026-06-08,US202510140008,33,16:30,17:00,班,on_duty
US00019,2026-06-08,US202510140008,34,17:00,17:30,班,on_duty
US00019,2026-06-08,US202510140008,35,17:30,18:00,班,on_duty
US00019,2026-06-08,US202510140008,36,18:00,18:30,班,on_duty
US00019,2026-06-08,US202510140008,37,18:30,19:00,班,on_duty
US00019,2026-06-08,US202510140008,38,19:00,19:30,班,on_duty
US00019,2026-06-08,US202510140008,39,19:30,20:00,班,on_duty
US00019,2026-06-08,US202510140008,40,20:00,20:30,班,on_duty
US00019,2026-06-08,US202510140008,41,20:30,21:00,班,on_duty
US00019,2026-06-08,US202510140008,42,21:00,21:30,班,on_duty
US00019,2026-06-08,US202510140008,43,21:30,22:00,班,on_duty
US00019,2026-06-08,US202602180011,12,06:00,06:30,班,on_duty
US00019,2026-06-08,US202602180011,13,06:30,07:00,班,on_duty
US00019,2026-06-08,US202602180011,14,07:00,07:30,班,on_duty
US00019,2026-06-08,US202602180011,15,07:30,08:00,班,on_duty
US00019,2026-06-08,US202602180011,16,08:00,08:30,班,on_duty
US00019,2026-06-08,US202602180011,17,08:30,09:00,班,on_duty
US00019,2026-06-08,US202602180011,18,09:00,09:30,班,on_duty
US00019,2026-06-08,US202602180011,19,09:30,10:00,休,rest
US00019,2026-06-08,US202602180011,20,10:00,10:30,休,rest
US00019,2026-06-08,US202602180011,21,10:30,11:00,班,on_duty
US00019,2026-06-08,US202602180011,22,11:00,11:30,班,on_duty
US00019,2026-06-08,US202602180011,23,11:30,12:00,班,on_duty
US00019,2026-06-08,US202602180011,24,12:00,12:30,班,on_duty
US00019,2026-06-08,US202602180011,25,12:30,13:00,班,on_duty
US00019,2026-06-08,US202602180011,26,13:00,13:30,班,on_duty
US00019,2026-06-08,US202602180011,27,13:30,14:00,班,on_duty
US00019,2026-06-08,US202602240002,12,06:00,06:30,班,on_duty
US00019,2026-06-08,US202602240002,13,06:30,07:00,班,on_duty
US00019,2026-06-08,US202602240002,14,07:00,07:30,班,on_duty
US00019,2026-06-08,US202602240002,15,07:30,08:00,班,on_duty
US00019,2026-06-08,US202602240002,16,08:00,08:30,班,on_duty
US00019,2026-06-08,US202602240002,17,08:30,09:00,班,on_duty
US00019,2026-06-08,US202602240002,18,09:00,09:30,班,on_duty
US00019,2026-06-08,US202602240002,19,09:30,10:00,休,rest
US00019,2026-06-08,US202602240002,20,10:00,10:30,休,rest
US00019,2026-06-08,US202602240002,21,10:30,11:00,班,on_duty
US00019,2026-06-08,US202602240002,22,11:00,11:30,班,on_duty
US00019,2026-06-08,US202602240002,23,11:30,12:00,班,on_duty
US00019,2026-06-08,US202602240002,24,12:00,12:30,班,on_duty
US00019,2026-06-08,US202602240002,25,12:30,13:00,班,on_duty
US00019,2026-06-08,US202602240002,26,13:00,13:30,班,on_duty
US00019,2026-06-08,US202602240002,27,13:30,14:00,班,on_duty
US00019,2026-06-08,US202603030004,12,06:00,06:30,班,on_duty
US00019,2026-06-08,US202603030004,13,06:30,07:00,班,on_duty
US00019,2026-06-08,US202603030004,14,07:00,07:30,班,on_duty
US00019,2026-06-08,US202603030004,15,07:30,08:00,班,on_duty
US00019,2026-06-08,US202603030004,16,08:00,08:30,班,on_duty
US00019,2026-06-08,US202603030004,17,08:30,09:00,班,on_duty
US00019,2026-06-08,US202603030004,18,09:00,09:30,班,on_duty
US00019,2026-06-08,US202603030004,19,09:30,10:00,休,rest
US00019,2026-06-08,US202603030004,20,10:00,10:30,休,rest
US00019,2026-06-08,US202603030004,21,10:30,11:00,班,on_duty
US00019,2026-06-08,US202603030004,22,11:00,11:30,班,on_duty
US00019,2026-06-08,US202603030004,23,11:30,12:00,班,on_duty
US00019,2026-06-08,US202603030004,24,12:00,12:30,班,on_duty
US00019,2026-06-08,US202603030004,25,12:30,13:00,班,on_duty
US00019,2026-06-08,US202603030004,26,13:00,13:30,班,on_duty
US00019,2026-06-08,US202603030004,27,13:30,14:00,班,on_duty
US00019,2026-06-08,US202603170002,27,13:30,14:00,班,on_duty
US00019,2026-06-08,US202603170002,28,14:00,14:30,班,on_duty
US00019,2026-06-08,US202603170002,29,14:30,15:00,班,on_duty
US00019,2026-06-08,US202603170002,30,15:00,15:30,班,on_duty
US00019,2026-06-08,US202603170002,31,15:30,16:00,班,on_duty
US00019,2026-06-08,US202603170002,32,16:00,16:30,班,on_duty
US00019,2026-06-08,US202603170002,33,16:30,17:00,休,rest
US00019,2026-06-08,US202603170002,34,17:00,17:30,休,rest
US00019,2026-06-08,US202603170002,35,17:30,18:00,班,on_duty
US00019,2026-06-08,US202603170002,36,18:00,18:30,班,on_duty
US00019,2026-06-08,US202603170002,37,18:30,19:00,班,on_duty
US00019,2026-06-08,US202603170002,38,19:00,19:30,班,on_duty
US00019,2026-06-08,US202603170002,39,19:30,20:00,班,on_duty
US00019,2026-06-08,US202603170002,40,20:00,20:30,班,on_duty
US00019,2026-06-08,US202603170002,41,20:30,21:00,班,on_duty
US00019,2026-06-08,US202603170002,42,21:00,21:30,班,on_duty
US00019,2026-06-08,US202603170002,43,21:30,22:00,班,on_duty
US00019,2026-06-08,US202603260011,24,12:00,12:30,休,rest
US00019,2026-06-08,US202603260011,25,12:30,13:00,休,rest
US00019,2026-06-08,US202603260011,26,13:00,13:30,班,on_duty
US00019,2026-06-08,US202603260011,27,13:30,14:00,班,on_duty
US00019,2026-06-08,US202603260011,28,14:00,14:30,班,on_duty
US00019,2026-06-08,US202603260011,29,14:30,15:00,班,on_duty
US00019,2026-06-08,US202603260011,30,15:00,15:30,班,on_duty
US00019,2026-06-08,US202603260011,31,15:30,16:00,班,on_duty
US00019,2026-06-08,US202603260011,32,16:00,16:30,班,on_duty
US00019,2026-06-08,US202605190001,28,14:00,14:30,班,on_duty
US00019,2026-06-08,US202605190001,29,14:30,15:00,班,on_duty
US00019,2026-06-08,US202605190001,30,15:00,15:30,班,on_duty
US00019,2026-06-08,US202605190001,31,15:30,16:00,班,on_duty
US00019,2026-06-08,US202605190001,32,16:00,16:30,班,on_duty
US00019,2026-06-08,US202605190001,33,16:30,17:00,班,on_duty
US00019,2026-06-08,US202605190001,34,17:00,17:30,休,rest
US00019,2026-06-08,US202605190001,35,17:30,18:00,休,rest
US00019,2026-06-08,US202605190001,36,18:00,18:30,班,on_duty
US00019,2026-06-08,US202605190001,37,18:30,19:00,班,on_duty
US00019,2026-06-08,US202605190001,38,19:00,19:30,班,on_duty
US00019,2026-06-08,US202605190001,39,19:30,20:00,班,on_duty
US00019,2026-06-08,US202605190001,40,20:00,20:30,班,on_duty
US00019,2026-06-08,US202605190001,41,20:30,21:00,班,on_duty
US00019,2026-06-08,US202605190001,42,21:00,21:30,班,on_duty
US00019,2026-06-08,US202605190001,43,21:30,22:00,班,on_duty
US00019,2026-06-09,US202506160005,27,13:30,14:00,班,on_duty
US00019,2026-06-09,US202506160005,28,14:00,14:30,班,on_duty
US00019,2026-06-09,US202506160005,29,14:30,15:00,班,on_duty
US00019,2026-06-09,US202506160005,30,15:00,15:30,班,on_duty
US00019,2026-06-09,US202506160005,31,15:30,16:00,休,rest
US00019,2026-06-09,US202506160005,32,16:00,16:30,休,rest
US00019,2026-06-09,US202506160005,33,16:30,17:00,班,on_duty
US00019,2026-06-09,US202506160005,34,17:00,17:30,班,on_duty
US00019,2026-06-09,US202506160005,35,17:30,18:00,班,on_duty
US00019,2026-06-09,US202506160005,36,18:00,18:30,班,on_duty
US00019,2026-06-09,US202506160005,37,18:30,19:00,班,on_duty
US00019,2026-06-09,US202506160005,38,19:00,19:30,班,on_duty
US00019,2026-06-09,US202506160005,39,19:30,20:00,班,on_duty
US00019,2026-06-09,US202506160005,40,20:00,20:30,班,on_duty
US00019,2026-06-09,US202506160005,41,20:30,21:00,班,on_duty
US00019,2026-06-09,US202506160005,42,21:00,21:30,班,on_duty
US00019,2026-06-09,US202506160005,43,21:30,22:00,班,on_duty
US00019,2026-06-09,US202509160005,27,13:30,14:00,班,on_duty
US00019,2026-06-09,US202509160005,28,14:00,14:30,班,on_duty
US00019,2026-06-09,US202601130003,12,06:00,06:30,班,on_duty
US00019,2026-06-09,US202601130003,13,06:30,07:00,班,on_duty
US00019,2026-06-09,US202601130003,14,07:00,07:30,班,on_duty
US00019,2026-06-09,US202601130003,15,07:30,08:00,班,on_duty
US00019,2026-06-09,US202601130003,16,08:00,08:30,班,on_duty
US00019,2026-06-09,US202601130003,17,08:30,09:00,休,rest
US00019,2026-06-09,US202601130003,18,09:00,09:30,休,rest
US00019,2026-06-09,US202601130003,19,09:30,10:00,班,on_duty
US00019,2026-06-09,US202601130003,20,10:00,10:30,班,on_duty
US00019,2026-06-09,US202601130003,21,10:30,11:00,班,on_duty
US00019,2026-06-09,US202601130003,22,11:00,11:30,班,on_duty
US00019,2026-06-09,US202601130003,23,11:30,12:00,班,on_duty
US00019,2026-06-09,US202601130003,24,12:00,12:30,班,on_duty
US00019,2026-06-09,US202601130003,25,12:30,13:00,班,on_duty
US00019,2026-06-09,US202601130003,26,13:00,13:30,班,on_duty
US00019,2026-06-09,US202601130003,27,13:30,14:00,班,on_duty
US00019,2026-06-09,US202601130003,28,14:00,14:30,班,on_duty
US00019,2026-06-09,US202602180011,12,06:00,06:30,班,on_duty
US00019,2026-06-09,US202602180011,13,06:30,07:00,班,on_duty
US00019,2026-06-09,US202602180011,14,07:00,07:30,班,on_duty
US00019,2026-06-09,US202602180011,15,07:30,08:00,班,on_duty
US00019,2026-06-09,US202602180011,16,08:00,08:30,班,on_duty
US00019,2026-06-09,US202602180011,17,08:30,09:00,班,on_duty
US00019,2026-06-09,US202602180011,18,09:00,09:30,班,on_duty
US00019,2026-06-09,US202602180011,19,09:30,10:00,班,on_duty
US00019,2026-06-09,US202602180011,20,10:00,10:30,休,rest
US00019,2026-06-09,US202602180011,21,10:30,11:00,休,rest
US00019,2026-06-09,US202602180011,22,11:00,11:30,班,on_duty
US00019,2026-06-09,US202602180011,23,11:30,12:00,班,on_duty
US00019,2026-06-09,US202602180011,24,12:00,12:30,班,on_duty
US00019,2026-06-09,US202602180011,25,12:30,13:00,班,on_duty
US00019,2026-06-09,US202602180011,26,13:00,13:30,班,on_duty
US00019,2026-06-09,US202602180011,27,13:30,14:00,班,on_duty
US00019,2026-06-09,US202602240002,12,06:00,06:30,班,on_duty
US00019,2026-06-09,US202602240002,13,06:30,07:00,班,on_duty
US00019,2026-06-09,US202602240002,14,07:00,07:30,班,on_duty
US00019,2026-06-09,US202602240002,15,07:30,08:00,班,on_duty
US00019,2026-06-09,US202602240002,16,08:00,08:30,班,on_duty
US00019,2026-06-09,US202602240002,17,08:30,09:00,班,on_duty
US00019,2026-06-09,US202602240002,18,09:00,09:30,休,rest
US00019,2026-06-09,US202602240002,19,09:30,10:00,休,rest
US00019,2026-06-09,US202602240002,20,10:00,10:30,班,on_duty
US00019,2026-06-09,US202602240002,21,10:30,11:00,班,on_duty
US00019,2026-06-09,US202602240002,22,11:00,11:30,班,on_duty
US00019,2026-06-09,US202602240002,23,11:30,12:00,班,on_duty
US00019,2026-06-09,US202602240002,24,12:00,12:30,班,on_duty
US00019,2026-06-09,US202602240002,25,12:30,13:00,班,on_duty
US00019,2026-06-09,US202602240002,26,13:00,13:30,班,on_duty
US00019,2026-06-09,US202602240002,27,13:30,14:00,班,on_duty
US00019,2026-06-09,US202603030004,28,14:00,14:30,班,on_duty
US00019,2026-06-09,US202603030004,29,14:30,15:00,班,on_duty
US00019,2026-06-09,US202603030004,30,15:00,15:30,班,on_duty
US00019,2026-06-09,US202603030004,31,15:30,16:00,班,on_duty
US00019,2026-06-09,US202603030004,32,16:00,16:30,班,on_duty
US00019,2026-06-09,US202603030004,33,16:30,17:00,班,on_duty
US00019,2026-06-09,US202603030004,34,17:00,17:30,班,on_duty
US00019,2026-06-09,US202603030004,35,17:30,18:00,班,on_duty
US00019,2026-06-09,US202603030004,36,18:00,18:30,班,on_duty
US00019,2026-06-09,US202603030004,37,18:30,19:00,休,rest
US00019,2026-06-09,US202603030004,38,19:00,19:30,休,rest
US00019,2026-06-09,US202603030004,39,19:30,20:00,班,on_duty
US00019,2026-06-09,US202603030004,40,20:00,20:30,班,on_duty
US00019,2026-06-09,US202603030004,41,20:30,21:00,班,on_duty
US00019,2026-06-09,US202603030004,42,21:00,21:30,班,on_duty
US00019,2026-06-09,US202603030004,43,21:30,22:00,班,on_duty
US00019,2026-06-09,US202603170004,36,18:00,18:30,班,on_duty
US00019,2026-06-09,US202603170004,37,18:30,19:00,班,on_duty
US00019,2026-06-09,US202603170004,38,19:00,19:30,班,on_duty
US00019,2026-06-09,US202603170004,39,19:30,20:00,班,on_duty
US00019,2026-06-09,US202603170004,40,20:00,20:30,班,on_duty
US00019,2026-06-09,US202603170004,41,20:30,21:00,班,on_duty
US00019,2026-06-09,US202603170004,42,21:00,21:30,班,on_duty
US00019,2026-06-09,US202603170004,43,21:30,22:00,班,on_duty
US00019,2026-06-09,US202603260011,18,09:00,09:30,班,on_duty
US00019,2026-06-09,US202603260011,19,09:30,10:00,班,on_duty
US00019,2026-06-09,US202603260011,20,10:00,10:30,班,on_duty
US00019,2026-06-09,US202603260011,21,10:30,11:00,班,on_duty
US00019,2026-06-09,US202603260011,22,11:00,11:30,班,on_duty
US00019,2026-06-09,US202603260011,23,11:30,12:00,班,on_duty
US00019,2026-06-09,US202603260011,24,12:00,12:30,休,rest
US00019,2026-06-09,US202603260011,25,12:30,13:00,班,on_duty
US00019,2026-06-09,US202603260011,26,13:00,13:30,班,on_duty
US00019,2026-06-09,US202603260011,27,13:30,14:00,班,on_duty
US00019,2026-06-09,US202603260011,28,14:00,14:30,班,on_duty
US00019,2026-06-09,US202603260011,29,14:30,15:00,班,on_duty
US00019,2026-06-09,US202603260011,30,15:00,15:30,班,on_duty
US00019,2026-06-09,US202603260011,31,15:30,16:00,班,on_duty
US00019,2026-06-09,US202603260011,32,16:00,16:30,班,on_duty
US00019,2026-06-09,US202605260006,12,06:00,06:30,班,on_duty
US00019,2026-06-09,US202605260006,13,06:30,07:00,班,on_duty
US00019,2026-06-09,US202605260006,14,07:00,07:30,班,on_duty
US00019,2026-06-09,US202605260006,15,07:30,08:00,班,on_duty
US00019,2026-06-09,US202605260006,16,08:00,08:30,班,on_duty
US00019,2026-06-09,US202605260006,17,08:30,09:00,班,on_duty
US00019,2026-06-09,US202605260006,18,09:00,09:30,休,rest
US00019,2026-06-09,US202605260006,19,09:30,10:00,休,rest
US00019,2026-06-09,US202605260006,20,10:00,10:30,班,on_duty
US00019,2026-06-09,US202605260006,21,10:30,11:00,班,on_duty
US00019,2026-06-09,US202605260006,22,11:00,11:30,班,on_duty
US00019,2026-06-09,US202605260006,23,11:30,12:00,班,on_duty
US00019,2026-06-09,US202605260006,24,12:00,12:30,班,on_duty
US00019,2026-06-09,US202605260006,25,12:30,13:00,班,on_duty
US00019,2026-06-09,US202605260006,26,13:00,13:30,班,on_duty
US00019,2026-06-09,US202605260006,27,13:30,14:00,班,on_duty
US00019,2026-06-10,US202509160005,27,13:30,14:00,班,on_duty
US00019,2026-06-10,US202509160005,28,14:00,14:30,班,on_duty
US00019,2026-06-10,US202509160005,29,14:30,15:00,班,on_duty
US00019,2026-06-10,US202509160005,30,15:00,15:30,班,on_duty
US00019,2026-06-10,US202509160005,31,15:30,16:00,班,on_duty
US00019,2026-06-10,US202509160005,32,16:00,16:30,班,on_duty
US00019,2026-06-10,US202509160005,33,16:30,17:00,休,rest
US00019,2026-06-10,US202509160005,34,17:00,17:30,休,rest
US00019,2026-06-10,US202509160005,35,17:30,18:00,班,on_duty
US00019,2026-06-10,US202509160005,36,18:00,18:30,班,on_duty
US00019,2026-06-10,US202509160005,37,18:30,19:00,班,on_duty
US00019,2026-06-10,US202509160005,38,19:00,19:30,班,on_duty
US00019,2026-06-10,US202509160005,39,19:30,20:00,班,on_duty
US00019,2026-06-10,US202509160005,40,20:00,20:30,班,on_duty
US00019,2026-06-10,US202509160005,41,20:30,21:00,班,on_duty
US00019,2026-06-10,US202509160005,42,21:00,21:30,班,on_duty
US00019,2026-06-10,US202509160005,43,21:30,22:00,班,on_duty
US00019,2026-06-10,US202510140008,33,16:30,17:00,班,on_duty
US00019,2026-06-10,US202510140008,34,17:00,17:30,班,on_duty
US00019,2026-06-10,US202510140008,35,17:30,18:00,班,on_duty
US00019,2026-06-10,US202510140008,36,18:00,18:30,班,on_duty
US00019,2026-06-10,US202510140008,37,18:30,19:00,班,on_duty
US00019,2026-06-10,US202510140008,38,19:00,19:30,班,on_duty
US00019,2026-06-10,US202510140008,39,19:30,20:00,班,on_duty
US00019,2026-06-10,US202510140008,40,20:00,20:30,班,on_duty
US00019,2026-06-10,US202510140008,41,20:30,21:00,班,on_duty
US00019,2026-06-10,US202510140008,42,21:00,21:30,班,on_duty
US00019,2026-06-10,US202510140008,43,21:30,22:00,班,on_duty
US00019,2026-06-10,US202601130003,12,06:00,06:30,班,on_duty
US00019,2026-06-10,US202601130003,13,06:30,07:00,班,on_duty
US00019,2026-06-10,US202601130003,14,07:00,07:30,班,on_duty
US00019,2026-06-10,US202601130003,15,07:30,08:00,班,on_duty
US00019,2026-06-10,US202601130003,16,08:00,08:30,班,on_duty
US00019,2026-06-10,US202601130003,17,08:30,09:00,休,rest
US00019,2026-06-10,US202601130003,18,09:00,09:30,休,rest
US00019,2026-06-10,US202601130003,19,09:30,10:00,班,on_duty
US00019,2026-06-10,US202601130003,20,10:00,10:30,班,on_duty
US00019,2026-06-10,US202601130003,21,10:30,11:00,班,on_duty
US00019,2026-06-10,US202601130003,22,11:00,11:30,班,on_duty
US00019,2026-06-10,US202601130003,23,11:30,12:00,班,on_duty
US00019,2026-06-10,US202601130003,24,12:00,12:30,班,on_duty
US00019,2026-06-10,US202601130003,25,12:30,13:00,班,on_duty
US00019,2026-06-10,US202601130003,26,13:00,13:30,班,on_duty
US00019,2026-06-10,US202601130003,27,13:30,14:00,班,on_duty
US00019,2026-06-10,US202601130003,28,14:00,14:30,班,on_duty
US00019,2026-06-10,US202602180011,12,06:00,06:30,班,on_duty
US00019,2026-06-10,US202602180011,13,06:30,07:00,班,on_duty
US00019,2026-06-10,US202602180011,14,07:00,07:30,班,on_duty
US00019,2026-06-10,US202602180011,15,07:30,08:00,班,on_duty
US00019,2026-06-10,US202602180011,16,08:00,08:30,班,on_duty
US00019,2026-06-10,US202602180011,17,08:30,09:00,班,on_duty
US00019,2026-06-10,US202602180011,18,09:00,09:30,休,rest
US00019,2026-06-10,US202602180011,19,09:30,10:00,休,rest
US00019,2026-06-10,US202602180011,20,10:00,10:30,班,on_duty
US00019,2026-06-10,US202602180011,21,10:30,11:00,班,on_duty
US00019,2026-06-10,US202602180011,22,11:00,11:30,班,on_duty
US00019,2026-06-10,US202602180011,23,11:30,12:00,班,on_duty
US00019,2026-06-10,US202602180011,24,12:00,12:30,班,on_duty
US00019,2026-06-10,US202602180011,25,12:30,13:00,班,on_duty
US00019,2026-06-10,US202602180011,26,13:00,13:30,班,on_duty
US00019,2026-06-10,US202602180011,27,13:30,14:00,班,on_duty
US00019,2026-06-10,US202602240002,12,06:00,06:30,班,on_duty
US00019,2026-06-10,US202602240002,13,06:30,07:00,班,on_duty
US00019,2026-06-10,US202602240002,14,07:00,07:30,班,on_duty
US00019,2026-06-10,US202602240002,15,07:30,08:00,班,on_duty
US00019,2026-06-10,US202602240002,16,08:00,08:30,班,on_duty
US00019,2026-06-10,US202602240002,17,08:30,09:00,班,on_duty
US00019,2026-06-10,US202602240002,18,09:00,09:30,休,rest
US00019,2026-06-10,US202602240002,19,09:30,10:00,休,rest
US00019,2026-06-10,US202602240002,20,10:00,10:30,班,on_duty
US00019,2026-06-10,US202602240002,21,10:30,11:00,班,on_duty
US00019,2026-06-10,US202602240002,22,11:00,11:30,班,on_duty
US00019,2026-06-10,US202602240002,23,11:30,12:00,班,on_duty
US00019,2026-06-10,US202602240002,24,12:00,12:30,班,on_duty
US00019,2026-06-10,US202602240002,25,12:30,13:00,班,on_duty
US00019,2026-06-10,US202602240002,26,13:00,13:30,班,on_duty
US00019,2026-06-10,US202602240002,27,13:30,14:00,班,on_duty
US00019,2026-06-10,US202603170002,19,09:30,10:00,训,training
US00019,2026-06-10,US202603170002,20,10:00,10:30,训,training
US00019,2026-06-10,US202603170002,21,10:30,11:00,训,training
US00019,2026-06-10,US202603170002,22,11:00,11:30,休,rest
US00019,2026-06-10,US202603170002,23,11:30,12:00,休,rest
US00019,2026-06-10,US202603170002,24,12:00,12:30,训,training
US00019,2026-06-10,US202603170002,25,12:30,13:00,训,training
US00019,2026-06-10,US202603170002,26,13:00,13:30,训,training
US00019,2026-06-10,US202603170002,27,13:30,14:00,训,training
US00019,2026-06-10,US202603170002,28,14:00,14:30,训,training
US00019,2026-06-10,US202603170002,29,14:30,15:00,训,training
US00019,2026-06-10,US202603170002,30,15:00,15:30,训,training
US00019,2026-06-10,US202603170002,31,15:30,16:00,训,training
US00019,2026-06-10,US202603170002,32,16:00,16:30,训,training
US00019,2026-06-10,US202603260011,28,14:00,14:30,班,on_duty
US00019,2026-06-10,US202603260011,29,14:30,15:00,班,on_duty
US00019,2026-06-10,US202603260011,30,15:00,15:30,班,on_duty
US00019,2026-06-10,US202603260011,31,15:30,16:00,班,on_duty
US00019,2026-06-10,US202603260011,32,16:00,16:30,班,on_duty
US00019,2026-06-10,US202603260011,33,16:30,17:00,班,on_duty
US00019,2026-06-10,US202603260011,34,17:00,17:30,班,on_duty
US00019,2026-06-10,US202603260011,35,17:30,18:00,休,rest
US00019,2026-06-10,US202603260011,36,18:00,18:30,休,rest
US00019,2026-06-10,US202603260011,37,18:30,19:00,班,on_duty
US00019,2026-06-10,US202603260011,38,19:00,19:30,班,on_duty
US00019,2026-06-10,US202603260011,39,19:30,20:00,班,on_duty
US00019,2026-06-10,US202603260011,40,20:00,20:30,班,on_duty
US00019,2026-06-10,US202603260011,41,20:30,21:00,班,on_duty
US00019,2026-06-10,US202603260011,42,21:00,21:30,班,on_duty
US00019,2026-06-10,US202603260011,43,21:30,22:00,班,on_duty
US00019,2026-06-10,US202605190001,12,06:00,06:30,班,on_duty
US00019,2026-06-10,US202605190001,13,06:30,07:00,班,on_duty
US00019,2026-06-10,US202605190001,14,07:00,07:30,班,on_duty
US00019,2026-06-10,US202605190001,15,07:30,08:00,班,on_duty
US00019,2026-06-10,US202605190001,16,08:00,08:30,班,on_duty
US00019,2026-06-10,US202605190001,17,08:30,09:00,休,rest
US00019,2026-06-10,US202605190001,18,09:00,09:30,休,rest
US00019,2026-06-10,US202605190001,19,09:30,10:00,班,on_duty
US00019,2026-06-10,US202605190001,20,10:00,10:30,班,on_duty
US00019,2026-06-10,US202605190001,21,10:30,11:00,班,on_duty
US00019,2026-06-10,US202605190001,22,11:00,11:30,班,on_duty
US00019,2026-06-10,US202605190001,23,11:30,12:00,班,on_duty
US00019,2026-06-10,US202605190001,24,12:00,12:30,班,on_duty
US00019,2026-06-10,US202605190001,25,12:30,13:00,班,on_duty
US00019,2026-06-10,US202605190001,26,13:00,13:30,班,on_duty
US00019,2026-06-10,US202605190001,27,13:30,14:00,班,on_duty
US00019,2026-06-10,US202605260006,28,14:00,14:30,班,on_duty
US00019,2026-06-10,US202605260006,29,14:30,15:00,班,on_duty
US00019,2026-06-10,US202605260006,30,15:00,15:30,班,on_duty
US00019,2026-06-10,US202605260006,31,15:30,16:00,班,on_duty
US00019,2026-06-10,US202605260006,32,16:00,16:30,班,on_duty
US00019,2026-06-10,US202605260006,33,16:30,17:00,班,on_duty
US00019,2026-06-10,US202605260006,34,17:00,17:30,休,rest
US00019,2026-06-10,US202605260006,35,17:30,18:00,休,rest
US00019,2026-06-10,US202605260006,36,18:00,18:30,班,on_duty
US00019,2026-06-10,US202605260006,37,18:30,19:00,班,on_duty
US00019,2026-06-10,US202605260006,38,19:00,19:30,班,on_duty
US00019,2026-06-10,US202605260006,39,19:30,20:00,班,on_duty
US00019,2026-06-10,US202605260006,40,20:00,20:30,班,on_duty
US00019,2026-06-10,US202605260006,41,20:30,21:00,班,on_duty
US00019,2026-06-10,US202605260006,42,21:00,21:30,班,on_duty
US00019,2026-06-10,US202605260006,43,21:30,22:00,班,on_duty
US00019,2026-06-11,US202506160005,27,13:30,14:00,班,on_duty
US00019,2026-06-11,US202506160005,28,14:00,14:30,班,on_duty
US00019,2026-06-11,US202506160005,29,14:30,15:00,班,on_duty
US00019,2026-06-11,US202506160005,30,15:00,15:30,班,on_duty
US00019,2026-06-11,US202506160005,31,15:30,16:00,班,on_duty
US00019,2026-06-11,US202506160005,32,16:00,16:30,班,on_duty
US00019,2026-06-11,US202506160005,33,16:30,17:00,班,on_duty
US00019,2026-06-11,US202506160005,34,17:00,17:30,休,rest
US00019,2026-06-11,US202506160005,35,17:30,18:00,休,rest
US00019,2026-06-11,US202506160005,36,18:00,18:30,班,on_duty
US00019,2026-06-11,US202506160005,37,18:30,19:00,班,on_duty
US00019,2026-06-11,US202506160005,38,19:00,19:30,班,on_duty
US00019,2026-06-11,US202506160005,39,19:30,20:00,班,on_duty
US00019,2026-06-11,US202506160005,40,20:00,20:30,班,on_duty
US00019,2026-06-11,US202506160005,41,20:30,21:00,班,on_duty
US00019,2026-06-11,US202506160005,42,21:00,21:30,班,on_duty
US00019,2026-06-11,US202506160005,43,21:30,22:00,班,on_duty
US00019,2026-06-11,US202510140008,33,16:30,17:00,班,on_duty
US00019,2026-06-11,US202510140008,34,17:00,17:30,班,on_duty
US00019,2026-06-11,US202510140008,35,17:30,18:00,班,on_duty
US00019,2026-06-11,US202510140008,36,18:00,18:30,班,on_duty
US00019,2026-06-11,US202510140008,37,18:30,19:00,班,on_duty
US00019,2026-06-11,US202510140008,38,19:00,19:30,班,on_duty
US00019,2026-06-11,US202510140008,39,19:30,20:00,班,on_duty
US00019,2026-06-11,US202510140008,40,20:00,20:30,班,on_duty
US00019,2026-06-11,US202510140008,41,20:30,21:00,班,on_duty
US00019,2026-06-11,US202510140008,42,21:00,21:30,班,on_duty
US00019,2026-06-11,US202510140008,43,21:30,22:00,班,on_duty
US00019,2026-06-11,US202602180011,12,06:00,06:30,班,on_duty
US00019,2026-06-11,US202602180011,13,06:30,07:00,班,on_duty
US00019,2026-06-11,US202602180011,14,07:00,07:30,班,on_duty
US00019,2026-06-11,US202602180011,15,07:30,08:00,班,on_duty
US00019,2026-06-11,US202602180011,16,08:00,08:30,班,on_duty
US00019,2026-06-11,US202602180011,17,08:30,09:00,班,on_duty
US00019,2026-06-11,US202602180011,18,09:00,09:30,班,on_duty
US00019,2026-06-11,US202602180011,19,09:30,10:00,班,on_duty
US00019,2026-06-11,US202602180011,20,10:00,10:30,休,rest
US00019,2026-06-11,US202602180011,21,10:30,11:00,休,rest
US00019,2026-06-11,US202602180011,22,11:00,11:30,班,on_duty
US00019,2026-06-11,US202602180011,23,11:30,12:00,班,on_duty
US00019,2026-06-11,US202602180011,24,12:00,12:30,班,on_duty
US00019,2026-06-11,US202602180011,25,12:30,13:00,班,on_duty
US00019,2026-06-11,US202602180011,26,13:00,13:30,班,on_duty
US00019,2026-06-11,US202602180011,27,13:30,14:00,班,on_duty
US00019,2026-06-11,US202602240002,28,14:00,14:30,班,on_duty
US00019,2026-06-11,US202602240002,29,14:30,15:00,班,on_duty
US00019,2026-06-11,US202602240002,30,15:00,15:30,班,on_duty
US00019,2026-06-11,US202602240002,31,15:30,16:00,班,on_duty
US00019,2026-06-11,US202602240002,32,16:00,16:30,班,on_duty
US00019,2026-06-11,US202602240002,33,16:30,17:00,班,on_duty
US00019,2026-06-11,US202602240002,34,17:00,17:30,班,on_duty
US00019,2026-06-11,US202602240002,35,17:30,18:00,休,rest
US00019,2026-06-11,US202602240002,36,18:00,18:30,休,rest
US00019,2026-06-11,US202602240002,37,18:30,19:00,班,on_duty
US00019,2026-06-11,US202602240002,38,19:00,19:30,班,on_duty
US00019,2026-06-11,US202602240002,39,19:30,20:00,班,on_duty
US00019,2026-06-11,US202602240002,40,20:00,20:30,班,on_duty
US00019,2026-06-11,US202602240002,41,20:30,21:00,班,on_duty
US00019,2026-06-11,US202602240002,42,21:00,21:30,班,on_duty
US00019,2026-06-11,US202602240002,43,21:30,22:00,班,on_duty
US00019,2026-06-11,US202603030004,12,06:00,06:30,班,on_duty
US00019,2026-06-11,US202603030004,13,06:30,07:00,班,on_duty
US00019,2026-06-11,US202603030004,14,07:00,07:30,班,on_duty
US00019,2026-06-11,US202603030004,15,07:30,08:00,班,on_duty
US00019,2026-06-11,US202603030004,16,08:00,08:30,班,on_duty
US00019,2026-06-11,US202603030004,17,08:30,09:00,班,on_duty
US00019,2026-06-11,US202603030004,18,09:00,09:30,休,rest
US00019,2026-06-11,US202603030004,19,09:30,10:00,休,rest
US00019,2026-06-11,US202603030004,20,10:00,10:30,班,on_duty
US00019,2026-06-11,US202603030004,21,10:30,11:00,班,on_duty
US00019,2026-06-11,US202603030004,22,11:00,11:30,班,on_duty
US00019,2026-06-11,US202603030004,23,11:30,12:00,班,on_duty
US00019,2026-06-11,US202603030004,24,12:00,12:30,班,on_duty
US00019,2026-06-11,US202603030004,25,12:30,13:00,班,on_duty
US00019,2026-06-11,US202603030004,26,13:00,13:30,班,on_duty
US00019,2026-06-11,US202603030004,27,13:30,14:00,班,on_duty
US00019,2026-06-11,US202603170002,12,06:00,06:30,班,on_duty
US00019,2026-06-11,US202603170002,13,06:30,07:00,班,on_duty
US00019,2026-06-11,US202603170002,14,07:00,07:30,班,on_duty
US00019,2026-06-11,US202603170002,15,07:30,08:00,班,on_duty
US00019,2026-06-11,US202603170002,16,08:00,08:30,班,on_duty
US00019,2026-06-11,US202603170002,17,08:30,09:00,休,rest
US00019,2026-06-11,US202603170002,18,09:00,09:30,休,rest
US00019,2026-06-11,US202603170002,19,09:30,10:00,班,on_duty
US00019,2026-06-11,US202603170002,20,10:00,10:30,班,on_duty
US00019,2026-06-11,US202603170002,21,10:30,11:00,班,on_duty
US00019,2026-06-11,US202603170002,22,11:00,11:30,班,on_duty
US00019,2026-06-11,US202603170002,23,11:30,12:00,班,on_duty
US00019,2026-06-11,US202603170002,24,12:00,12:30,班,on_duty
US00019,2026-06-11,US202603170002,25,12:30,13:00,班,on_duty
US00019,2026-06-11,US202603170002,26,13:00,13:30,班,on_duty
US00019,2026-06-11,US202603170002,27,13:30,14:00,班,on_duty
US00019,2026-06-11,US202603170002,28,14:00,14:30,班,on_duty
US00019,2026-06-11,US202605190001,28,14:00,14:30,班,on_duty
US00019,2026-06-11,US202605190001,29,14:30,15:00,班,on_duty
US00019,2026-06-11,US202605190001,30,15:00,15:30,班,on_duty
US00019,2026-06-11,US202605190001,31,15:30,16:00,班,on_duty
US00019,2026-06-11,US202605190001,32,16:00,16:30,班,on_duty
US00019,2026-06-11,US202605190001,33,16:30,17:00,班,on_duty
US00019,2026-06-11,US202605190001,34,17:00,17:30,班,on_duty
US00019,2026-06-11,US202605190001,35,17:30,18:00,休,rest
US00019,2026-06-11,US202605190001,36,18:00,18:30,休,rest
US00019,2026-06-11,US202605190001,37,18:30,19:00,班,on_duty
US00019,2026-06-11,US202605190001,38,19:00,19:30,班,on_duty
US00019,2026-06-11,US202605190001,39,19:30,20:00,班,on_duty
US00019,2026-06-11,US202605190001,40,20:00,20:30,班,on_duty
US00019,2026-06-11,US202605190001,41,20:30,21:00,班,on_duty
US00019,2026-06-11,US202605190001,42,21:00,21:30,班,on_duty
US00019,2026-06-11,US202605190001,43,21:30,22:00,班,on_duty
US00019,2026-06-12,US202506160005,27,13:30,14:00,班,on_duty
US00019,2026-06-12,US202506160005,28,14:00,14:30,班,on_duty
US00019,2026-06-12,US202506160005,29,14:30,15:00,班,on_duty
US00019,2026-06-12,US202506160005,30,15:00,15:30,班,on_duty
US00019,2026-06-12,US202506160005,31,15:30,16:00,班,on_duty
US00019,2026-06-12,US202506160005,32,16:00,16:30,班,on_duty
US00019,2026-06-12,US202506160005,33,16:30,17:00,班,on_duty
US00019,2026-06-12,US202506160005,34,17:00,17:30,休,rest
US00019,2026-06-12,US202506160005,35,17:30,18:00,休,rest
US00019,2026-06-12,US202506160005,36,18:00,18:30,班,on_duty
US00019,2026-06-12,US202506160005,37,18:30,19:00,班,on_duty
US00019,2026-06-12,US202506160005,38,19:00,19:30,班,on_duty
US00019,2026-06-12,US202506160005,39,19:30,20:00,班,on_duty
US00019,2026-06-12,US202506160005,40,20:00,20:30,班,on_duty
US00019,2026-06-12,US202506160005,41,20:30,21:00,班,on_duty
US00019,2026-06-12,US202506160005,42,21:00,21:30,班,on_duty
US00019,2026-06-12,US202506160005,43,21:30,22:00,班,on_duty
US00019,2026-06-12,US202601130003,27,13:30,14:00,班,on_duty
US00019,2026-06-12,US202601130003,28,14:00,14:30,班,on_duty
US00019,2026-06-12,US202601130003,29,14:30,15:00,班,on_duty
US00019,2026-06-12,US202601130003,30,15:00,15:30,班,on_duty
US00019,2026-06-12,US202601130003,31,15:30,16:00,班,on_duty
US00019,2026-06-12,US202601130003,32,16:00,16:30,班,on_duty
US00019,2026-06-12,US202601130003,33,16:30,17:00,休,rest
US00019,2026-06-12,US202601130003,34,17:00,17:30,休,rest
US00019,2026-06-12,US202601130003,35,17:30,18:00,班,on_duty
US00019,2026-06-12,US202601130003,36,18:00,18:30,班,on_duty
US00019,2026-06-12,US202601130003,37,18:30,19:00,班,on_duty
US00019,2026-06-12,US202601130003,38,19:00,19:30,班,on_duty
US00019,2026-06-12,US202601130003,39,19:30,20:00,班,on_duty
US00019,2026-06-12,US202601130003,40,20:00,20:30,班,on_duty
US00019,2026-06-12,US202601130003,41,20:30,21:00,班,on_duty
US00019,2026-06-12,US202601130003,42,21:00,21:30,班,on_duty
US00019,2026-06-12,US202601130003,43,21:30,22:00,班,on_duty
US00019,2026-06-12,US202602180011,12,06:00,06:30,班,on_duty
US00019,2026-06-12,US202602180011,13,06:30,07:00,班,on_duty
US00019,2026-06-12,US202602180011,14,07:00,07:30,班,on_duty
US00019,2026-06-12,US202602180011,15,07:30,08:00,班,on_duty
US00019,2026-06-12,US202602180011,16,08:00,08:30,班,on_duty
US00019,2026-06-12,US202602180011,17,08:30,09:00,班,on_duty
US00019,2026-06-12,US202602180011,18,09:00,09:30,班,on_duty
US00019,2026-06-12,US202602180011,19,09:30,10:00,班,on_duty
US00019,2026-06-12,US202602180011,20,10:00,10:30,休,rest
US00019,2026-06-12,US202602180011,21,10:30,11:00,休,rest
US00019,2026-06-12,US202602180011,22,11:00,11:30,班,on_duty
US00019,2026-06-12,US202602180011,23,11:30,12:00,班,on_duty
US00019,2026-06-12,US202602180011,24,12:00,12:30,班,on_duty
US00019,2026-06-12,US202602180011,25,12:30,13:00,班,on_duty
US00019,2026-06-12,US202602180011,26,13:00,13:30,班,on_duty
US00019,2026-06-12,US202602180011,27,13:30,14:00,班,on_duty
US00019,2026-06-12,US202602240002,28,14:00,14:30,班,on_duty
US00019,2026-06-12,US202602240002,29,14:30,15:00,班,on_duty
US00019,2026-06-12,US202602240002,30,15:00,15:30,班,on_duty
US00019,2026-06-12,US202602240002,31,15:30,16:00,班,on_duty
US00019,2026-06-12,US202602240002,32,16:00,16:30,班,on_duty
US00019,2026-06-12,US202602240002,33,16:30,17:00,班,on_duty
US00019,2026-06-12,US202602240002,34,17:00,17:30,休,rest
US00019,2026-06-12,US202602240002,35,17:30,18:00,休,rest
US00019,2026-06-12,US202602240002,36,18:00,18:30,班,on_duty
US00019,2026-06-12,US202602240002,37,18:30,19:00,班,on_duty
US00019,2026-06-12,US202602240002,38,19:00,19:30,班,on_duty
US00019,2026-06-12,US202602240002,39,19:30,20:00,班,on_duty
US00019,2026-06-12,US202602240002,40,20:00,20:30,班,on_duty
US00019,2026-06-12,US202602240002,41,20:30,21:00,班,on_duty
US00019,2026-06-12,US202602240002,42,21:00,21:30,班,on_duty
US00019,2026-06-12,US202602240002,43,21:30,22:00,班,on_duty
US00019,2026-06-12,US202603030004,12,06:00,06:30,班,on_duty
US00019,2026-06-12,US202603030004,13,06:30,07:00,班,on_duty
US00019,2026-06-12,US202603030004,14,07:00,07:30,班,on_duty
US00019,2026-06-12,US202603030004,15,07:30,08:00,班,on_duty
US00019,2026-06-12,US202603030004,16,08:00,08:30,班,on_duty
US00019,2026-06-12,US202603030004,17,08:30,09:00,班,on_duty
US00019,2026-06-12,US202603030004,18,09:00,09:30,休,rest
US00019,2026-06-12,US202603030004,19,09:30,10:00,休,rest
US00019,2026-06-12,US202603030004,20,10:00,10:30,班,on_duty
US00019,2026-06-12,US202603030004,21,10:30,11:00,班,on_duty
US00019,2026-06-12,US202603030004,22,11:00,11:30,班,on_duty
US00019,2026-06-12,US202603030004,23,11:30,12:00,班,on_duty
US00019,2026-06-12,US202603030004,24,12:00,12:30,班,on_duty
US00019,2026-06-12,US202603030004,25,12:30,13:00,班,on_duty
US00019,2026-06-12,US202603030004,26,13:00,13:30,班,on_duty
US00019,2026-06-12,US202603030004,27,13:30,14:00,班,on_duty
US00019,2026-06-12,US202603170002,12,06:00,06:30,班,on_duty
US00019,2026-06-12,US202603170002,13,06:30,07:00,班,on_duty
US00019,2026-06-12,US202603170002,14,07:00,07:30,班,on_duty
US00019,2026-06-12,US202603170002,15,07:30,08:00,班,on_duty
US00019,2026-06-12,US202603170002,16,08:00,08:30,班,on_duty
US00019,2026-06-12,US202603170002,17,08:30,09:00,休,rest
US00019,2026-06-12,US202603170002,18,09:00,09:30,休,rest
US00019,2026-06-12,US202603170002,19,09:30,10:00,班,on_duty
US00019,2026-06-12,US202603170002,20,10:00,10:30,班,on_duty
US00019,2026-06-12,US202603170002,21,10:30,11:00,班,on_duty
US00019,2026-06-12,US202603170002,22,11:00,11:30,班,on_duty
US00019,2026-06-12,US202603170002,23,11:30,12:00,班,on_duty
US00019,2026-06-12,US202603170002,24,12:00,12:30,班,on_duty
US00019,2026-06-12,US202603170002,25,12:30,13:00,班,on_duty
US00019,2026-06-12,US202603170002,26,13:00,13:30,班,on_duty
US00019,2026-06-12,US202603170002,27,13:30,14:00,班,on_duty
US00019,2026-06-12,US202603170002,28,14:00,14:30,班,on_duty
US00019,2026-06-12,US202605190001,28,14:00,14:30,班,on_duty
US00019,2026-06-12,US202605190001,29,14:30,15:00,班,on_duty
US00019,2026-06-12,US202605190001,30,15:00,15:30,班,on_duty
US00019,2026-06-12,US202605190001,31,15:30,16:00,班,on_duty
US00019,2026-06-12,US202605190001,32,16:00,16:30,班,on_duty
US00019,2026-06-12,US202605190001,33,16:30,17:00,班,on_duty
US00019,2026-06-12,US202605190001,34,17:00,17:30,班,on_duty
US00019,2026-06-12,US202605190001,35,17:30,18:00,班,on_duty
US00019,2026-06-12,US202605190001,36,18:00,18:30,休,rest
US00019,2026-06-12,US202605190001,37,18:30,19:00,休,rest
US00019,2026-06-12,US202605190001,38,19:00,19:30,班,on_duty
US00019,2026-06-12,US202605190001,39,19:30,20:00,班,on_duty
US00019,2026-06-12,US202605190001,40,20:00,20:30,班,on_duty
US00019,2026-06-12,US202605190001,41,20:30,21:00,班,on_duty
US00019,2026-06-12,US202605190001,42,21:00,21:30,班,on_duty
US00019,2026-06-12,US202605190001,43,21:30,22:00,班,on_duty
US00019,2026-06-13,US202506160005,27,13:30,14:00,班,on_duty
US00019,2026-06-13,US202506160005,28,14:00,14:30,班,on_duty
US00019,2026-06-13,US202506160005,29,14:30,15:00,班,on_duty
US00019,2026-06-13,US202506160005,30,15:00,15:30,班,on_duty
US00019,2026-06-13,US202506160005,31,15:30,16:00,班,on_duty
US00019,2026-06-13,US202506160005,32,16:00,16:30,班,on_duty
US00019,2026-06-13,US202506160005,33,16:30,17:00,班,on_duty
US00019,2026-06-13,US202506160005,34,17:00,17:30,休,rest
US00019,2026-06-13,US202506160005,35,17:30,18:00,休,rest
US00019,2026-06-13,US202506160005,36,18:00,18:30,班,on_duty
US00019,2026-06-13,US202506160005,37,18:30,19:00,班,on_duty
US00019,2026-06-13,US202506160005,38,19:00,19:30,班,on_duty
US00019,2026-06-13,US202506160005,39,19:30,20:00,班,on_duty
US00019,2026-06-13,US202506160005,40,20:00,20:30,班,on_duty
US00019,2026-06-13,US202506160005,41,20:30,21:00,班,on_duty
US00019,2026-06-13,US202506160005,42,21:00,21:30,班,on_duty
US00019,2026-06-13,US202506160005,43,21:30,22:00,班,on_duty
US00019,2026-06-13,US202509160005,12,06:00,06:30,班,on_duty
US00019,2026-06-13,US202509160005,13,06:30,07:00,班,on_duty
US00019,2026-06-13,US202509160005,14,07:00,07:30,班,on_duty
US00019,2026-06-13,US202509160005,15,07:30,08:00,班,on_duty
US00019,2026-06-13,US202509160005,16,08:00,08:30,班,on_duty
US00019,2026-06-13,US202509160005,17,08:30,09:00,班,on_duty
US00019,2026-06-13,US202509160005,18,09:00,09:30,休,rest
US00019,2026-06-13,US202509160005,19,09:30,10:00,休,rest
US00019,2026-06-13,US202509160005,20,10:00,10:30,班,on_duty
US00019,2026-06-13,US202509160005,21,10:30,11:00,班,on_duty
US00019,2026-06-13,US202509160005,22,11:00,11:30,班,on_duty
US00019,2026-06-13,US202509160005,23,11:30,12:00,班,on_duty
US00019,2026-06-13,US202509160005,24,12:00,12:30,班,on_duty
US00019,2026-06-13,US202509160005,25,12:30,13:00,班,on_duty
US00019,2026-06-13,US202509160005,26,13:00,13:30,班,on_duty
US00019,2026-06-13,US202509160005,27,13:30,14:00,班,on_duty
US00019,2026-06-13,US202509160005,28,14:00,14:30,班,on_duty
US00019,2026-06-13,US202510140008,33,16:30,17:00,班,on_duty
US00019,2026-06-13,US202510140008,34,17:00,17:30,班,on_duty
US00019,2026-06-13,US202510140008,35,17:30,18:00,班,on_duty
US00019,2026-06-13,US202510140008,36,18:00,18:30,班,on_duty
US00019,2026-06-13,US202510140008,37,18:30,19:00,班,on_duty
US00019,2026-06-13,US202510140008,38,19:00,19:30,班,on_duty
US00019,2026-06-13,US202510140008,39,19:30,20:00,班,on_duty
US00019,2026-06-13,US202510140008,40,20:00,20:30,班,on_duty
US00019,2026-06-13,US202510140008,41,20:30,21:00,班,on_duty
US00019,2026-06-13,US202510140008,42,21:00,21:30,班,on_duty
US00019,2026-06-13,US202510140008,43,21:30,22:00,班,on_duty
US00019,2026-06-13,US202603170002,12,06:00,06:30,班,on_duty
US00019,2026-06-13,US202603170002,13,06:30,07:00,班,on_duty
US00019,2026-06-13,US202603170002,14,07:00,07:30,班,on_duty
US00019,2026-06-13,US202603170002,15,07:30,08:00,班,on_duty
US00019,2026-06-13,US202603170002,16,08:00,08:30,班,on_duty
US00019,2026-06-13,US202603170002,17,08:30,09:00,班,on_duty
US00019,2026-06-13,US202603170002,18,09:00,09:30,班,on_duty
US00019,2026-06-13,US202603170002,19,09:30,10:00,休,rest
US00019,2026-06-13,US202603170002,20,10:00,10:30,休,rest
US00019,2026-06-13,US202603170002,21,10:30,11:00,班,on_duty
US00019,2026-06-13,US202603170002,22,11:00,11:30,班,on_duty
US00019,2026-06-13,US202603170002,23,11:30,12:00,班,on_duty
US00019,2026-06-13,US202603170002,24,12:00,12:30,班,on_duty
US00019,2026-06-13,US202603170002,25,12:30,13:00,班,on_duty
US00019,2026-06-13,US202603170002,26,13:00,13:30,班,on_duty
US00019,2026-06-13,US202603170002,27,13:30,14:00,班,on_duty
US00019,2026-06-13,US202603170002,28,14:00,14:30,班,on_duty
US00019,2026-06-13,US202603260011,12,06:00,06:30,班,on_duty
US00019,2026-06-13,US202603260011,13,06:30,07:00,班,on_duty
US00019,2026-06-13,US202603260011,14,07:00,07:30,班,on_duty
US00019,2026-06-13,US202603260011,15,07:30,08:00,班,on_duty
US00019,2026-06-13,US202603260011,16,08:00,08:30,班,on_duty
US00019,2026-06-13,US202603260011,17,08:30,09:00,班,on_duty
US00019,2026-06-13,US202603260011,18,09:00,09:30,班,on_duty
US00019,2026-06-13,US202603260011,19,09:30,10:00,休,rest
US00019,2026-06-13,US202603260011,20,10:00,10:30,休,rest
US00019,2026-06-13,US202603260011,21,10:30,11:00,班,on_duty
US00019,2026-06-13,US202603260011,22,11:00,11:30,班,on_duty
US00019,2026-06-13,US202603260011,23,11:30,12:00,班,on_duty
US00019,2026-06-13,US202603260011,24,12:00,12:30,班,on_duty
US00019,2026-06-13,US202603260011,25,12:30,13:00,班,on_duty
US00019,2026-06-13,US202603260011,26,13:00,13:30,班,on_duty
US00019,2026-06-13,US202603260011,27,13:30,14:00,班,on_duty
US00019,2026-06-13,US202605260006,12,06:00,06:30,班,on_duty
US00019,2026-06-13,US202605260006,13,06:30,07:00,班,on_duty
US00019,2026-06-13,US202605260006,14,07:00,07:30,班,on_duty
US00019,2026-06-13,US202605260006,15,07:30,08:00,班,on_duty
US00019,2026-06-13,US202605260006,16,08:00,08:30,班,on_duty
US00019,2026-06-13,US202605260006,17,08:30,09:00,班,on_duty
US00019,2026-06-13,US202605260006,18,09:00,09:30,休,rest
US00019,2026-06-13,US202605260006,19,09:30,10:00,休,rest
US00019,2026-06-13,US202605260006,20,10:00,10:30,班,on_duty
US00019,2026-06-13,US202605260006,21,10:30,11:00,班,on_duty
US00019,2026-06-13,US202605260006,22,11:00,11:30,班,on_duty
US00019,2026-06-13,US202605260006,23,11:30,12:00,班,on_duty
US00019,2026-06-13,US202605260006,24,12:00,12:30,班,on_duty
US00019,2026-06-13,US202605260006,25,12:30,13:00,班,on_duty
US00019,2026-06-13,US202605260006,26,13:00,13:30,班,on_duty
US00019,2026-06-13,US202605260006,27,13:30,14:00,班,on_duty
US00019,2026-06-14,US202506160005,27,13:30,14:00,班,on_duty
US00019,2026-06-14,US202506160005,28,14:00,14:30,班,on_duty
US00019,2026-06-14,US202506160005,29,14:30,15:00,班,on_duty
US00019,2026-06-14,US202506160005,30,15:00,15:30,班,on_duty
US00019,2026-06-14,US202506160005,31,15:30,16:00,班,on_duty
US00019,2026-06-14,US202506160005,32,16:00,16:30,班,on_duty
US00019,2026-06-14,US202506160005,33,16:30,17:00,休,rest
US00019,2026-06-14,US202506160005,34,17:00,17:30,休,rest
US00019,2026-06-14,US202506160005,35,17:30,18:00,班,on_duty
US00019,2026-06-14,US202506160005,36,18:00,18:30,班,on_duty
US00019,2026-06-14,US202506160005,37,18:30,19:00,班,on_duty
US00019,2026-06-14,US202506160005,38,19:00,19:30,班,on_duty
US00019,2026-06-14,US202506160005,39,19:30,20:00,班,on_duty
US00019,2026-06-14,US202506160005,40,20:00,20:30,班,on_duty
US00019,2026-06-14,US202506160005,41,20:30,21:00,班,on_duty
US00019,2026-06-14,US202506160005,42,21:00,21:30,班,on_duty
US00019,2026-06-14,US202506160005,43,21:30,22:00,班,on_duty
US00019,2026-06-14,US202509160005,12,06:00,06:30,班,on_duty
US00019,2026-06-14,US202509160005,13,06:30,07:00,班,on_duty
US00019,2026-06-14,US202509160005,14,07:00,07:30,班,on_duty
US00019,2026-06-14,US202509160005,15,07:30,08:00,班,on_duty
US00019,2026-06-14,US202509160005,16,08:00,08:30,班,on_duty
US00019,2026-06-14,US202509160005,17,08:30,09:00,休,rest
US00019,2026-06-14,US202509160005,18,09:00,09:30,休,rest
US00019,2026-06-14,US202509160005,19,09:30,10:00,班,on_duty
US00019,2026-06-14,US202509160005,20,10:00,10:30,班,on_duty
US00019,2026-06-14,US202509160005,21,10:30,11:00,班,on_duty
US00019,2026-06-14,US202509160005,22,11:00,11:30,班,on_duty
US00019,2026-06-14,US202509160005,23,11:30,12:00,班,on_duty
US00019,2026-06-14,US202509160005,24,12:00,12:30,班,on_duty
US00019,2026-06-14,US202509160005,25,12:30,13:00,班,on_duty
US00019,2026-06-14,US202509160005,26,13:00,13:30,班,on_duty
US00019,2026-06-14,US202509160005,27,13:30,14:00,班,on_duty
US00019,2026-06-14,US202509160005,28,14:00,14:30,班,on_duty
US00019,2026-06-14,US202510140008,33,16:30,17:00,班,on_duty
US00019,2026-06-14,US202510140008,34,17:00,17:30,班,on_duty
US00019,2026-06-14,US202510140008,35,17:30,18:00,班,on_duty
US00019,2026-06-14,US202510140008,36,18:00,18:30,班,on_duty
US00019,2026-06-14,US202510140008,37,18:30,19:00,班,on_duty
US00019,2026-06-14,US202510140008,38,19:00,19:30,班,on_duty
US00019,2026-06-14,US202510140008,39,19:30,20:00,班,on_duty
US00019,2026-06-14,US202510140008,40,20:00,20:30,班,on_duty
US00019,2026-06-14,US202510140008,41,20:30,21:00,班,on_duty
US00019,2026-06-14,US202510140008,42,21:00,21:30,班,on_duty
US00019,2026-06-14,US202510140008,43,21:30,22:00,班,on_duty
US00019,2026-06-14,US202602240002,28,14:00,14:30,班,on_duty
US00019,2026-06-14,US202602240002,29,14:30,15:00,班,on_duty
US00019,2026-06-14,US202602240002,30,15:00,15:30,班,on_duty
US00019,2026-06-14,US202602240002,31,15:30,16:00,班,on_duty
US00019,2026-06-14,US202602240002,32,16:00,16:30,班,on_duty
US00019,2026-06-14,US202602240002,33,16:30,17:00,班,on_duty
US00019,2026-06-14,US202602240002,34,17:00,17:30,休,rest
US00019,2026-06-14,US202602240002,35,17:30,18:00,休,rest
US00019,2026-06-14,US202602240002,36,18:00,18:30,班,on_duty
US00019,2026-06-14,US202602240002,37,18:30,19:00,班,on_duty
US00019,2026-06-14,US202602240002,38,19:00,19:30,班,on_duty
US00019,2026-06-14,US202602240002,39,19:30,20:00,班,on_duty
US00019,2026-06-14,US202602240002,40,20:00,20:30,班,on_duty
US00019,2026-06-14,US202602240002,41,20:30,21:00,班,on_duty
US00019,2026-06-14,US202602240002,42,21:00,21:30,班,on_duty
US00019,2026-06-14,US202602240002,43,21:30,22:00,班,on_duty
US00019,2026-06-14,US202603030004,12,06:00,06:30,班,on_duty
US00019,2026-06-14,US202603030004,13,06:30,07:00,班,on_duty
US00019,2026-06-14,US202603030004,14,07:00,07:30,班,on_duty
US00019,2026-06-14,US202603030004,15,07:30,08:00,班,on_duty
US00019,2026-06-14,US202603030004,16,08:00,08:30,班,on_duty
US00019,2026-06-14,US202603030004,17,08:30,09:00,班,on_duty
US00019,2026-06-14,US202603030004,18,09:00,09:30,班,on_duty
US00019,2026-06-14,US202603030004,19,09:30,10:00,班,on_duty
US00019,2026-06-14,US202603030004,20,10:00,10:30,休,rest
US00019,2026-06-14,US202603030004,21,10:30,11:00,休,rest
US00019,2026-06-14,US202603030004,22,11:00,11:30,班,on_duty
US00019,2026-06-14,US202603030004,23,11:30,12:00,班,on_duty
US00019,2026-06-14,US202603030004,24,12:00,12:30,班,on_duty
US00019,2026-06-14,US202603030004,25,12:30,13:00,班,on_duty
US00019,2026-06-14,US202603030004,26,13:00,13:30,班,on_duty
US00019,2026-06-14,US202603030004,27,13:30,14:00,班,on_duty
US00019,2026-06-14,US202603260011,28,14:00,14:30,班,on_duty
US00019,2026-06-14,US202603260011,29,14:30,15:00,班,on_duty
US00019,2026-06-14,US202603260011,30,15:00,15:30,班,on_duty
US00019,2026-06-14,US202603260011,31,15:30,16:00,班,on_duty
US00019,2026-06-14,US202603260011,32,16:00,16:30,班,on_duty
US00019,2026-06-14,US202603260011,33,16:30,17:00,班,on_duty
US00019,2026-06-14,US202603260011,34,17:00,17:30,休,rest
US00019,2026-06-14,US202603260011,35,17:30,18:00,休,rest
US00019,2026-06-14,US202603260011,36,18:00,18:30,班,on_duty
US00019,2026-06-14,US202603260011,37,18:30,19:00,班,on_duty
US00019,2026-06-14,US202603260011,38,19:00,19:30,班,on_duty
US00019,2026-06-14,US202603260011,39,19:30,20:00,班,on_duty
US00019,2026-06-14,US202603260011,40,20:00,20:30,班,on_duty
US00019,2026-06-14,US202603260011,41,20:30,21:00,班,on_duty
US00019,2026-06-14,US202603260011,42,21:00,21:30,班,on_duty
US00019,2026-06-14,US202603260011,43,21:30,22:00,班,on_duty
US00019,2026-06-14,US202605260006,12,06:00,06:30,班,on_duty
US00019,2026-06-14,US202605260006,13,06:30,07:00,班,on_duty
US00019,2026-06-14,US202605260006,14,07:00,07:30,班,on_duty
US00019,2026-06-14,US202605260006,15,07:30,08:00,班,on_duty
US00019,2026-06-14,US202605260006,16,08:00,08:30,班,on_duty
US00019,2026-06-14,US202605260006,17,08:30,09:00,班,on_duty
US00019,2026-06-14,US202605260006,18,09:00,09:30,休,rest
US00019,2026-06-14,US202605260006,19,09:30,10:00,休,rest
US00019,2026-06-14,US202605260006,20,10:00,10:30,班,on_duty
US00019,2026-06-14,US202605260006,21,10:30,11:00,班,on_duty
US00019,2026-06-14,US202605260006,22,11:00,11:30,班,on_duty
US00019,2026-06-14,US202605260006,23,11:30,12:00,班,on_duty
US00019,2026-06-14,US202605260006,24,12:00,12:30,班,on_duty
US00019,2026-06-14,US202605260006,25,12:30,13:00,班,on_duty
US00019,2026-06-14,US202605260006,26,13:00,13:30,班,on_duty
US00019,2026-06-14,US202605260006,27,13:30,14:00,班,on_duty
US00020,2026-06-08,US202506270001,28,14:00,14:30,班,on_duty
US00020,2026-06-08,US202506270001,29,14:30,15:00,班,on_duty
US00020,2026-06-08,US202506270001,30,15:00,15:30,班,on_duty
US00020,2026-06-08,US202506270001,31,15:30,16:00,班,on_duty
US00020,2026-06-08,US202506270001,32,16:00,16:30,班,on_duty
US00020,2026-06-08,US202506270001,33,16:30,17:00,班,on_duty
US00020,2026-06-08,US202506270001,34,17:00,17:30,班,on_duty
US00020,2026-06-08,US202506270001,35,17:30,18:00,班,on_duty
US00020,2026-06-08,US202506270001,36,18:00,18:30,休,rest
US00020,2026-06-08,US202506270001,37,18:30,19:00,休,rest
US00020,2026-06-08,US202506270001,38,19:00,19:30,班,on_duty
US00020,2026-06-08,US202506270001,39,19:30,20:00,班,on_duty
US00020,2026-06-08,US202506270001,40,20:00,20:30,班,on_duty
US00020,2026-06-08,US202506270001,41,20:30,21:00,班,on_duty
US00020,2026-06-08,US202506270001,42,21:00,21:30,班,on_duty
US00020,2026-06-08,US202506270001,43,21:30,22:00,班,on_duty
US00020,2026-06-08,US202506270001,44,22:00,22:30,班,on_duty
US00020,2026-06-08,US202509300005,12,06:00,06:30,班,on_duty
US00020,2026-06-08,US202509300005,13,06:30,07:00,班,on_duty
US00020,2026-06-08,US202509300005,14,07:00,07:30,班,on_duty
US00020,2026-06-08,US202509300005,15,07:30,08:00,班,on_duty
US00020,2026-06-08,US202509300005,16,08:00,08:30,休,rest
US00020,2026-06-08,US202509300005,17,08:30,09:00,休,rest
US00020,2026-06-08,US202509300005,18,09:00,09:30,班,on_duty
US00020,2026-06-08,US202509300005,19,09:30,10:00,班,on_duty
US00020,2026-06-08,US202509300005,20,10:00,10:30,班,on_duty
US00020,2026-06-08,US202509300005,21,10:30,11:00,班,on_duty
US00020,2026-06-08,US202509300005,22,11:00,11:30,班,on_duty
US00020,2026-06-08,US202509300005,23,11:30,12:00,班,on_duty
US00020,2026-06-08,US202509300005,24,12:00,12:30,班,on_duty
US00020,2026-06-08,US202509300005,25,12:30,13:00,班,on_duty
US00020,2026-06-08,US202509300005,26,13:00,13:30,班,on_duty
US00020,2026-06-08,US202510210001,28,14:00,14:30,班,on_duty
US00020,2026-06-08,US202510210001,29,14:30,15:00,班,on_duty
US00020,2026-06-08,US202510210001,30,15:00,15:30,班,on_duty
US00020,2026-06-08,US202510210001,31,15:30,16:00,班,on_duty
US00020,2026-06-08,US202510210001,32,16:00,16:30,班,on_duty
US00020,2026-06-08,US202510210001,33,16:30,17:00,班,on_duty
US00020,2026-06-08,US202510210001,34,17:00,17:30,班,on_duty
US00020,2026-06-08,US202510210001,35,17:30,18:00,班,on_duty
US00020,2026-06-08,US202510210001,36,18:00,18:30,班,on_duty
US00020,2026-06-08,US202510210001,37,18:30,19:00,班,on_duty
US00020,2026-06-08,US202510210001,38,19:00,19:30,休,rest
US00020,2026-06-08,US202510210001,39,19:30,20:00,休,rest
US00020,2026-06-08,US202510210001,40,20:00,20:30,班,on_duty
US00020,2026-06-08,US202510210001,41,20:30,21:00,班,on_duty
US00020,2026-06-08,US202510210001,42,21:00,21:30,班,on_duty
US00020,2026-06-08,US202510210001,43,21:30,22:00,班,on_duty
US00020,2026-06-08,US202510210001,44,22:00,22:30,班,on_duty
US00020,2026-06-08,US202512290003,12,06:00,06:30,班,on_duty
US00020,2026-06-08,US202512290003,13,06:30,07:00,班,on_duty
US00020,2026-06-08,US202512290003,14,07:00,07:30,班,on_duty
US00020,2026-06-08,US202512290003,15,07:30,08:00,班,on_duty
US00020,2026-06-08,US202512290003,16,08:00,08:30,班,on_duty
US00020,2026-06-08,US202512290003,17,08:30,09:00,班,on_duty
US00020,2026-06-08,US202512290003,18,09:00,09:30,班,on_duty
US00020,2026-06-08,US202512290003,19,09:30,10:00,班,on_duty
US00020,2026-06-08,US202512290003,20,10:00,10:30,休,rest
US00020,2026-06-08,US202512290003,21,10:30,11:00,休,rest
US00020,2026-06-08,US202512290003,22,11:00,11:30,班,on_duty
US00020,2026-06-08,US202512290003,23,11:30,12:00,班,on_duty
US00020,2026-06-08,US202512290003,24,12:00,12:30,班,on_duty
US00020,2026-06-08,US202512290003,25,12:30,13:00,班,on_duty
US00020,2026-06-08,US202512290003,26,13:00,13:30,班,on_duty
US00020,2026-06-08,US202512290003,27,13:30,14:00,班,on_duty
US00020,2026-06-08,US202512290003,28,14:00,14:30,班,on_duty
US00020,2026-06-08,US202603030002,12,06:00,06:30,班,on_duty
US00020,2026-06-08,US202603030002,13,06:30,07:00,班,on_duty
US00020,2026-06-08,US202603030002,14,07:00,07:30,班,on_duty
US00020,2026-06-08,US202603030002,15,07:30,08:00,班,on_duty
US00020,2026-06-08,US202603030002,16,08:00,08:30,班,on_duty
US00020,2026-06-08,US202603030002,17,08:30,09:00,班,on_duty
US00020,2026-06-08,US202603030002,18,09:00,09:30,班,on_duty
US00020,2026-06-08,US202603030002,19,09:30,10:00,班,on_duty
US00020,2026-06-08,US202603030002,20,10:00,10:30,休,rest
US00020,2026-06-08,US202603030002,21,10:30,11:00,休,rest
US00020,2026-06-08,US202603030002,22,11:00,11:30,班,on_duty
US00020,2026-06-08,US202603030002,23,11:30,12:00,班,on_duty
US00020,2026-06-08,US202603030002,24,12:00,12:30,班,on_duty
US00020,2026-06-08,US202603030002,25,12:30,13:00,班,on_duty
US00020,2026-06-08,US202603030002,26,13:00,13:30,班,on_duty
US00020,2026-06-08,US202603030002,27,13:30,14:00,班,on_duty
US00020,2026-06-08,US202603030002,28,14:00,14:30,班,on_duty
US00020,2026-06-08,US202605190007,28,14:00,14:30,班,on_duty
US00020,2026-06-08,US202605190007,29,14:30,15:00,班,on_duty
US00020,2026-06-08,US202605190007,30,15:00,15:30,班,on_duty
US00020,2026-06-08,US202605190007,31,15:30,16:00,班,on_duty
US00020,2026-06-08,US202605190007,32,16:00,16:30,班,on_duty
US00020,2026-06-08,US202605190007,33,16:30,17:00,班,on_duty
US00020,2026-06-08,US202605190007,34,17:00,17:30,休,rest
US00020,2026-06-08,US202605190007,35,17:30,18:00,休,rest
US00020,2026-06-08,US202605190007,36,18:00,18:30,班,on_duty
US00020,2026-06-08,US202605190007,37,18:30,19:00,班,on_duty
US00020,2026-06-08,US202605190007,38,19:00,19:30,班,on_duty
US00020,2026-06-08,US202605190007,39,19:30,20:00,班,on_duty
US00020,2026-06-08,US202605190007,40,20:00,20:30,班,on_duty
US00020,2026-06-08,US202605190007,41,20:30,21:00,班,on_duty
US00020,2026-06-08,US202605190007,42,21:00,21:30,班,on_duty
US00020,2026-06-08,US202605190007,43,21:30,22:00,班,on_duty
US00020,2026-06-08,US202605190007,44,22:00,22:30,班,on_duty
US00020,2026-06-08,US202606020001,12,06:00,06:30,班,on_duty
US00020,2026-06-08,US202606020001,13,06:30,07:00,班,on_duty
US00020,2026-06-08,US202606020001,14,07:00,07:30,班,on_duty
US00020,2026-06-08,US202606020001,15,07:30,08:00,班,on_duty
US00020,2026-06-08,US202606020001,16,08:00,08:30,班,on_duty
US00020,2026-06-08,US202606020001,17,08:30,09:00,班,on_duty
US00020,2026-06-08,US202606020001,18,09:00,09:30,休,rest
US00020,2026-06-08,US202606020001,19,09:30,10:00,休,rest
US00020,2026-06-08,US202606020001,20,10:00,10:30,班,on_duty
US00020,2026-06-08,US202606020001,21,10:30,11:00,班,on_duty
US00020,2026-06-08,US202606020001,22,11:00,11:30,班,on_duty
US00020,2026-06-08,US202606020001,23,11:30,12:00,班,on_duty
US00020,2026-06-08,US202606020001,24,12:00,12:30,班,on_duty
US00020,2026-06-08,US202606020001,25,12:30,13:00,班,on_duty
US00020,2026-06-08,US202606020001,26,13:00,13:30,班,on_duty
US00020,2026-06-08,US202606020001,27,13:30,14:00,班,on_duty
US00020,2026-06-08,US202606020001,28,14:00,14:30,班,on_duty
US00020,2026-06-09,US202506270001,28,14:00,14:30,班,on_duty
US00020,2026-06-09,US202506270001,29,14:30,15:00,班,on_duty
US00020,2026-06-09,US202506270001,30,15:00,15:30,班,on_duty
US00020,2026-06-09,US202506270001,31,15:30,16:00,班,on_duty
US00020,2026-06-09,US202506270001,32,16:00,16:30,班,on_duty
US00020,2026-06-09,US202506270001,33,16:30,17:00,班,on_duty
US00020,2026-06-09,US202506270001,34,17:00,17:30,班,on_duty
US00020,2026-06-09,US202506270001,35,17:30,18:00,班,on_duty
US00020,2026-06-09,US202506270001,36,18:00,18:30,班,on_duty
US00020,2026-06-09,US202506270001,37,18:30,19:00,班,on_duty
US00020,2026-06-09,US202506270001,38,19:00,19:30,休,rest
US00020,2026-06-09,US202506270001,39,19:30,20:00,休,rest
US00020,2026-06-09,US202506270001,40,20:00,20:30,班,on_duty
US00020,2026-06-09,US202506270001,41,20:30,21:00,班,on_duty
US00020,2026-06-09,US202506270001,42,21:00,21:30,班,on_duty
US00020,2026-06-09,US202506270001,43,21:30,22:00,班,on_duty
US00020,2026-06-09,US202506270001,44,22:00,22:30,班,on_duty
US00020,2026-06-09,US202510210001,28,14:00,14:30,班,on_duty
US00020,2026-06-09,US202510210001,29,14:30,15:00,班,on_duty
US00020,2026-06-09,US202510210001,30,15:00,15:30,班,on_duty
US00020,2026-06-09,US202510210001,31,15:30,16:00,班,on_duty
US00020,2026-06-09,US202510210001,32,16:00,16:30,休,rest
US00020,2026-06-09,US202510210001,33,16:30,17:00,休,rest
US00020,2026-06-09,US202510210001,34,17:00,17:30,班,on_duty
US00020,2026-06-09,US202510210001,35,17:30,18:00,班,on_duty
US00020,2026-06-09,US202510210001,36,18:00,18:30,班,on_duty
US00020,2026-06-09,US202510210001,37,18:30,19:00,班,on_duty
US00020,2026-06-09,US202510210001,38,19:00,19:30,班,on_duty
US00020,2026-06-09,US202510210001,39,19:30,20:00,班,on_duty
US00020,2026-06-09,US202510210001,40,20:00,20:30,班,on_duty
US00020,2026-06-09,US202510210001,41,20:30,21:00,班,on_duty
US00020,2026-06-09,US202510210001,42,21:00,21:30,班,on_duty
US00020,2026-06-09,US202510210001,43,21:30,22:00,班,on_duty
US00020,2026-06-09,US202510210001,44,22:00,22:30,班,on_duty
US00020,2026-06-09,US202512290002,12,06:00,06:30,班,on_duty
US00020,2026-06-09,US202512290002,13,06:30,07:00,班,on_duty
US00020,2026-06-09,US202512290002,14,07:00,07:30,班,on_duty
US00020,2026-06-09,US202512290002,15,07:30,08:00,班,on_duty
US00020,2026-06-09,US202512290002,16,08:00,08:30,休,rest
US00020,2026-06-09,US202512290002,17,08:30,09:00,休,rest
US00020,2026-06-09,US202512290002,18,09:00,09:30,班,on_duty
US00020,2026-06-09,US202512290002,19,09:30,10:00,班,on_duty
US00020,2026-06-09,US202512290002,20,10:00,10:30,班,on_duty
US00020,2026-06-09,US202512290002,21,10:30,11:00,班,on_duty
US00020,2026-06-09,US202512290002,22,11:00,11:30,班,on_duty
US00020,2026-06-09,US202512290002,23,11:30,12:00,班,on_duty
US00020,2026-06-09,US202512290002,24,12:00,12:30,班,on_duty
US00020,2026-06-09,US202512290002,25,12:30,13:00,班,on_duty
US00020,2026-06-09,US202512290002,26,13:00,13:30,班,on_duty
US00020,2026-06-09,US202512290003,12,06:00,06:30,班,on_duty
US00020,2026-06-09,US202512290003,13,06:30,07:00,班,on_duty
US00020,2026-06-09,US202512290003,14,07:00,07:30,班,on_duty
US00020,2026-06-09,US202512290003,15,07:30,08:00,班,on_duty
US00020,2026-06-09,US202512290003,16,08:00,08:30,班,on_duty
US00020,2026-06-09,US202512290003,17,08:30,09:00,班,on_duty
US00020,2026-06-09,US202512290003,18,09:00,09:30,班,on_duty
US00020,2026-06-09,US202512290003,19,09:30,10:00,班,on_duty
US00020,2026-06-09,US202512290003,20,10:00,10:30,班,on_duty
US00020,2026-06-09,US202512290003,21,10:30,11:00,班,on_duty
US00020,2026-06-09,US202512290003,22,11:00,11:30,班,on_duty
US00020,2026-06-09,US202512290003,23,11:30,12:00,班,on_duty
US00020,2026-06-09,US202512290003,24,12:00,12:30,班,on_duty
US00020,2026-06-09,US202512290003,25,12:30,13:00,班,on_duty
US00020,2026-06-09,US202512290003,26,13:00,13:30,班,on_duty
US00020,2026-06-09,US202512290003,27,13:30,14:00,班,on_duty
US00020,2026-06-09,US202512290003,28,14:00,14:30,班,on_duty
US00020,2026-06-09,US202602180006,12,06:00,06:30,班,on_duty
US00020,2026-06-09,US202602180006,13,06:30,07:00,班,on_duty
US00020,2026-06-09,US202602180006,14,07:00,07:30,班,on_duty
US00020,2026-06-09,US202602180006,15,07:30,08:00,班,on_duty
US00020,2026-06-09,US202602180006,16,08:00,08:30,班,on_duty
US00020,2026-06-09,US202602180006,17,08:30,09:00,班,on_duty
US00020,2026-06-09,US202602180006,18,09:00,09:30,休,rest
US00020,2026-06-09,US202602180006,19,09:30,10:00,休,rest
US00020,2026-06-09,US202602180006,20,10:00,10:30,班,on_duty
US00020,2026-06-09,US202602180006,21,10:30,11:00,班,on_duty
US00020,2026-06-09,US202602180006,22,11:00,11:30,班,on_duty
US00020,2026-06-09,US202602180006,23,11:30,12:00,班,on_duty
US00020,2026-06-09,US202602180006,24,12:00,12:30,班,on_duty
US00020,2026-06-09,US202602180006,25,12:30,13:00,班,on_duty
US00020,2026-06-09,US202602180006,26,13:00,13:30,班,on_duty
US00020,2026-06-09,US202602180006,27,13:30,14:00,班,on_duty
US00020,2026-06-09,US202602180006,28,14:00,14:30,班,on_duty
US00020,2026-06-09,US202602180009,28,14:00,14:30,班,on_duty
US00020,2026-06-09,US202602180009,29,14:30,15:00,班,on_duty
US00020,2026-06-09,US202602180009,30,15:00,15:30,班,on_duty
US00020,2026-06-09,US202602180009,31,15:30,16:00,班,on_duty
US00020,2026-06-09,US202602180009,32,16:00,16:30,班,on_duty
US00020,2026-06-09,US202602180009,33,16:30,17:00,班,on_duty
US00020,2026-06-09,US202602180009,34,17:00,17:30,班,on_duty
US00020,2026-06-09,US202602180009,35,17:30,18:00,班,on_duty
US00020,2026-06-09,US202602180009,36,18:00,18:30,班,on_duty
US00020,2026-06-09,US202602180009,37,18:30,19:00,班,on_duty
US00020,2026-06-09,US202602180009,38,19:00,19:30,休,rest
US00020,2026-06-09,US202602180009,39,19:30,20:00,休,rest
US00020,2026-06-09,US202602180009,40,20:00,20:30,班,on_duty
US00020,2026-06-09,US202602180009,41,20:30,21:00,班,on_duty
US00020,2026-06-09,US202602180009,42,21:00,21:30,班,on_duty
US00020,2026-06-09,US202602180009,43,21:30,22:00,班,on_duty
US00020,2026-06-09,US202602180009,44,22:00,22:30,班,on_duty
US00020,2026-06-09,US202603030002,28,14:00,14:30,班,on_duty
US00020,2026-06-09,US202603030002,29,14:30,15:00,班,on_duty
US00020,2026-06-09,US202603030002,30,15:00,15:30,班,on_duty
US00020,2026-06-09,US202603030002,31,15:30,16:00,班,on_duty
US00020,2026-06-09,US202603030002,32,16:00,16:30,班,on_duty
US00020,2026-06-09,US202603030002,33,16:30,17:00,班,on_duty
US00020,2026-06-09,US202603030002,34,17:00,17:30,班,on_duty
US00020,2026-06-09,US202603030002,35,17:30,18:00,班,on_duty
US00020,2026-06-09,US202603030002,36,18:00,18:30,休,rest
US00020,2026-06-09,US202603030002,37,18:30,19:00,休,rest
US00020,2026-06-09,US202603030002,38,19:00,19:30,班,on_duty
US00020,2026-06-09,US202603030002,39,19:30,20:00,班,on_duty
US00020,2026-06-09,US202603030002,40,20:00,20:30,班,on_duty
US00020,2026-06-09,US202603030002,41,20:30,21:00,班,on_duty
US00020,2026-06-09,US202603030002,42,21:00,21:30,班,on_duty
US00020,2026-06-09,US202603030002,43,21:30,22:00,班,on_duty
US00020,2026-06-09,US202603030002,44,22:00,22:30,班,on_duty
US00020,2026-06-09,US202606020001,12,06:00,06:30,班,on_duty
US00020,2026-06-09,US202606020001,13,06:30,07:00,班,on_duty
US00020,2026-06-09,US202606020001,14,07:00,07:30,班,on_duty
US00020,2026-06-09,US202606020001,15,07:30,08:00,班,on_duty
US00020,2026-06-09,US202606020001,16,08:00,08:30,班,on_duty
US00020,2026-06-09,US202606020001,17,08:30,09:00,班,on_duty
US00020,2026-06-09,US202606020001,18,09:00,09:30,休,rest
US00020,2026-06-09,US202606020001,19,09:30,10:00,休,rest
US00020,2026-06-09,US202606020001,20,10:00,10:30,班,on_duty
US00020,2026-06-09,US202606020001,21,10:30,11:00,班,on_duty
US00020,2026-06-09,US202606020001,22,11:00,11:30,班,on_duty
US00020,2026-06-09,US202606020001,23,11:30,12:00,班,on_duty
US00020,2026-06-09,US202606020001,24,12:00,12:30,班,on_duty
US00020,2026-06-09,US202606020001,25,12:30,13:00,班,on_duty
US00020,2026-06-09,US202606020001,26,13:00,13:30,班,on_duty
US00020,2026-06-09,US202606020001,27,13:30,14:00,班,on_duty
US00020,2026-06-09,US202606020001,28,14:00,14:30,班,on_duty
US00020,2026-06-10,US202506270001,28,14:00,14:30,班,on_duty
US00020,2026-06-10,US202506270001,29,14:30,15:00,班,on_duty
US00020,2026-06-10,US202506270001,30,15:00,15:30,班,on_duty
US00020,2026-06-10,US202506270001,31,15:30,16:00,班,on_duty
US00020,2026-06-10,US202506270001,32,16:00,16:30,班,on_duty
US00020,2026-06-10,US202506270001,33,16:30,17:00,班,on_duty
US00020,2026-06-10,US202506270001,34,17:00,17:30,休,rest
US00020,2026-06-10,US202506270001,35,17:30,18:00,休,rest
US00020,2026-06-10,US202506270001,36,18:00,18:30,班,on_duty
US00020,2026-06-10,US202506270001,37,18:30,19:00,班,on_duty
US00020,2026-06-10,US202506270001,38,19:00,19:30,班,on_duty
US00020,2026-06-10,US202506270001,39,19:30,20:00,班,on_duty
US00020,2026-06-10,US202506270001,40,20:00,20:30,班,on_duty
US00020,2026-06-10,US202506270001,41,20:30,21:00,班,on_duty
US00020,2026-06-10,US202506270001,42,21:00,21:30,班,on_duty
US00020,2026-06-10,US202506270001,43,21:30,22:00,班,on_duty
US00020,2026-06-10,US202506270001,44,22:00,22:30,班,on_duty
US00020,2026-06-10,US202512290003,28,14:00,14:30,班,on_duty
US00020,2026-06-10,US202512290003,29,14:30,15:00,班,on_duty
US00020,2026-06-10,US202512290003,30,15:00,15:30,班,on_duty
US00020,2026-06-10,US202512290003,31,15:30,16:00,班,on_duty
US00020,2026-06-10,US202512290003,32,16:00,16:30,班,on_duty
US00020,2026-06-10,US202512290003,33,16:30,17:00,班,on_duty
US00020,2026-06-10,US202512290003,34,17:00,17:30,班,on_duty
US00020,2026-06-10,US202512290003,35,17:30,18:00,班,on_duty
US00020,2026-06-10,US202512290003,36,18:00,18:30,班,on_duty
US00020,2026-06-10,US202512290003,37,18:30,19:00,班,on_duty
US00020,2026-06-10,US202512290003,38,19:00,19:30,休,rest
US00020,2026-06-10,US202512290003,39,19:30,20:00,休,rest
US00020,2026-06-10,US202512290003,40,20:00,20:30,班,on_duty
US00020,2026-06-10,US202512290003,41,20:30,21:00,班,on_duty
US00020,2026-06-10,US202512290003,42,21:00,21:30,班,on_duty
US00020,2026-06-10,US202512290003,43,21:30,22:00,班,on_duty
US00020,2026-06-10,US202512290003,44,22:00,22:30,班,on_duty
US00020,2026-06-10,US202512290006,12,06:00,06:30,班,on_duty
US00020,2026-06-10,US202512290006,13,06:30,07:00,班,on_duty
US00020,2026-06-10,US202512290006,14,07:00,07:30,班,on_duty
US00020,2026-06-10,US202512290006,15,07:30,08:00,班,on_duty
US00020,2026-06-10,US202512290006,16,08:00,08:30,休,rest
US00020,2026-06-10,US202512290006,17,08:30,09:00,休,rest
US00020,2026-06-10,US202512290006,18,09:00,09:30,班,on_duty
US00020,2026-06-10,US202512290006,19,09:30,10:00,班,on_duty
US00020,2026-06-10,US202512290006,20,10:00,10:30,班,on_duty
US00020,2026-06-10,US202512290006,21,10:30,11:00,班,on_duty
US00020,2026-06-10,US202512290006,22,11:00,11:30,班,on_duty
US00020,2026-06-10,US202512290006,23,11:30,12:00,班,on_duty
US00020,2026-06-10,US202512290006,24,12:00,12:30,班,on_duty
US00020,2026-06-10,US202512290006,25,12:30,13:00,班,on_duty
US00020,2026-06-10,US202512290006,26,13:00,13:30,班,on_duty
US00020,2026-06-10,US202512290006,27,13:30,14:00,班,on_duty
US00020,2026-06-10,US202512290006,28,14:00,14:30,班,on_duty
US00020,2026-06-10,US202602180006,12,06:00,06:30,班,on_duty
US00020,2026-06-10,US202602180006,13,06:30,07:00,班,on_duty
US00020,2026-06-10,US202602180006,14,07:00,07:30,班,on_duty
US00020,2026-06-10,US202602180006,15,07:30,08:00,班,on_duty
US00020,2026-06-10,US202602180006,16,08:00,08:30,班,on_duty
US00020,2026-06-10,US202602180006,17,08:30,09:00,班,on_duty
US00020,2026-06-10,US202602180006,18,09:00,09:30,班,on_duty
US00020,2026-06-10,US202602180006,19,09:30,10:00,班,on_duty
US00020,2026-06-10,US202602180006,20,10:00,10:30,班,on_duty
US00020,2026-06-10,US202602180006,21,10:30,11:00,班,on_duty
US00020,2026-06-10,US202602180006,22,11:00,11:30,休,rest
US00020,2026-06-10,US202602180006,23,11:30,12:00,休,rest
US00020,2026-06-10,US202602180006,24,12:00,12:30,班,on_duty
US00020,2026-06-10,US202602180006,25,12:30,13:00,班,on_duty
US00020,2026-06-10,US202602180006,26,13:00,13:30,班,on_duty
US00020,2026-06-10,US202602180006,27,13:30,14:00,班,on_duty
US00020,2026-06-10,US202602180006,28,14:00,14:30,班,on_duty
US00020,2026-06-10,US202603030002,28,14:00,14:30,班,on_duty
US00020,2026-06-10,US202603030002,29,14:30,15:00,班,on_duty
US00020,2026-06-10,US202603030002,30,15:00,15:30,班,on_duty
US00020,2026-06-10,US202603030002,31,15:30,16:00,班,on_duty
US00020,2026-06-10,US202603030002,32,16:00,16:30,班,on_duty
US00020,2026-06-10,US202603030002,33,16:30,17:00,班,on_duty
US00020,2026-06-10,US202603030002,34,17:00,17:30,班,on_duty
US00020,2026-06-10,US202603030002,35,17:30,18:00,班,on_duty
US00020,2026-06-10,US202603030002,36,18:00,18:30,休,rest
US00020,2026-06-10,US202603030002,37,18:30,19:00,休,rest
US00020,2026-06-10,US202603030002,38,19:00,19:30,班,on_duty
US00020,2026-06-10,US202603030002,39,19:30,20:00,班,on_duty
US00020,2026-06-10,US202603030002,40,20:00,20:30,班,on_duty
US00020,2026-06-10,US202603030002,41,20:30,21:00,班,on_duty
US00020,2026-06-10,US202603030002,42,21:00,21:30,班,on_duty
US00020,2026-06-10,US202603030002,43,21:30,22:00,班,on_duty
US00020,2026-06-10,US202603030002,44,22:00,22:30,班,on_duty
US00020,2026-06-10,US202605190007,12,06:00,06:30,班,on_duty
US00020,2026-06-10,US202605190007,13,06:30,07:00,班,on_duty
US00020,2026-06-10,US202605190007,14,07:00,07:30,班,on_duty
US00020,2026-06-10,US202605190007,15,07:30,08:00,班,on_duty
US00020,2026-06-10,US202605190007,16,08:00,08:30,班,on_duty
US00020,2026-06-10,US202605190007,17,08:30,09:00,班,on_duty
US00020,2026-06-10,US202605190007,18,09:00,09:30,班,on_duty
US00020,2026-06-10,US202605190007,19,09:30,10:00,班,on_duty
US00020,2026-06-10,US202605190007,20,10:00,10:30,休,rest
US00020,2026-06-10,US202605190007,21,10:30,11:00,休,rest
US00020,2026-06-10,US202605190007,22,11:00,11:30,班,on_duty
US00020,2026-06-10,US202605190007,23,11:30,12:00,班,on_duty
US00020,2026-06-10,US202605190007,24,12:00,12:30,班,on_duty
US00020,2026-06-10,US202605190007,25,12:30,13:00,班,on_duty
US00020,2026-06-10,US202605190007,26,13:00,13:30,班,on_duty
US00020,2026-06-10,US202605190007,27,13:30,14:00,班,on_duty
US00020,2026-06-10,US202605190007,28,14:00,14:30,班,on_duty
US00020,2026-06-10,US202606020001,12,06:00,06:30,班,on_duty
US00020,2026-06-10,US202606020001,13,06:30,07:00,班,on_duty
US00020,2026-06-10,US202606020001,14,07:00,07:30,班,on_duty
US00020,2026-06-10,US202606020001,15,07:30,08:00,班,on_duty
US00020,2026-06-10,US202606020001,16,08:00,08:30,班,on_duty
US00020,2026-06-10,US202606020001,17,08:30,09:00,班,on_duty
US00020,2026-06-10,US202606020001,18,09:00,09:30,休,rest
US00020,2026-06-10,US202606020001,19,09:30,10:00,休,rest
US00020,2026-06-10,US202606020001,20,10:00,10:30,班,on_duty
US00020,2026-06-10,US202606020001,21,10:30,11:00,班,on_duty
US00020,2026-06-10,US202606020001,22,11:00,11:30,班,on_duty
US00020,2026-06-10,US202606020001,23,11:30,12:00,班,on_duty
US00020,2026-06-10,US202606020001,24,12:00,12:30,班,on_duty
US00020,2026-06-10,US202606020001,25,12:30,13:00,班,on_duty
US00020,2026-06-10,US202606020001,26,13:00,13:30,班,on_duty
US00020,2026-06-10,US202606020001,27,13:30,14:00,班,on_duty
US00020,2026-06-10,US202606020001,28,14:00,14:30,班,on_duty
US00020,2026-06-11,US202506270001,28,14:00,14:30,班,on_duty
US00020,2026-06-11,US202506270001,29,14:30,15:00,班,on_duty
US00020,2026-06-11,US202506270001,30,15:00,15:30,班,on_duty
US00020,2026-06-11,US202506270001,31,15:30,16:00,班,on_duty
US00020,2026-06-11,US202506270001,32,16:00,16:30,班,on_duty
US00020,2026-06-11,US202506270001,33,16:30,17:00,班,on_duty
US00020,2026-06-11,US202506270001,34,17:00,17:30,班,on_duty
US00020,2026-06-11,US202506270001,35,17:30,18:00,班,on_duty
US00020,2026-06-11,US202506270001,36,18:00,18:30,班,on_duty
US00020,2026-06-11,US202506270001,37,18:30,19:00,班,on_duty
US00020,2026-06-11,US202506270001,38,19:00,19:30,休,rest
US00020,2026-06-11,US202506270001,39,19:30,20:00,休,rest
US00020,2026-06-11,US202506270001,40,20:00,20:30,班,on_duty
US00020,2026-06-11,US202506270001,41,20:30,21:00,班,on_duty
US00020,2026-06-11,US202506270001,42,21:00,21:30,班,on_duty
US00020,2026-06-11,US202506270001,43,21:30,22:00,班,on_duty
US00020,2026-06-11,US202506270001,44,22:00,22:30,班,on_duty
US00020,2026-06-11,US202509300005,12,06:00,06:30,班,on_duty
US00020,2026-06-11,US202509300005,13,06:30,07:00,班,on_duty
US00020,2026-06-11,US202509300005,14,07:00,07:30,班,on_duty
US00020,2026-06-11,US202509300005,15,07:30,08:00,班,on_duty
US00020,2026-06-11,US202509300005,16,08:00,08:30,班,on_duty
US00020,2026-06-11,US202509300005,17,08:30,09:00,班,on_duty
US00020,2026-06-11,US202509300005,18,09:00,09:30,班,on_duty
US00020,2026-06-11,US202509300005,19,09:30,10:00,班,on_duty
US00020,2026-06-11,US202509300005,20,10:00,10:30,休,rest
US00020,2026-06-11,US202509300005,21,10:30,11:00,休,rest
US00020,2026-06-11,US202509300005,22,11:00,11:30,班,on_duty
US00020,2026-06-11,US202509300005,23,11:30,12:00,班,on_duty
US00020,2026-06-11,US202509300005,24,12:00,12:30,班,on_duty
US00020,2026-06-11,US202509300005,25,12:30,13:00,班,on_duty
US00020,2026-06-11,US202509300005,26,13:00,13:30,班,on_duty
US00020,2026-06-11,US202510210001,12,06:00,06:30,班,on_duty
US00020,2026-06-11,US202510210001,13,06:30,07:00,班,on_duty
US00020,2026-06-11,US202510210001,14,07:00,07:30,班,on_duty
US00020,2026-06-11,US202510210001,15,07:30,08:00,班,on_duty
US00020,2026-06-11,US202510210001,16,08:00,08:30,班,on_duty
US00020,2026-06-11,US202510210001,17,08:30,09:00,班,on_duty
US00020,2026-06-11,US202510210001,18,09:00,09:30,休,rest
US00020,2026-06-11,US202510210001,19,09:30,10:00,休,rest
US00020,2026-06-11,US202510210001,20,10:00,10:30,班,on_duty
US00020,2026-06-11,US202510210001,21,10:30,11:00,班,on_duty
US00020,2026-06-11,US202510210001,22,11:00,11:30,班,on_duty
US00020,2026-06-11,US202510210001,23,11:30,12:00,班,on_duty
US00020,2026-06-11,US202510210001,24,12:00,12:30,班,on_duty
US00020,2026-06-11,US202510210001,25,12:30,13:00,班,on_duty
US00020,2026-06-11,US202510210001,26,13:00,13:30,班,on_duty
US00020,2026-06-11,US202510210001,27,13:30,14:00,班,on_duty
US00020,2026-06-11,US202510210001,28,14:00,14:30,班,on_duty
US00020,2026-06-11,US202512290002,12,06:00,06:30,班,on_duty
US00020,2026-06-11,US202512290002,13,06:30,07:00,班,on_duty
US00020,2026-06-11,US202512290002,14,07:00,07:30,班,on_duty
US00020,2026-06-11,US202512290002,15,07:30,08:00,班,on_duty
US00020,2026-06-11,US202512290002,16,08:00,08:30,班,on_duty
US00020,2026-06-11,US202512290002,17,08:30,09:00,班,on_duty
US00020,2026-06-11,US202512290002,18,09:00,09:30,班,on_duty
US00020,2026-06-11,US202512290002,19,09:30,10:00,班,on_duty
US00020,2026-06-11,US202512290002,20,10:00,10:30,休,rest
US00020,2026-06-11,US202512290002,21,10:30,11:00,休,rest
US00020,2026-06-11,US202512290002,22,11:00,11:30,班,on_duty
US00020,2026-06-11,US202512290002,23,11:30,12:00,班,on_duty
US00020,2026-06-11,US202512290002,24,12:00,12:30,班,on_duty
US00020,2026-06-11,US202512290002,25,12:30,13:00,班,on_duty
US00020,2026-06-11,US202512290002,26,13:00,13:30,班,on_duty
US00020,2026-06-11,US202512290006,28,14:00,14:30,班,on_duty
US00020,2026-06-11,US202512290006,29,14:30,15:00,班,on_duty
US00020,2026-06-11,US202512290006,30,15:00,15:30,班,on_duty
US00020,2026-06-11,US202512290006,31,15:30,16:00,班,on_duty
US00020,2026-06-11,US202512290006,32,16:00,16:30,班,on_duty
US00020,2026-06-11,US202512290006,33,16:30,17:00,班,on_duty
US00020,2026-06-11,US202512290006,34,17:00,17:30,休,rest
US00020,2026-06-11,US202512290006,35,17:30,18:00,休,rest
US00020,2026-06-11,US202512290006,36,18:00,18:30,班,on_duty
US00020,2026-06-11,US202512290006,37,18:30,19:00,班,on_duty
US00020,2026-06-11,US202512290006,38,19:00,19:30,班,on_duty
US00020,2026-06-11,US202512290006,39,19:30,20:00,班,on_duty
US00020,2026-06-11,US202512290006,40,20:00,20:30,班,on_duty
US00020,2026-06-11,US202512290006,41,20:30,21:00,班,on_duty
US00020,2026-06-11,US202512290006,42,21:00,21:30,班,on_duty
US00020,2026-06-11,US202512290006,43,21:30,22:00,班,on_duty
US00020,2026-06-11,US202512290006,44,22:00,22:30,班,on_duty
US00020,2026-06-11,US202602180006,12,06:00,06:30,班,on_duty
US00020,2026-06-11,US202602180006,13,06:30,07:00,班,on_duty
US00020,2026-06-11,US202602180006,14,07:00,07:30,班,on_duty
US00020,2026-06-11,US202602180006,15,07:30,08:00,班,on_duty
US00020,2026-06-11,US202602180006,16,08:00,08:30,班,on_duty
US00020,2026-06-11,US202602180006,17,08:30,09:00,班,on_duty
US00020,2026-06-11,US202602180006,18,09:00,09:30,休,rest
US00020,2026-06-11,US202602180006,19,09:30,10:00,休,rest
US00020,2026-06-11,US202602180006,20,10:00,10:30,班,on_duty
US00020,2026-06-11,US202602180006,21,10:30,11:00,班,on_duty
US00020,2026-06-11,US202602180006,22,11:00,11:30,班,on_duty
US00020,2026-06-11,US202602180006,23,11:30,12:00,班,on_duty
US00020,2026-06-11,US202602180006,24,12:00,12:30,班,on_duty
US00020,2026-06-11,US202602180006,25,12:30,13:00,班,on_duty
US00020,2026-06-11,US202602180006,26,13:00,13:30,班,on_duty
US00020,2026-06-11,US202602180006,27,13:30,14:00,班,on_duty
US00020,2026-06-11,US202602180006,28,14:00,14:30,班,on_duty
US00020,2026-06-11,US202602180009,28,14:00,14:30,班,on_duty
US00020,2026-06-11,US202602180009,29,14:30,15:00,班,on_duty
US00020,2026-06-11,US202602180009,30,15:00,15:30,班,on_duty
US00020,2026-06-11,US202602180009,31,15:30,16:00,班,on_duty
US00020,2026-06-11,US202602180009,32,16:00,16:30,休,rest
US00020,2026-06-11,US202602180009,33,16:30,17:00,休,rest
US00020,2026-06-11,US202602180009,34,17:00,17:30,班,on_duty
US00020,2026-06-11,US202602180009,35,17:30,18:00,班,on_duty
US00020,2026-06-11,US202602180009,36,18:00,18:30,班,on_duty
US00020,2026-06-11,US202602180009,37,18:30,19:00,班,on_duty
US00020,2026-06-11,US202602180009,38,19:00,19:30,班,on_duty
US00020,2026-06-11,US202602180009,39,19:30,20:00,班,on_duty
US00020,2026-06-11,US202602180009,40,20:00,20:30,班,on_duty
US00020,2026-06-11,US202602180009,41,20:30,21:00,班,on_duty
US00020,2026-06-11,US202602180009,42,21:00,21:30,班,on_duty
US00020,2026-06-11,US202602180009,43,21:30,22:00,班,on_duty
US00020,2026-06-11,US202602180009,44,22:00,22:30,班,on_duty
US00020,2026-06-11,US202603030002,28,14:00,14:30,班,on_duty
US00020,2026-06-11,US202603030002,29,14:30,15:00,班,on_duty
US00020,2026-06-11,US202603030002,30,15:00,15:30,班,on_duty
US00020,2026-06-11,US202603030002,31,15:30,16:00,班,on_duty
US00020,2026-06-11,US202603030002,32,16:00,16:30,班,on_duty
US00020,2026-06-11,US202603030002,33,16:30,17:00,班,on_duty
US00020,2026-06-11,US202603030002,34,17:00,17:30,班,on_duty
US00020,2026-06-11,US202603030002,35,17:30,18:00,班,on_duty
US00020,2026-06-11,US202603030002,36,18:00,18:30,休,rest
US00020,2026-06-11,US202603030002,37,18:30,19:00,休,rest
US00020,2026-06-11,US202603030002,38,19:00,19:30,班,on_duty
US00020,2026-06-11,US202603030002,39,19:30,20:00,班,on_duty
US00020,2026-06-11,US202603030002,40,20:00,20:30,班,on_duty
US00020,2026-06-11,US202603030002,41,20:30,21:00,班,on_duty
US00020,2026-06-11,US202603030002,42,21:00,21:30,班,on_duty
US00020,2026-06-11,US202603030002,43,21:30,22:00,班,on_duty
US00020,2026-06-11,US202603030002,44,22:00,22:30,班,on_duty
US00020,2026-06-11,US202605190007,28,14:00,14:30,班,on_duty
US00020,2026-06-11,US202605190007,29,14:30,15:00,班,on_duty
US00020,2026-06-11,US202605190007,30,15:00,15:30,班,on_duty
US00020,2026-06-11,US202605190007,31,15:30,16:00,班,on_duty
US00020,2026-06-11,US202605190007,32,16:00,16:30,班,on_duty
US00020,2026-06-11,US202605190007,33,16:30,17:00,班,on_duty
US00020,2026-06-11,US202605190007,34,17:00,17:30,休,rest
US00020,2026-06-11,US202605190007,35,17:30,18:00,休,rest
US00020,2026-06-11,US202605190007,36,18:00,18:30,班,on_duty
US00020,2026-06-11,US202605190007,37,18:30,19:00,班,on_duty
US00020,2026-06-11,US202605190007,38,19:00,19:30,班,on_duty
US00020,2026-06-11,US202605190007,39,19:30,20:00,班,on_duty
US00020,2026-06-11,US202605190007,40,20:00,20:30,班,on_duty
US00020,2026-06-11,US202605190007,41,20:30,21:00,班,on_duty
US00020,2026-06-11,US202605190007,42,21:00,21:30,班,on_duty
US00020,2026-06-11,US202605190007,43,21:30,22:00,班,on_duty
US00020,2026-06-11,US202605190007,44,22:00,22:30,班,on_duty
US00020,2026-06-12,US202506270001,28,14:00,14:30,班,on_duty
US00020,2026-06-12,US202506270001,29,14:30,15:00,班,on_duty
US00020,2026-06-12,US202506270001,30,15:00,15:30,班,on_duty
US00020,2026-06-12,US202506270001,31,15:30,16:00,班,on_duty
US00020,2026-06-12,US202506270001,32,16:00,16:30,班,on_duty
US00020,2026-06-12,US202506270001,33,16:30,17:00,班,on_duty
US00020,2026-06-12,US202506270001,34,17:00,17:30,班,on_duty
US00020,2026-06-12,US202506270001,35,17:30,18:00,班,on_duty
US00020,2026-06-12,US202506270001,36,18:00,18:30,班,on_duty
US00020,2026-06-12,US202506270001,37,18:30,19:00,班,on_duty
US00020,2026-06-12,US202506270001,38,19:00,19:30,休,rest
US00020,2026-06-12,US202506270001,39,19:30,20:00,休,rest
US00020,2026-06-12,US202506270001,40,20:00,20:30,班,on_duty
US00020,2026-06-12,US202506270001,41,20:30,21:00,班,on_duty
US00020,2026-06-12,US202506270001,42,21:00,21:30,班,on_duty
US00020,2026-06-12,US202506270001,43,21:30,22:00,班,on_duty
US00020,2026-06-12,US202506270001,44,22:00,22:30,班,on_duty
US00020,2026-06-12,US202510210001,12,06:00,06:30,班,on_duty
US00020,2026-06-12,US202510210001,13,06:30,07:00,班,on_duty
US00020,2026-06-12,US202510210001,14,07:00,07:30,班,on_duty
US00020,2026-06-12,US202510210001,15,07:30,08:00,班,on_duty
US00020,2026-06-12,US202510210001,16,08:00,08:30,班,on_duty
US00020,2026-06-12,US202510210001,17,08:30,09:00,班,on_duty
US00020,2026-06-12,US202510210001,18,09:00,09:30,休,rest
US00020,2026-06-12,US202510210001,19,09:30,10:00,休,rest
US00020,2026-06-12,US202510210001,20,10:00,10:30,班,on_duty
US00020,2026-06-12,US202510210001,21,10:30,11:00,班,on_duty
US00020,2026-06-12,US202510210001,22,11:00,11:30,班,on_duty
US00020,2026-06-12,US202510210001,23,11:30,12:00,班,on_duty
US00020,2026-06-12,US202510210001,24,12:00,12:30,班,on_duty
US00020,2026-06-12,US202510210001,25,12:30,13:00,班,on_duty
US00020,2026-06-12,US202510210001,26,13:00,13:30,班,on_duty
US00020,2026-06-12,US202510210001,27,13:30,14:00,班,on_duty
US00020,2026-06-12,US202510210001,28,14:00,14:30,班,on_duty
US00020,2026-06-12,US202512290002,12,06:00,06:30,班,on_duty
US00020,2026-06-12,US202512290002,13,06:30,07:00,班,on_duty
US00020,2026-06-12,US202512290002,14,07:00,07:30,班,on_duty
US00020,2026-06-12,US202512290002,15,07:30,08:00,班,on_duty
US00020,2026-06-12,US202512290002,16,08:00,08:30,班,on_duty
US00020,2026-06-12,US202512290002,17,08:30,09:00,班,on_duty
US00020,2026-06-12,US202512290002,18,09:00,09:30,班,on_duty
US00020,2026-06-12,US202512290002,19,09:30,10:00,班,on_duty
US00020,2026-06-12,US202512290002,20,10:00,10:30,休,rest
US00020,2026-06-12,US202512290002,21,10:30,11:00,休,rest
US00020,2026-06-12,US202512290002,22,11:00,11:30,班,on_duty
US00020,2026-06-12,US202512290002,23,11:30,12:00,班,on_duty
US00020,2026-06-12,US202512290002,24,12:00,12:30,班,on_duty
US00020,2026-06-12,US202512290002,25,12:30,13:00,班,on_duty
US00020,2026-06-12,US202512290002,26,13:00,13:30,班,on_duty
US00020,2026-06-12,US202512290003,12,06:00,06:30,班,on_duty
US00020,2026-06-12,US202512290003,13,06:30,07:00,班,on_duty
US00020,2026-06-12,US202512290003,14,07:00,07:30,班,on_duty
US00020,2026-06-12,US202512290003,15,07:30,08:00,班,on_duty
US00020,2026-06-12,US202512290003,16,08:00,08:30,班,on_duty
US00020,2026-06-12,US202512290003,17,08:30,09:00,班,on_duty
US00020,2026-06-12,US202512290003,18,09:00,09:30,班,on_duty
US00020,2026-06-12,US202512290003,19,09:30,10:00,班,on_duty
US00020,2026-06-12,US202512290003,20,10:00,10:30,班,on_duty
US00020,2026-06-12,US202512290003,21,10:30,11:00,班,on_duty
US00020,2026-06-12,US202512290003,22,11:00,11:30,休,rest
US00020,2026-06-12,US202512290003,23,11:30,12:00,休,rest
US00020,2026-06-12,US202512290003,24,12:00,12:30,班,on_duty
US00020,2026-06-12,US202512290003,25,12:30,13:00,班,on_duty
US00020,2026-06-12,US202512290003,26,13:00,13:30,班,on_duty
US00020,2026-06-12,US202512290003,27,13:30,14:00,班,on_duty
US00020,2026-06-12,US202512290003,28,14:00,14:30,班,on_duty
US00020,2026-06-12,US202512290006,28,14:00,14:30,班,on_duty
US00020,2026-06-12,US202512290006,29,14:30,15:00,班,on_duty
US00020,2026-06-12,US202512290006,30,15:00,15:30,班,on_duty
US00020,2026-06-12,US202512290006,31,15:30,16:00,班,on_duty
US00020,2026-06-12,US202512290006,32,16:00,16:30,班,on_duty
US00020,2026-06-12,US202512290006,33,16:30,17:00,班,on_duty
US00020,2026-06-12,US202512290006,34,17:00,17:30,班,on_duty
US00020,2026-06-12,US202512290006,35,17:30,18:00,班,on_duty
US00020,2026-06-12,US202512290006,36,18:00,18:30,休,rest
US00020,2026-06-12,US202512290006,37,18:30,19:00,休,rest
US00020,2026-06-12,US202512290006,38,19:00,19:30,班,on_duty
US00020,2026-06-12,US202512290006,39,19:30,20:00,班,on_duty
US00020,2026-06-12,US202512290006,40,20:00,20:30,班,on_duty
US00020,2026-06-12,US202512290006,41,20:30,21:00,班,on_duty
US00020,2026-06-12,US202512290006,42,21:00,21:30,班,on_duty
US00020,2026-06-12,US202512290006,43,21:30,22:00,班,on_duty
US00020,2026-06-12,US202512290006,44,22:00,22:30,班,on_duty
US00020,2026-06-12,US202602180009,28,14:00,14:30,班,on_duty
US00020,2026-06-12,US202602180009,29,14:30,15:00,班,on_duty
US00020,2026-06-12,US202602180009,30,15:00,15:30,班,on_duty
US00020,2026-06-12,US202602180009,31,15:30,16:00,班,on_duty
US00020,2026-06-12,US202602180009,32,16:00,16:30,班,on_duty
US00020,2026-06-12,US202602180009,33,16:30,17:00,班,on_duty
US00020,2026-06-12,US202602180009,34,17:00,17:30,班,on_duty
US00020,2026-06-12,US202602180009,35,17:30,18:00,班,on_duty
US00020,2026-06-12,US202602180009,36,18:00,18:30,班,on_duty
US00020,2026-06-12,US202602180009,37,18:30,19:00,班,on_duty
US00020,2026-06-12,US202602180009,38,19:00,19:30,班,on_duty
US00020,2026-06-12,US202602180009,39,19:30,20:00,班,on_duty
US00020,2026-06-12,US202602180009,40,20:00,20:30,班,on_duty
US00020,2026-06-12,US202602180009,41,20:30,21:00,班,on_duty
US00020,2026-06-12,US202602180009,42,21:00,21:30,班,on_duty
US00020,2026-06-12,US202602180009,43,21:30,22:00,班,on_duty
US00020,2026-06-12,US202602180009,44,22:00,22:30,班,on_duty
US00020,2026-06-12,US202605190007,28,14:00,14:30,班,on_duty
US00020,2026-06-12,US202605190007,29,14:30,15:00,班,on_duty
US00020,2026-06-12,US202605190007,30,15:00,15:30,班,on_duty
US00020,2026-06-12,US202605190007,31,15:30,16:00,班,on_duty
US00020,2026-06-12,US202605190007,32,16:00,16:30,班,on_duty
US00020,2026-06-12,US202605190007,33,16:30,17:00,班,on_duty
US00020,2026-06-12,US202605190007,34,17:00,17:30,休,rest
US00020,2026-06-12,US202605190007,35,17:30,18:00,休,rest
US00020,2026-06-12,US202605190007,36,18:00,18:30,班,on_duty
US00020,2026-06-12,US202605190007,37,18:30,19:00,班,on_duty
US00020,2026-06-12,US202605190007,38,19:00,19:30,班,on_duty
US00020,2026-06-12,US202605190007,39,19:30,20:00,班,on_duty
US00020,2026-06-12,US202605190007,40,20:00,20:30,班,on_duty
US00020,2026-06-12,US202605190007,41,20:30,21:00,班,on_duty
US00020,2026-06-12,US202605190007,42,21:00,21:30,班,on_duty
US00020,2026-06-12,US202605190007,43,21:30,22:00,班,on_duty
US00020,2026-06-12,US202605190007,44,22:00,22:30,班,on_duty
US00020,2026-06-12,US202606020001,28,14:00,14:30,班,on_duty
US00020,2026-06-12,US202606020001,29,14:30,15:00,班,on_duty
US00020,2026-06-12,US202606020001,30,15:00,15:30,班,on_duty
US00020,2026-06-12,US202606020001,31,15:30,16:00,班,on_duty
US00020,2026-06-12,US202606020001,32,16:00,16:30,班,on_duty
US00020,2026-06-12,US202606020001,33,16:30,17:00,班,on_duty
US00020,2026-06-12,US202606020001,34,17:00,17:30,休,rest
US00020,2026-06-12,US202606020001,35,17:30,18:00,休,rest
US00020,2026-06-12,US202606020001,36,18:00,18:30,班,on_duty
US00020,2026-06-12,US202606020001,37,18:30,19:00,班,on_duty
US00020,2026-06-12,US202606020001,38,19:00,19:30,班,on_duty
US00020,2026-06-12,US202606020001,39,19:30,20:00,班,on_duty
US00020,2026-06-12,US202606020001,40,20:00,20:30,班,on_duty
US00020,2026-06-12,US202606020001,41,20:30,21:00,班,on_duty
US00020,2026-06-12,US202606020001,42,21:00,21:30,班,on_duty
US00020,2026-06-12,US202606020001,43,21:30,22:00,班,on_duty
US00020,2026-06-12,US202606020001,44,22:00,22:30,班,on_duty
US00020,2026-06-13,US202512290002,12,06:00,06:30,班,on_duty
US00020,2026-06-13,US202512290002,13,06:30,07:00,班,on_duty
US00020,2026-06-13,US202512290002,14,07:00,07:30,班,on_duty
US00020,2026-06-13,US202512290002,15,07:30,08:00,班,on_duty
US00020,2026-06-13,US202512290002,16,08:00,08:30,休,rest
US00020,2026-06-13,US202512290002,17,08:30,09:00,休,rest
US00020,2026-06-13,US202512290002,18,09:00,09:30,班,on_duty
US00020,2026-06-13,US202512290002,19,09:30,10:00,班,on_duty
US00020,2026-06-13,US202512290002,20,10:00,10:30,班,on_duty
US00020,2026-06-13,US202512290002,21,10:30,11:00,班,on_duty
US00020,2026-06-13,US202512290002,22,11:00,11:30,班,on_duty
US00020,2026-06-13,US202512290002,23,11:30,12:00,班,on_duty
US00020,2026-06-13,US202512290002,24,12:00,12:30,班,on_duty
US00020,2026-06-13,US202512290002,25,12:30,13:00,班,on_duty
US00020,2026-06-13,US202512290002,26,13:00,13:30,班,on_duty
US00020,2026-06-13,US202512290003,12,06:00,06:30,班,on_duty
US00020,2026-06-13,US202512290003,13,06:30,07:00,班,on_duty
US00020,2026-06-13,US202512290003,14,07:00,07:30,班,on_duty
US00020,2026-06-13,US202512290003,15,07:30,08:00,班,on_duty
US00020,2026-06-13,US202512290003,16,08:00,08:30,班,on_duty
US00020,2026-06-13,US202512290003,17,08:30,09:00,班,on_duty
US00020,2026-06-13,US202512290003,18,09:00,09:30,休,rest
US00020,2026-06-13,US202512290003,19,09:30,10:00,休,rest
US00020,2026-06-13,US202512290003,20,10:00,10:30,班,on_duty
US00020,2026-06-13,US202512290003,21,10:30,11:00,班,on_duty
US00020,2026-06-13,US202512290003,22,11:00,11:30,班,on_duty
US00020,2026-06-13,US202512290003,23,11:30,12:00,班,on_duty
US00020,2026-06-13,US202512290003,24,12:00,12:30,班,on_duty
US00020,2026-06-13,US202512290003,25,12:30,13:00,班,on_duty
US00020,2026-06-13,US202512290003,26,13:00,13:30,班,on_duty
US00020,2026-06-13,US202512290003,27,13:30,14:00,班,on_duty
US00020,2026-06-13,US202512290003,28,14:00,14:30,班,on_duty
US00020,2026-06-13,US202512290006,28,14:00,14:30,班,on_duty
US00020,2026-06-13,US202512290006,29,14:30,15:00,班,on_duty
US00020,2026-06-13,US202512290006,30,15:00,15:30,班,on_duty
US00020,2026-06-13,US202512290006,31,15:30,16:00,班,on_duty
US00020,2026-06-13,US202512290006,32,16:00,16:30,班,on_duty
US00020,2026-06-13,US202512290006,33,16:30,17:00,班,on_duty
US00020,2026-06-13,US202512290006,34,17:00,17:30,班,on_duty
US00020,2026-06-13,US202512290006,35,17:30,18:00,班,on_duty
US00020,2026-06-13,US202512290006,36,18:00,18:30,班,on_duty
US00020,2026-06-13,US202512290006,37,18:30,19:00,班,on_duty
US00020,2026-06-13,US202512290006,38,19:00,19:30,休,rest
US00020,2026-06-13,US202512290006,39,19:30,20:00,休,rest
US00020,2026-06-13,US202512290006,40,20:00,20:30,班,on_duty
US00020,2026-06-13,US202512290006,41,20:30,21:00,班,on_duty
US00020,2026-06-13,US202512290006,42,21:00,21:30,班,on_duty
US00020,2026-06-13,US202512290006,43,21:30,22:00,班,on_duty
US00020,2026-06-13,US202512290006,44,22:00,22:30,班,on_duty
US00020,2026-06-13,US202602180006,12,06:00,06:30,班,on_duty
US00020,2026-06-13,US202602180006,13,06:30,07:00,班,on_duty
US00020,2026-06-13,US202602180006,14,07:00,07:30,班,on_duty
US00020,2026-06-13,US202602180006,15,07:30,08:00,班,on_duty
US00020,2026-06-13,US202602180006,16,08:00,08:30,班,on_duty
US00020,2026-06-13,US202602180006,17,08:30,09:00,班,on_duty
US00020,2026-06-13,US202602180006,18,09:00,09:30,班,on_duty
US00020,2026-06-13,US202602180006,19,09:30,10:00,班,on_duty
US00020,2026-06-13,US202602180006,20,10:00,10:30,休,rest
US00020,2026-06-13,US202602180006,21,10:30,11:00,休,rest
US00020,2026-06-13,US202602180006,22,11:00,11:30,班,on_duty
US00020,2026-06-13,US202602180006,23,11:30,12:00,班,on_duty
US00020,2026-06-13,US202602180006,24,12:00,12:30,班,on_duty
US00020,2026-06-13,US202602180006,25,12:30,13:00,班,on_duty
US00020,2026-06-13,US202602180006,26,13:00,13:30,班,on_duty
US00020,2026-06-13,US202602180006,27,13:30,14:00,班,on_duty
US00020,2026-06-13,US202602180006,28,14:00,14:30,班,on_duty
US00020,2026-06-13,US202602180009,28,14:00,14:30,班,on_duty
US00020,2026-06-13,US202602180009,29,14:30,15:00,班,on_duty
US00020,2026-06-13,US202602180009,30,15:00,15:30,班,on_duty
US00020,2026-06-13,US202602180009,31,15:30,16:00,班,on_duty
US00020,2026-06-13,US202602180009,32,16:00,16:30,班,on_duty
US00020,2026-06-13,US202602180009,33,16:30,17:00,班,on_duty
US00020,2026-06-13,US202602180009,34,17:00,17:30,休,rest
US00020,2026-06-13,US202602180009,35,17:30,18:00,休,rest
US00020,2026-06-13,US202602180009,36,18:00,18:30,班,on_duty
US00020,2026-06-13,US202602180009,37,18:30,19:00,班,on_duty
US00020,2026-06-13,US202602180009,38,19:00,19:30,班,on_duty
US00020,2026-06-13,US202602180009,39,19:30,20:00,班,on_duty
US00020,2026-06-13,US202602180009,40,20:00,20:30,班,on_duty
US00020,2026-06-13,US202602180009,41,20:30,21:00,班,on_duty
US00020,2026-06-13,US202602180009,42,21:00,21:30,班,on_duty
US00020,2026-06-13,US202602180009,43,21:30,22:00,班,on_duty
US00020,2026-06-13,US202602180009,44,22:00,22:30,班,on_duty
US00020,2026-06-13,US202603030002,28,14:00,14:30,班,on_duty
US00020,2026-06-13,US202603030002,29,14:30,15:00,班,on_duty
US00020,2026-06-13,US202603030002,30,15:00,15:30,班,on_duty
US00020,2026-06-13,US202603030002,31,15:30,16:00,班,on_duty
US00020,2026-06-13,US202603030002,32,16:00,16:30,班,on_duty
US00020,2026-06-13,US202603030002,33,16:30,17:00,班,on_duty
US00020,2026-06-13,US202603030002,34,17:00,17:30,班,on_duty
US00020,2026-06-13,US202603030002,35,17:30,18:00,班,on_duty
US00020,2026-06-13,US202603030002,36,18:00,18:30,休,rest
US00020,2026-06-13,US202603030002,37,18:30,19:00,休,rest
US00020,2026-06-13,US202603030002,38,19:00,19:30,班,on_duty
US00020,2026-06-13,US202603030002,39,19:30,20:00,班,on_duty
US00020,2026-06-13,US202603030002,40,20:00,20:30,班,on_duty
US00020,2026-06-13,US202603030002,41,20:30,21:00,班,on_duty
US00020,2026-06-13,US202603030002,42,21:00,21:30,班,on_duty
US00020,2026-06-13,US202603030002,43,21:30,22:00,班,on_duty
US00020,2026-06-13,US202603030002,44,22:00,22:30,班,on_duty
US00020,2026-06-13,US202606020001,28,14:00,14:30,班,on_duty
US00020,2026-06-13,US202606020001,29,14:30,15:00,班,on_duty
US00020,2026-06-13,US202606020001,30,15:00,15:30,班,on_duty
US00020,2026-06-13,US202606020001,31,15:30,16:00,班,on_duty
US00020,2026-06-13,US202606020001,32,16:00,16:30,班,on_duty
US00020,2026-06-13,US202606020001,33,16:30,17:00,班,on_duty
US00020,2026-06-13,US202606020001,34,17:00,17:30,班,on_duty
US00020,2026-06-13,US202606020001,35,17:30,18:00,班,on_duty
US00020,2026-06-13,US202606020001,36,18:00,18:30,班,on_duty
US00020,2026-06-13,US202606020001,37,18:30,19:00,班,on_duty
US00020,2026-06-13,US202606020001,38,19:00,19:30,休,rest
US00020,2026-06-13,US202606020001,39,19:30,20:00,休,rest
US00020,2026-06-13,US202606020001,40,20:00,20:30,班,on_duty
US00020,2026-06-13,US202606020001,41,20:30,21:00,班,on_duty
US00020,2026-06-13,US202606020001,42,21:00,21:30,班,on_duty
US00020,2026-06-13,US202606020001,43,21:30,22:00,班,on_duty
US00020,2026-06-13,US202606020001,44,22:00,22:30,班,on_duty
US00020,2026-06-14,US202509300005,18,09:00,09:30,班,on_duty
US00020,2026-06-14,US202509300005,19,09:30,10:00,班,on_duty
US00020,2026-06-14,US202509300005,20,10:00,10:30,班,on_duty
US00020,2026-06-14,US202509300005,21,10:30,11:00,班,on_duty
US00020,2026-06-14,US202509300005,22,11:00,11:30,班,on_duty
US00020,2026-06-14,US202509300005,23,11:30,12:00,班,on_duty
US00020,2026-06-14,US202509300005,24,12:00,12:30,班,on_duty
US00020,2026-06-14,US202509300005,25,12:30,13:00,班,on_duty
US00020,2026-06-14,US202509300005,26,13:00,13:30,休,rest
US00020,2026-06-14,US202509300005,27,13:30,14:00,休,rest
US00020,2026-06-14,US202509300005,28,14:00,14:30,班,on_duty
US00020,2026-06-14,US202509300005,29,14:30,15:00,班,on_duty
US00020,2026-06-14,US202509300005,30,15:00,15:30,班,on_duty
US00020,2026-06-14,US202509300005,31,15:30,16:00,班,on_duty
US00020,2026-06-14,US202509300005,32,16:00,16:30,班,on_duty
US00020,2026-06-14,US202510210001,12,06:00,06:30,班,on_duty
US00020,2026-06-14,US202510210001,13,06:30,07:00,班,on_duty
US00020,2026-06-14,US202510210001,14,07:00,07:30,班,on_duty
US00020,2026-06-14,US202510210001,15,07:30,08:00,班,on_duty
US00020,2026-06-14,US202510210001,16,08:00,08:30,班,on_duty
US00020,2026-06-14,US202510210001,17,08:30,09:00,班,on_duty
US00020,2026-06-14,US202510210001,18,09:00,09:30,休,rest
US00020,2026-06-14,US202510210001,19,09:30,10:00,休,rest
US00020,2026-06-14,US202510210001,20,10:00,10:30,班,on_duty
US00020,2026-06-14,US202510210001,21,10:30,11:00,班,on_duty
US00020,2026-06-14,US202510210001,22,11:00,11:30,班,on_duty
US00020,2026-06-14,US202510210001,23,11:30,12:00,班,on_duty
US00020,2026-06-14,US202510210001,24,12:00,12:30,班,on_duty
US00020,2026-06-14,US202510210001,25,12:30,13:00,班,on_duty
US00020,2026-06-14,US202510210001,26,13:00,13:30,班,on_duty
US00020,2026-06-14,US202510210001,27,13:30,14:00,班,on_duty
US00020,2026-06-14,US202510210001,28,14:00,14:30,班,on_duty
US00020,2026-06-14,US202512290006,28,14:00,14:30,班,on_duty
US00020,2026-06-14,US202512290006,29,14:30,15:00,班,on_duty
US00020,2026-06-14,US202512290006,30,15:00,15:30,班,on_duty
US00020,2026-06-14,US202512290006,31,15:30,16:00,班,on_duty
US00020,2026-06-14,US202512290006,32,16:00,16:30,班,on_duty
US00020,2026-06-14,US202512290006,33,16:30,17:00,班,on_duty
US00020,2026-06-14,US202512290006,34,17:00,17:30,休,rest
US00020,2026-06-14,US202512290006,35,17:30,18:00,休,rest
US00020,2026-06-14,US202512290006,36,18:00,18:30,班,on_duty
US00020,2026-06-14,US202512290006,37,18:30,19:00,班,on_duty
US00020,2026-06-14,US202512290006,38,19:00,19:30,班,on_duty
US00020,2026-06-14,US202512290006,39,19:30,20:00,班,on_duty
US00020,2026-06-14,US202512290006,40,20:00,20:30,班,on_duty
US00020,2026-06-14,US202512290006,41,20:30,21:00,班,on_duty
US00020,2026-06-14,US202512290006,42,21:00,21:30,班,on_duty
US00020,2026-06-14,US202512290006,43,21:30,22:00,班,on_duty
US00020,2026-06-14,US202512290006,44,22:00,22:30,班,on_duty
US00020,2026-06-14,US202602180009,28,14:00,14:30,班,on_duty
US00020,2026-06-14,US202602180009,29,14:30,15:00,班,on_duty
US00020,2026-06-14,US202602180009,30,15:00,15:30,班,on_duty
US00020,2026-06-14,US202602180009,31,15:30,16:00,班,on_duty
US00020,2026-06-14,US202602180009,32,16:00,16:30,班,on_duty
US00020,2026-06-14,US202602180009,33,16:30,17:00,班,on_duty
US00020,2026-06-14,US202602180009,34,17:00,17:30,班,on_duty
US00020,2026-06-14,US202602180009,35,17:30,18:00,班,on_duty
US00020,2026-06-14,US202602180009,36,18:00,18:30,班,on_duty
US00020,2026-06-14,US202602180009,37,18:30,19:00,班,on_duty
US00020,2026-06-14,US202602180009,38,19:00,19:30,休,rest
US00020,2026-06-14,US202602180009,39,19:30,20:00,休,rest
US00020,2026-06-14,US202602180009,40,20:00,20:30,班,on_duty
US00020,2026-06-14,US202602180009,41,20:30,21:00,班,on_duty
US00020,2026-06-14,US202602180009,42,21:00,21:30,班,on_duty
US00020,2026-06-14,US202602180009,43,21:30,22:00,班,on_duty
US00020,2026-06-14,US202602180009,44,22:00,22:30,班,on_duty
US00020,2026-06-14,US202603030002,28,14:00,14:30,班,on_duty
US00020,2026-06-14,US202603030002,29,14:30,15:00,班,on_duty
US00020,2026-06-14,US202603030002,30,15:00,15:30,班,on_duty
US00020,2026-06-14,US202603030002,31,15:30,16:00,班,on_duty
US00020,2026-06-14,US202603030002,32,16:00,16:30,班,on_duty
US00020,2026-06-14,US202603030002,33,16:30,17:00,班,on_duty
US00020,2026-06-14,US202603030002,34,17:00,17:30,班,on_duty
US00020,2026-06-14,US202603030002,35,17:30,18:00,班,on_duty
US00020,2026-06-14,US202603030002,36,18:00,18:30,休,rest
US00020,2026-06-14,US202603030002,37,18:30,19:00,休,rest
US00020,2026-06-14,US202603030002,38,19:00,19:30,班,on_duty
US00020,2026-06-14,US202603030002,39,19:30,20:00,班,on_duty
US00020,2026-06-14,US202603030002,40,20:00,20:30,班,on_duty
US00020,2026-06-14,US202603030002,41,20:30,21:00,班,on_duty
US00020,2026-06-14,US202603030002,42,21:00,21:30,班,on_duty
US00020,2026-06-14,US202603030002,43,21:30,22:00,班,on_duty
US00020,2026-06-14,US202603030002,44,22:00,22:30,班,on_duty
US00020,2026-06-14,US202605190007,12,06:00,06:30,班,on_duty
US00020,2026-06-14,US202605190007,13,06:30,07:00,班,on_duty
US00020,2026-06-14,US202605190007,14,07:00,07:30,班,on_duty
US00020,2026-06-14,US202605190007,15,07:30,08:00,班,on_duty
US00020,2026-06-14,US202605190007,16,08:00,08:30,班,on_duty
US00020,2026-06-14,US202605190007,17,08:30,09:00,班,on_duty
US00020,2026-06-14,US202605190007,18,09:00,09:30,班,on_duty
US00020,2026-06-14,US202605190007,19,09:30,10:00,班,on_duty
US00020,2026-06-14,US202605190007,20,10:00,10:30,休,rest
US00020,2026-06-14,US202605190007,21,10:30,11:00,休,rest
US00020,2026-06-14,US202605190007,22,11:00,11:30,班,on_duty
US00020,2026-06-14,US202605190007,23,11:30,12:00,班,on_duty
US00020,2026-06-14,US202605190007,24,12:00,12:30,班,on_duty
US00020,2026-06-14,US202605190007,25,12:30,13:00,班,on_duty
US00020,2026-06-14,US202605190007,26,13:00,13:30,班,on_duty
US00020,2026-06-14,US202605190007,27,13:30,14:00,班,on_duty
US00020,2026-06-14,US202605190007,28,14:00,14:30,班,on_duty
US00022,2026-06-08,US202508270001,12,06:00,06:30,班,on_duty
US00022,2026-06-08,US202508270001,13,06:30,07:00,班,on_duty
US00022,2026-06-08,US202508270001,14,07:00,07:30,班,on_duty
US00022,2026-06-08,US202508270001,15,07:30,08:00,班,on_duty
US00022,2026-06-08,US202508270001,16,08:00,08:30,班,on_duty
US00022,2026-06-08,US202508270001,17,08:30,09:00,班,on_duty
US00022,2026-06-08,US202508270001,18,09:00,09:30,班,on_duty
US00022,2026-06-08,US202508270001,19,09:30,10:00,班,on_duty
US00022,2026-06-08,US202508270001,20,10:00,10:30,班,on_duty
US00022,2026-06-08,US202508270001,21,10:30,11:00,休,rest
US00022,2026-06-08,US202508270001,22,11:00,11:30,休,rest
US00022,2026-06-08,US202508270001,23,11:30,12:00,班,on_duty
US00022,2026-06-08,US202508270001,24,12:00,12:30,班,on_duty
US00022,2026-06-08,US202508270001,25,12:30,13:00,班,on_duty
US00022,2026-06-08,US202508270001,26,13:00,13:30,班,on_duty
US00022,2026-06-08,US202508270001,27,13:30,14:00,班,on_duty
US00022,2026-06-08,US202508270001,28,14:00,14:30,班,on_duty
US00022,2026-06-08,US202509300008,28,14:00,14:30,班,on_duty
US00022,2026-06-08,US202509300008,29,14:30,15:00,班,on_duty
US00022,2026-06-08,US202509300008,30,15:00,15:30,班,on_duty
US00022,2026-06-08,US202509300008,31,15:30,16:00,班,on_duty
US00022,2026-06-08,US202509300008,32,16:00,16:30,班,on_duty
US00022,2026-06-08,US202509300008,33,16:30,17:00,班,on_duty
US00022,2026-06-08,US202509300008,34,17:00,17:30,休,rest
US00022,2026-06-08,US202509300008,35,17:30,18:00,休,rest
US00022,2026-06-08,US202509300008,36,18:00,18:30,班,on_duty
US00022,2026-06-08,US202509300008,37,18:30,19:00,班,on_duty
US00022,2026-06-08,US202509300008,38,19:00,19:30,班,on_duty
US00022,2026-06-08,US202509300008,39,19:30,20:00,班,on_duty
US00022,2026-06-08,US202509300008,40,20:00,20:30,班,on_duty
US00022,2026-06-08,US202509300008,41,20:30,21:00,班,on_duty
US00022,2026-06-08,US202509300008,42,21:00,21:30,班,on_duty
US00022,2026-06-08,US202509300008,43,21:30,22:00,班,on_duty
US00022,2026-06-08,US202509300008,44,22:00,22:30,班,on_duty
US00022,2026-06-08,US202603030001,20,10:00,10:30,班,on_duty
US00022,2026-06-08,US202603030001,21,10:30,11:00,班,on_duty
US00022,2026-06-08,US202603030001,22,11:00,11:30,班,on_duty
US00022,2026-06-08,US202603030001,23,11:30,12:00,班,on_duty
US00022,2026-06-08,US202603030001,24,12:00,12:30,班,on_duty
US00022,2026-06-08,US202603030001,25,12:30,13:00,班,on_duty
US00022,2026-06-08,US202603030001,26,13:00,13:30,班,on_duty
US00022,2026-06-08,US202603030001,27,13:30,14:00,休,rest
US00022,2026-06-08,US202603030001,28,14:00,14:30,班,on_duty
US00022,2026-06-08,US202603030001,29,14:30,15:00,班,on_duty
US00022,2026-06-08,US202603030001,30,15:00,15:30,班,on_duty
US00022,2026-06-08,US202603030001,31,15:30,16:00,班,on_duty
US00022,2026-06-08,US202603030001,32,16:00,16:30,班,on_duty
US00022,2026-06-08,US202603030001,33,16:30,17:00,班,on_duty
US00022,2026-06-08,US202603030001,34,17:00,17:30,班,on_duty
US00022,2026-06-08,US202603030001,35,17:30,18:00,班,on_duty
US00022,2026-06-08,US202603260004,12,06:00,06:30,班,on_duty
US00022,2026-06-08,US202603260004,13,06:30,07:00,班,on_duty
US00022,2026-06-08,US202603260004,14,07:00,07:30,班,on_duty
US00022,2026-06-08,US202603260004,15,07:30,08:00,班,on_duty
US00022,2026-06-08,US202603260004,16,08:00,08:30,班,on_duty
US00022,2026-06-08,US202603260004,17,08:30,09:00,班,on_duty
US00022,2026-06-08,US202603260004,18,09:00,09:30,班,on_duty
US00022,2026-06-08,US202603260004,19,09:30,10:00,休,rest
US00022,2026-06-08,US202603260004,20,10:00,10:30,休,rest
US00022,2026-06-08,US202603260004,21,10:30,11:00,班,on_duty
US00022,2026-06-08,US202603260004,22,11:00,11:30,班,on_duty
US00022,2026-06-08,US202603260004,23,11:30,12:00,班,on_duty
US00022,2026-06-08,US202603260004,24,12:00,12:30,班,on_duty
US00022,2026-06-08,US202603260004,25,12:30,13:00,班,on_duty
US00022,2026-06-08,US202603260004,26,13:00,13:30,班,on_duty
US00022,2026-06-08,US202603260004,27,13:30,14:00,班,on_duty
US00022,2026-06-08,US202603260004,28,14:00,14:30,班,on_duty
US00022,2026-06-08,US202604020005,12,06:00,06:30,班,on_duty
US00022,2026-06-08,US202604020005,13,06:30,07:00,班,on_duty
US00022,2026-06-08,US202604020005,14,07:00,07:30,班,on_duty
US00022,2026-06-08,US202604020005,15,07:30,08:00,班,on_duty
US00022,2026-06-08,US202604020005,16,08:00,08:30,班,on_duty
US00022,2026-06-08,US202604020005,17,08:30,09:00,班,on_duty
US00022,2026-06-08,US202604020005,18,09:00,09:30,休,rest
US00022,2026-06-08,US202604020005,19,09:30,10:00,休,rest
US00022,2026-06-08,US202604020005,20,10:00,10:30,班,on_duty
US00022,2026-06-08,US202604020005,21,10:30,11:00,班,on_duty
US00022,2026-06-08,US202604020005,22,11:00,11:30,班,on_duty
US00022,2026-06-08,US202604020005,23,11:30,12:00,班,on_duty
US00022,2026-06-08,US202604020005,24,12:00,12:30,班,on_duty
US00022,2026-06-08,US202604020005,25,12:30,13:00,班,on_duty
US00022,2026-06-08,US202604020005,26,13:00,13:30,班,on_duty
US00022,2026-06-08,US202604020005,27,13:30,14:00,班,on_duty
US00022,2026-06-08,US202604020005,28,14:00,14:30,班,on_duty
US00022,2026-06-08,US202605190010,28,14:00,14:30,班,on_duty
US00022,2026-06-08,US202605190010,29,14:30,15:00,班,on_duty
US00022,2026-06-08,US202605190010,30,15:00,15:30,班,on_duty
US00022,2026-06-08,US202605190010,31,15:30,16:00,班,on_duty
US00022,2026-06-08,US202605190010,32,16:00,16:30,班,on_duty
US00022,2026-06-08,US202605190010,33,16:30,17:00,休,rest
US00022,2026-06-08,US202605190010,34,17:00,17:30,休,rest
US00022,2026-06-08,US202605190010,35,17:30,18:00,班,on_duty
US00022,2026-06-08,US202605190010,36,18:00,18:30,班,on_duty
US00022,2026-06-08,US202605190010,37,18:30,19:00,班,on_duty
US00022,2026-06-08,US202605190010,38,19:00,19:30,班,on_duty
US00022,2026-06-08,US202605190010,39,19:30,20:00,班,on_duty
US00022,2026-06-08,US202605190010,40,20:00,20:30,班,on_duty
US00022,2026-06-08,US202605190010,41,20:30,21:00,班,on_duty
US00022,2026-06-08,US202605190010,42,21:00,21:30,班,on_duty
US00022,2026-06-08,US202605190010,43,21:30,22:00,班,on_duty
US00022,2026-06-08,US202605190010,44,22:00,22:30,班,on_duty
US00022,2026-06-09,US202509300008,28,14:00,14:30,班,on_duty
US00022,2026-06-09,US202509300008,29,14:30,15:00,班,on_duty
US00022,2026-06-09,US202509300008,30,15:00,15:30,班,on_duty
US00022,2026-06-09,US202509300008,31,15:30,16:00,班,on_duty
US00022,2026-06-09,US202509300008,32,16:00,16:30,班,on_duty
US00022,2026-06-09,US202509300008,33,16:30,17:00,班,on_duty
US00022,2026-06-09,US202509300008,34,17:00,17:30,休,rest
US00022,2026-06-09,US202509300008,35,17:30,18:00,休,rest
US00022,2026-06-09,US202509300008,36,18:00,18:30,班,on_duty
US00022,2026-06-09,US202509300008,37,18:30,19:00,班,on_duty
US00022,2026-06-09,US202509300008,38,19:00,19:30,班,on_duty
US00022,2026-06-09,US202509300008,39,19:30,20:00,班,on_duty
US00022,2026-06-09,US202509300008,40,20:00,20:30,班,on_duty
US00022,2026-06-09,US202509300008,41,20:30,21:00,班,on_duty
US00022,2026-06-09,US202509300008,42,21:00,21:30,班,on_duty
US00022,2026-06-09,US202509300008,43,21:30,22:00,班,on_duty
US00022,2026-06-09,US202509300008,44,22:00,22:30,班,on_duty
US00022,2026-06-09,US202603030001,12,06:00,06:30,班,on_duty
US00022,2026-06-09,US202603030001,13,06:30,07:00,班,on_duty
US00022,2026-06-09,US202603030001,14,07:00,07:30,班,on_duty
US00022,2026-06-09,US202603030001,15,07:30,08:00,班,on_duty
US00022,2026-06-09,US202603030001,16,08:00,08:30,班,on_duty
US00022,2026-06-09,US202603030001,17,08:30,09:00,休,rest
US00022,2026-06-09,US202603030001,18,09:00,09:30,休,rest
US00022,2026-06-09,US202603030001,19,09:30,10:00,班,on_duty
US00022,2026-06-09,US202603030001,20,10:00,10:30,班,on_duty
US00022,2026-06-09,US202603030001,21,10:30,11:00,班,on_duty
US00022,2026-06-09,US202603030001,22,11:00,11:30,班,on_duty
US00022,2026-06-09,US202603030001,23,11:30,12:00,班,on_duty
US00022,2026-06-09,US202603030001,24,12:00,12:30,班,on_duty
US00022,2026-06-09,US202603030001,25,12:30,13:00,班,on_duty
US00022,2026-06-09,US202603030001,26,13:00,13:30,班,on_duty
US00022,2026-06-09,US202603030001,27,13:30,14:00,班,on_duty
US00022,2026-06-09,US202603030001,28,14:00,14:30,班,on_duty
US00022,2026-06-09,US202603100012,20,10:00,10:30,班,on_duty
US00022,2026-06-09,US202603100012,21,10:30,11:00,班,on_duty
US00022,2026-06-09,US202603100012,22,11:00,11:30,班,on_duty
US00022,2026-06-09,US202603100012,23,11:30,12:00,班,on_duty
US00022,2026-06-09,US202603100012,24,12:00,12:30,班,on_duty
US00022,2026-06-09,US202603100012,25,12:30,13:00,班,on_duty
US00022,2026-06-09,US202603100012,26,13:00,13:30,班,on_duty
US00022,2026-06-09,US202603100012,27,13:30,14:00,休,rest
US00022,2026-06-09,US202603100012,28,14:00,14:30,班,on_duty
US00022,2026-06-09,US202603100012,29,14:30,15:00,班,on_duty
US00022,2026-06-09,US202603100012,30,15:00,15:30,班,on_duty
US00022,2026-06-09,US202603100012,31,15:30,16:00,班,on_duty
US00022,2026-06-09,US202603100012,32,16:00,16:30,班,on_duty
US00022,2026-06-09,US202603100012,33,16:30,17:00,班,on_duty
US00022,2026-06-09,US202603100012,34,17:00,17:30,班,on_duty
US00022,2026-06-09,US202603100012,35,17:30,18:00,班,on_duty
US00022,2026-06-09,US202603260004,28,14:00,14:30,班,on_duty
US00022,2026-06-09,US202603260004,29,14:30,15:00,班,on_duty
US00022,2026-06-09,US202603260004,30,15:00,15:30,班,on_duty
US00022,2026-06-09,US202603260004,31,15:30,16:00,班,on_duty
US00022,2026-06-09,US202603260004,32,16:00,16:30,班,on_duty
US00022,2026-06-09,US202603260004,33,16:30,17:00,班,on_duty
US00022,2026-06-09,US202603260004,34,17:00,17:30,班,on_duty
US00022,2026-06-09,US202603260004,35,17:30,18:00,休,rest
US00022,2026-06-09,US202603260004,36,18:00,18:30,休,rest
US00022,2026-06-09,US202603260004,37,18:30,19:00,班,on_duty
US00022,2026-06-09,US202603260004,38,19:00,19:30,班,on_duty
US00022,2026-06-09,US202603260004,39,19:30,20:00,班,on_duty
US00022,2026-06-09,US202603260004,40,20:00,20:30,班,on_duty
US00022,2026-06-09,US202603260004,41,20:30,21:00,班,on_duty
US00022,2026-06-09,US202603260004,42,21:00,21:30,班,on_duty
US00022,2026-06-09,US202603260004,43,21:30,22:00,班,on_duty
US00022,2026-06-09,US202603260004,44,22:00,22:30,班,on_duty
US00022,2026-06-09,US202604020005,28,14:00,14:30,班,on_duty
US00022,2026-06-09,US202604020005,29,14:30,15:00,班,on_duty
US00022,2026-06-09,US202604020005,30,15:00,15:30,班,on_duty
US00022,2026-06-09,US202604020005,31,15:30,16:00,班,on_duty
US00022,2026-06-09,US202604020005,32,16:00,16:30,班,on_duty
US00022,2026-06-09,US202604020005,33,16:30,17:00,班,on_duty
US00022,2026-06-09,US202604020005,34,17:00,17:30,班,on_duty
US00022,2026-06-09,US202604020005,35,17:30,18:00,班,on_duty
US00022,2026-06-09,US202604020005,36,18:00,18:30,班,on_duty
US00022,2026-06-09,US202604020005,37,18:30,19:00,休,rest
US00022,2026-06-09,US202604020005,38,19:00,19:30,休,rest
US00022,2026-06-09,US202604020005,39,19:30,20:00,班,on_duty
US00022,2026-06-09,US202604020005,40,20:00,20:30,班,on_duty
US00022,2026-06-09,US202604020005,41,20:30,21:00,班,on_duty
US00022,2026-06-09,US202604020005,42,21:00,21:30,班,on_duty
US00022,2026-06-09,US202604020005,43,21:30,22:00,班,on_duty
US00022,2026-06-09,US202604020005,44,22:00,22:30,班,on_duty
US00022,2026-06-09,US202605190005,12,06:00,06:30,班,on_duty
US00022,2026-06-09,US202605190005,13,06:30,07:00,班,on_duty
US00022,2026-06-09,US202605190005,14,07:00,07:30,班,on_duty
US00022,2026-06-09,US202605190005,15,07:30,08:00,班,on_duty
US00022,2026-06-09,US202605190005,16,08:00,08:30,班,on_duty
US00022,2026-06-09,US202605190005,17,08:30,09:00,班,on_duty
US00022,2026-06-09,US202605190005,18,09:00,09:30,休,rest
US00022,2026-06-09,US202605190005,19,09:30,10:00,休,rest
US00022,2026-06-09,US202605190005,20,10:00,10:30,班,on_duty
US00022,2026-06-09,US202605190005,21,10:30,11:00,班,on_duty
US00022,2026-06-09,US202605190005,22,11:00,11:30,班,on_duty
US00022,2026-06-09,US202605190005,23,11:30,12:00,班,on_duty
US00022,2026-06-09,US202605190005,24,12:00,12:30,班,on_duty
US00022,2026-06-09,US202605190005,25,12:30,13:00,班,on_duty
US00022,2026-06-09,US202605190005,26,13:00,13:30,班,on_duty
US00022,2026-06-09,US202605190005,27,13:30,14:00,班,on_duty
US00022,2026-06-09,US202605190005,28,14:00,14:30,班,on_duty
US00022,2026-06-09,US202605260003,12,06:00,06:30,班,on_duty
US00022,2026-06-09,US202605260003,13,06:30,07:00,班,on_duty
US00022,2026-06-09,US202605260003,14,07:00,07:30,班,on_duty
US00022,2026-06-09,US202605260003,15,07:30,08:00,班,on_duty
US00022,2026-06-09,US202605260003,16,08:00,08:30,班,on_duty
US00022,2026-06-09,US202605260003,17,08:30,09:00,班,on_duty
US00022,2026-06-09,US202605260003,18,09:00,09:30,班,on_duty
US00022,2026-06-09,US202605260003,19,09:30,10:00,班,on_duty
US00022,2026-06-09,US202605260003,20,10:00,10:30,休,rest
US00022,2026-06-09,US202605260003,21,10:30,11:00,休,rest
US00022,2026-06-09,US202605260003,22,11:00,11:30,班,on_duty
US00022,2026-06-09,US202605260003,23,11:30,12:00,班,on_duty
US00022,2026-06-09,US202605260003,24,12:00,12:30,班,on_duty
US00022,2026-06-09,US202605260003,25,12:30,13:00,班,on_duty
US00022,2026-06-09,US202605260003,26,13:00,13:30,班,on_duty
US00022,2026-06-09,US202605260003,27,13:30,14:00,班,on_duty
US00022,2026-06-09,US202605260003,28,14:00,14:30,班,on_duty
US00022,2026-06-10,US202508270001,28,14:00,14:30,班,on_duty
US00022,2026-06-10,US202508270001,29,14:30,15:00,班,on_duty
US00022,2026-06-10,US202508270001,30,15:00,15:30,班,on_duty
US00022,2026-06-10,US202508270001,31,15:30,16:00,班,on_duty
US00022,2026-06-10,US202508270001,32,16:00,16:30,班,on_duty
US00022,2026-06-10,US202508270001,33,16:30,17:00,班,on_duty
US00022,2026-06-10,US202508270001,34,17:00,17:30,班,on_duty
US00022,2026-06-10,US202508270001,35,17:30,18:00,班,on_duty
US00022,2026-06-10,US202508270001,36,18:00,18:30,班,on_duty
US00022,2026-06-10,US202508270001,37,18:30,19:00,休,rest
US00022,2026-06-10,US202508270001,38,19:00,19:30,休,rest
US00022,2026-06-10,US202508270001,39,19:30,20:00,班,on_duty
US00022,2026-06-10,US202508270001,40,20:00,20:30,班,on_duty
US00022,2026-06-10,US202508270001,41,20:30,21:00,班,on_duty
US00022,2026-06-10,US202508270001,42,21:00,21:30,班,on_duty
US00022,2026-06-10,US202508270001,43,21:30,22:00,班,on_duty
US00022,2026-06-10,US202508270001,44,22:00,22:30,班,on_duty
US00022,2026-06-10,US202512020012,12,06:00,06:30,班,on_duty
US00022,2026-06-10,US202512020012,13,06:30,07:00,班,on_duty
US00022,2026-06-10,US202512020012,14,07:00,07:30,班,on_duty
US00022,2026-06-10,US202512020012,15,07:30,08:00,班,on_duty
US00022,2026-06-10,US202512020012,16,08:00,08:30,班,on_duty
US00022,2026-06-10,US202512020012,17,08:30,09:00,班,on_duty
US00022,2026-06-10,US202512020012,18,09:00,09:30,班,on_duty
US00022,2026-06-10,US202512020012,19,09:30,10:00,班,on_duty
US00022,2026-06-10,US202512020012,20,10:00,10:30,班,on_duty
US00022,2026-06-10,US202512020012,21,10:30,11:00,休,rest
US00022,2026-06-10,US202512020012,22,11:00,11:30,休,rest
US00022,2026-06-10,US202512020012,23,11:30,12:00,班,on_duty
US00022,2026-06-10,US202512020012,24,12:00,12:30,班,on_duty
US00022,2026-06-10,US202512020012,25,12:30,13:00,班,on_duty
US00022,2026-06-10,US202512020012,26,13:00,13:30,班,on_duty
US00022,2026-06-10,US202512020012,27,13:30,14:00,班,on_duty
US00022,2026-06-10,US202512020012,28,14:00,14:30,班,on_duty
US00022,2026-06-10,US202603030001,19,09:30,10:00,训,training
US00022,2026-06-10,US202603030001,20,10:00,10:30,训,training
US00022,2026-06-10,US202603030001,21,10:30,11:00,训,training
US00022,2026-06-10,US202603030001,22,11:00,11:30,休,rest
US00022,2026-06-10,US202603030001,23,11:30,12:00,休,rest
US00022,2026-06-10,US202603030001,24,12:00,12:30,训,training
US00022,2026-06-10,US202603030001,25,12:30,13:00,训,training
US00022,2026-06-10,US202603030001,26,13:00,13:30,训,training
US00022,2026-06-10,US202603030001,27,13:30,14:00,训,training
US00022,2026-06-10,US202603030001,28,14:00,14:30,训,training
US00022,2026-06-10,US202603030001,29,14:30,15:00,训,training
US00022,2026-06-10,US202603030001,30,15:00,15:30,训,training
US00022,2026-06-10,US202603030001,31,15:30,16:00,训,training
US00022,2026-06-10,US202603030001,32,16:00,16:30,训,training
US00022,2026-06-10,US202603100012,12,06:00,06:30,班,on_duty
US00022,2026-06-10,US202603100012,13,06:30,07:00,班,on_duty
US00022,2026-06-10,US202603100012,14,07:00,07:30,班,on_duty
US00022,2026-06-10,US202603100012,15,07:30,08:00,班,on_duty
US00022,2026-06-10,US202603100012,16,08:00,08:30,班,on_duty
US00022,2026-06-10,US202603100012,17,08:30,09:00,班,on_duty
US00022,2026-06-10,US202603100012,18,09:00,09:30,休,rest
US00022,2026-06-10,US202603100012,19,09:30,10:00,休,rest
US00022,2026-06-10,US202603100012,20,10:00,10:30,班,on_duty
US00022,2026-06-10,US202603100012,21,10:30,11:00,班,on_duty
US00022,2026-06-10,US202603100012,22,11:00,11:30,班,on_duty
US00022,2026-06-10,US202603100012,23,11:30,12:00,班,on_duty
US00022,2026-06-10,US202603100012,24,12:00,12:30,班,on_duty
US00022,2026-06-10,US202603100012,25,12:30,13:00,班,on_duty
US00022,2026-06-10,US202603100012,26,13:00,13:30,班,on_duty
US00022,2026-06-10,US202603100012,27,13:30,14:00,班,on_duty
US00022,2026-06-10,US202603100012,28,14:00,14:30,班,on_duty
US00022,2026-06-10,US202603260004,28,14:00,14:30,班,on_duty
US00022,2026-06-10,US202603260004,29,14:30,15:00,班,on_duty
US00022,2026-06-10,US202603260004,30,15:00,15:30,班,on_duty
US00022,2026-06-10,US202603260004,31,15:30,16:00,班,on_duty
US00022,2026-06-10,US202603260004,32,16:00,16:30,班,on_duty
US00022,2026-06-10,US202603260004,33,16:30,17:00,班,on_duty
US00022,2026-06-10,US202603260004,34,17:00,17:30,休,rest
US00022,2026-06-10,US202603260004,35,17:30,18:00,休,rest
US00022,2026-06-10,US202603260004,36,18:00,18:30,班,on_duty
US00022,2026-06-10,US202603260004,37,18:30,19:00,班,on_duty
US00022,2026-06-10,US202603260004,38,19:00,19:30,班,on_duty
US00022,2026-06-10,US202603260004,39,19:30,20:00,班,on_duty
US00022,2026-06-10,US202603260004,40,20:00,20:30,班,on_duty
US00022,2026-06-10,US202603260004,41,20:30,21:00,班,on_duty
US00022,2026-06-10,US202603260004,42,21:00,21:30,班,on_duty
US00022,2026-06-10,US202603260004,43,21:30,22:00,班,on_duty
US00022,2026-06-10,US202603260004,44,22:00,22:30,班,on_duty
US00022,2026-06-10,US202605190010,12,06:00,06:30,班,on_duty
US00022,2026-06-10,US202605190010,13,06:30,07:00,班,on_duty
US00022,2026-06-10,US202605190010,14,07:00,07:30,班,on_duty
US00022,2026-06-10,US202605190010,15,07:30,08:00,班,on_duty
US00022,2026-06-10,US202605190010,16,08:00,08:30,班,on_duty
US00022,2026-06-10,US202605190010,17,08:30,09:00,班,on_duty
US00022,2026-06-10,US202605190010,18,09:00,09:30,班,on_duty
US00022,2026-06-10,US202605190010,19,09:30,10:00,休,rest
US00022,2026-06-10,US202605190010,20,10:00,10:30,休,rest
US00022,2026-06-10,US202605190010,21,10:30,11:00,班,on_duty
US00022,2026-06-10,US202605190010,22,11:00,11:30,班,on_duty
US00022,2026-06-10,US202605190010,23,11:30,12:00,班,on_duty
US00022,2026-06-10,US202605190010,24,12:00,12:30,班,on_duty
US00022,2026-06-10,US202605190010,25,12:30,13:00,班,on_duty
US00022,2026-06-10,US202605190010,26,13:00,13:30,班,on_duty
US00022,2026-06-10,US202605190010,27,13:30,14:00,班,on_duty
US00022,2026-06-10,US202605190010,28,14:00,14:30,班,on_duty
US00022,2026-06-10,US202605260003,28,14:00,14:30,班,on_duty
US00022,2026-06-10,US202605260003,29,14:30,15:00,班,on_duty
US00022,2026-06-10,US202605260003,30,15:00,15:30,班,on_duty
US00022,2026-06-10,US202605260003,31,15:30,16:00,班,on_duty
US00022,2026-06-10,US202605260003,32,16:00,16:30,班,on_duty
US00022,2026-06-10,US202605260003,33,16:30,17:00,班,on_duty
US00022,2026-06-10,US202605260003,34,17:00,17:30,班,on_duty
US00022,2026-06-10,US202605260003,35,17:30,18:00,休,rest
US00022,2026-06-10,US202605260003,36,18:00,18:30,休,rest
US00022,2026-06-10,US202605260003,37,18:30,19:00,班,on_duty
US00022,2026-06-10,US202605260003,38,19:00,19:30,班,on_duty
US00022,2026-06-10,US202605260003,39,19:30,20:00,班,on_duty
US00022,2026-06-10,US202605260003,40,20:00,20:30,班,on_duty
US00022,2026-06-10,US202605260003,41,20:30,21:00,班,on_duty
US00022,2026-06-10,US202605260003,42,21:00,21:30,班,on_duty
US00022,2026-06-10,US202605260003,43,21:30,22:00,班,on_duty
US00022,2026-06-10,US202605260003,44,22:00,22:30,班,on_duty
US00022,2026-06-11,US202509300008,12,06:00,06:30,班,on_duty
US00022,2026-06-11,US202509300008,13,06:30,07:00,班,on_duty
US00022,2026-06-11,US202509300008,14,07:00,07:30,班,on_duty
US00022,2026-06-11,US202509300008,15,07:30,08:00,班,on_duty
US00022,2026-06-11,US202509300008,16,08:00,08:30,班,on_duty
US00022,2026-06-11,US202509300008,17,08:30,09:00,班,on_duty
US00022,2026-06-11,US202509300008,18,09:00,09:30,班,on_duty
US00022,2026-06-11,US202509300008,19,09:30,10:00,班,on_duty
US00022,2026-06-11,US202509300008,20,10:00,10:30,班,on_duty
US00022,2026-06-11,US202509300008,21,10:30,11:00,休,rest
US00022,2026-06-11,US202509300008,22,11:00,11:30,休,rest
US00022,2026-06-11,US202509300008,23,11:30,12:00,班,on_duty
US00022,2026-06-11,US202509300008,24,12:00,12:30,班,on_duty
US00022,2026-06-11,US202509300008,25,12:30,13:00,班,on_duty
US00022,2026-06-11,US202509300008,26,13:00,13:30,班,on_duty
US00022,2026-06-11,US202509300008,27,13:30,14:00,班,on_duty
US00022,2026-06-11,US202509300008,28,14:00,14:30,班,on_duty
US00022,2026-06-11,US202603030001,28,14:00,14:30,班,on_duty
US00022,2026-06-11,US202603030001,29,14:30,15:00,班,on_duty
US00022,2026-06-11,US202603030001,30,15:00,15:30,班,on_duty
US00022,2026-06-11,US202603030001,31,15:30,16:00,班,on_duty
US00022,2026-06-11,US202603030001,32,16:00,16:30,班,on_duty
US00022,2026-06-11,US202603030001,33,16:30,17:00,班,on_duty
US00022,2026-06-11,US202603030001,34,17:00,17:30,班,on_duty
US00022,2026-06-11,US202603030001,35,17:30,18:00,班,on_duty
US00022,2026-06-11,US202603030001,36,18:00,18:30,班,on_duty
US00022,2026-06-11,US202603030001,37,18:30,19:00,休,rest
US00022,2026-06-11,US202603030001,38,19:00,19:30,休,rest
US00022,2026-06-11,US202603030001,39,19:30,20:00,班,on_duty
US00022,2026-06-11,US202603030001,40,20:00,20:30,班,on_duty
US00022,2026-06-11,US202603030001,41,20:30,21:00,班,on_duty
US00022,2026-06-11,US202603030001,42,21:00,21:30,班,on_duty
US00022,2026-06-11,US202603030001,43,21:30,22:00,班,on_duty
US00022,2026-06-11,US202603030001,44,22:00,22:30,班,on_duty
US00022,2026-06-11,US202603260004,28,14:00,14:30,班,on_duty
US00022,2026-06-11,US202603260004,29,14:30,15:00,班,on_duty
US00022,2026-06-11,US202603260004,30,15:00,15:30,班,on_duty
US00022,2026-06-11,US202603260004,31,15:30,16:00,班,on_duty
US00022,2026-06-11,US202603260004,32,16:00,16:30,班,on_duty
US00022,2026-06-11,US202603260004,33,16:30,17:00,班,on_duty
US00022,2026-06-11,US202603260004,34,17:00,17:30,休,rest
US00022,2026-06-11,US202603260004,35,17:30,18:00,休,rest
US00022,2026-06-11,US202603260004,36,18:00,18:30,班,on_duty
US00022,2026-06-11,US202603260004,37,18:30,19:00,班,on_duty
US00022,2026-06-11,US202603260004,38,19:00,19:30,班,on_duty
US00022,2026-06-11,US202603260004,39,19:30,20:00,班,on_duty
US00022,2026-06-11,US202603260004,40,20:00,20:30,班,on_duty
US00022,2026-06-11,US202603260004,41,20:30,21:00,班,on_duty
US00022,2026-06-11,US202603260004,42,21:00,21:30,班,on_duty
US00022,2026-06-11,US202603260004,43,21:30,22:00,班,on_duty
US00022,2026-06-11,US202603260004,44,22:00,22:30,班,on_duty
US00022,2026-06-11,US202604020005,12,06:00,06:30,班,on_duty
US00022,2026-06-11,US202604020005,13,06:30,07:00,班,on_duty
US00022,2026-06-11,US202604020005,14,07:00,07:30,班,on_duty
US00022,2026-06-11,US202604020005,15,07:30,08:00,班,on_duty
US00022,2026-06-11,US202604020005,16,08:00,08:30,班,on_duty
US00022,2026-06-11,US202604020005,17,08:30,09:00,班,on_duty
US00022,2026-06-11,US202604020005,18,09:00,09:30,休,rest
US00022,2026-06-11,US202604020005,19,09:30,10:00,休,rest
US00022,2026-06-11,US202604020005,20,10:00,10:30,班,on_duty
US00022,2026-06-11,US202604020005,21,10:30,11:00,班,on_duty
US00022,2026-06-11,US202604020005,22,11:00,11:30,班,on_duty
US00022,2026-06-11,US202604020005,23,11:30,12:00,班,on_duty
US00022,2026-06-11,US202604020005,24,12:00,12:30,班,on_duty
US00022,2026-06-11,US202604020005,25,12:30,13:00,班,on_duty
US00022,2026-06-11,US202604020005,26,13:00,13:30,班,on_duty
US00022,2026-06-11,US202604020005,27,13:30,14:00,班,on_duty
US00022,2026-06-11,US202604020005,28,14:00,14:30,班,on_duty
US00022,2026-06-11,US202605190005,12,06:00,06:30,班,on_duty
US00022,2026-06-11,US202605190005,13,06:30,07:00,班,on_duty
US00022,2026-06-11,US202605190005,14,07:00,07:30,班,on_duty
US00022,2026-06-11,US202605190005,15,07:30,08:00,班,on_duty
US00022,2026-06-11,US202605190005,16,08:00,08:30,班,on_duty
US00022,2026-06-11,US202605190005,17,08:30,09:00,班,on_duty
US00022,2026-06-11,US202605190005,18,09:00,09:30,班,on_duty
US00022,2026-06-11,US202605190005,19,09:30,10:00,休,rest
US00022,2026-06-11,US202605190005,20,10:00,10:30,休,rest
US00022,2026-06-11,US202605190005,21,10:30,11:00,班,on_duty
US00022,2026-06-11,US202605190005,22,11:00,11:30,班,on_duty
US00022,2026-06-11,US202605190005,23,11:30,12:00,班,on_duty
US00022,2026-06-11,US202605190005,24,12:00,12:30,班,on_duty
US00022,2026-06-11,US202605190005,25,12:30,13:00,班,on_duty
US00022,2026-06-11,US202605190005,26,13:00,13:30,班,on_duty
US00022,2026-06-11,US202605190005,27,13:30,14:00,班,on_duty
US00022,2026-06-11,US202605190005,28,14:00,14:30,班,on_duty
US00022,2026-06-11,US202605260003,28,14:00,14:30,班,on_duty
US00022,2026-06-11,US202605260003,29,14:30,15:00,班,on_duty
US00022,2026-06-11,US202605260003,30,15:00,15:30,班,on_duty
US00022,2026-06-11,US202605260003,31,15:30,16:00,班,on_duty
US00022,2026-06-11,US202605260003,32,16:00,16:30,班,on_duty
US00022,2026-06-11,US202605260003,33,16:30,17:00,班,on_duty
US00022,2026-06-11,US202605260003,34,17:00,17:30,班,on_duty
US00022,2026-06-11,US202605260003,35,17:30,18:00,休,rest
US00022,2026-06-11,US202605260003,36,18:00,18:30,休,rest
US00022,2026-06-11,US202605260003,37,18:30,19:00,班,on_duty
US00022,2026-06-11,US202605260003,38,19:00,19:30,班,on_duty
US00022,2026-06-11,US202605260003,39,19:30,20:00,班,on_duty
US00022,2026-06-11,US202605260003,40,20:00,20:30,班,on_duty
US00022,2026-06-11,US202605260003,41,20:30,21:00,班,on_duty
US00022,2026-06-11,US202605260003,42,21:00,21:30,班,on_duty
US00022,2026-06-11,US202605260003,43,21:30,22:00,班,on_duty
US00022,2026-06-11,US202605260003,44,22:00,22:30,班,on_duty
US00022,2026-06-12,US202508270001,28,14:00,14:30,班,on_duty
US00022,2026-06-12,US202508270001,29,14:30,15:00,班,on_duty
US00022,2026-06-12,US202508270001,30,15:00,15:30,班,on_duty
US00022,2026-06-12,US202508270001,31,15:30,16:00,班,on_duty
US00022,2026-06-12,US202508270001,32,16:00,16:30,班,on_duty
US00022,2026-06-12,US202508270001,33,16:30,17:00,班,on_duty
US00022,2026-06-12,US202508270001,34,17:00,17:30,休,rest
US00022,2026-06-12,US202508270001,35,17:30,18:00,休,rest
US00022,2026-06-12,US202508270001,36,18:00,18:30,班,on_duty
US00022,2026-06-12,US202508270001,37,18:30,19:00,班,on_duty
US00022,2026-06-12,US202508270001,38,19:00,19:30,班,on_duty
US00022,2026-06-12,US202508270001,39,19:30,20:00,班,on_duty
US00022,2026-06-12,US202508270001,40,20:00,20:30,班,on_duty
US00022,2026-06-12,US202508270001,41,20:30,21:00,班,on_duty
US00022,2026-06-12,US202508270001,42,21:00,21:30,班,on_duty
US00022,2026-06-12,US202508270001,43,21:30,22:00,班,on_duty
US00022,2026-06-12,US202508270001,44,22:00,22:30,班,on_duty
US00022,2026-06-12,US202509300008,12,06:00,06:30,班,on_duty
US00022,2026-06-12,US202509300008,13,06:30,07:00,班,on_duty
US00022,2026-06-12,US202509300008,14,07:00,07:30,班,on_duty
US00022,2026-06-12,US202509300008,15,07:30,08:00,班,on_duty
US00022,2026-06-12,US202509300008,16,08:00,08:30,班,on_duty
US00022,2026-06-12,US202509300008,17,08:30,09:00,班,on_duty
US00022,2026-06-12,US202509300008,18,09:00,09:30,班,on_duty
US00022,2026-06-12,US202509300008,19,09:30,10:00,休,rest
US00022,2026-06-12,US202509300008,20,10:00,10:30,休,rest
US00022,2026-06-12,US202509300008,21,10:30,11:00,班,on_duty
US00022,2026-06-12,US202509300008,22,11:00,11:30,班,on_duty
US00022,2026-06-12,US202509300008,23,11:30,12:00,班,on_duty
US00022,2026-06-12,US202509300008,24,12:00,12:30,班,on_duty
US00022,2026-06-12,US202509300008,25,12:30,13:00,班,on_duty
US00022,2026-06-12,US202509300008,26,13:00,13:30,班,on_duty
US00022,2026-06-12,US202509300008,27,13:30,14:00,班,on_duty
US00022,2026-06-12,US202509300008,28,14:00,14:30,班,on_duty
US00022,2026-06-12,US202603100012,21,10:30,11:00,班,on_duty
US00022,2026-06-12,US202603100012,22,11:00,11:30,班,on_duty
US00022,2026-06-12,US202603100012,23,11:30,12:00,班,on_duty
US00022,2026-06-12,US202603100012,24,12:00,12:30,班,on_duty
US00022,2026-06-12,US202603100012,25,12:30,13:00,班,on_duty
US00022,2026-06-12,US202603100012,26,13:00,13:30,班,on_duty
US00022,2026-06-12,US202603100012,27,13:30,14:00,休,rest
US00022,2026-06-12,US202603100012,28,14:00,14:30,班,on_duty
US00022,2026-06-12,US202603100012,29,14:30,15:00,班,on_duty
US00022,2026-06-12,US202603100012,30,15:00,15:30,班,on_duty
US00022,2026-06-12,US202603100012,31,15:30,16:00,班,on_duty
US00022,2026-06-12,US202603100012,32,16:00,16:30,班,on_duty
US00022,2026-06-12,US202603100012,33,16:30,17:00,班,on_duty
US00022,2026-06-12,US202603100012,34,17:00,17:30,班,on_duty
US00022,2026-06-12,US202603100012,35,17:30,18:00,班,on_duty
US00022,2026-06-12,US202603100012,36,18:00,18:30,班,on_duty
US00022,2026-06-12,US202603260004,28,14:00,14:30,班,on_duty
US00022,2026-06-12,US202603260004,29,14:30,15:00,班,on_duty
US00022,2026-06-12,US202603260004,30,15:00,15:30,班,on_duty
US00022,2026-06-12,US202603260004,31,15:30,16:00,班,on_duty
US00022,2026-06-12,US202603260004,32,16:00,16:30,班,on_duty
US00022,2026-06-12,US202603260004,33,16:30,17:00,班,on_duty
US00022,2026-06-12,US202603260004,34,17:00,17:30,班,on_duty
US00022,2026-06-12,US202603260004,35,17:30,18:00,休,rest
US00022,2026-06-12,US202603260004,36,18:00,18:30,休,rest
US00022,2026-06-12,US202603260004,37,18:30,19:00,班,on_duty
US00022,2026-06-12,US202603260004,38,19:00,19:30,班,on_duty
US00022,2026-06-12,US202603260004,39,19:30,20:00,班,on_duty
US00022,2026-06-12,US202603260004,40,20:00,20:30,班,on_duty
US00022,2026-06-12,US202603260004,41,20:30,21:00,班,on_duty
US00022,2026-06-12,US202603260004,42,21:00,21:30,班,on_duty
US00022,2026-06-12,US202603260004,43,21:30,22:00,班,on_duty
US00022,2026-06-12,US202603260004,44,22:00,22:30,班,on_duty
US00022,2026-06-12,US202604020005,28,14:00,14:30,班,on_duty
US00022,2026-06-12,US202604020005,29,14:30,15:00,班,on_duty
US00022,2026-06-12,US202604020005,30,15:00,15:30,班,on_duty
US00022,2026-06-12,US202604020005,31,15:30,16:00,班,on_duty
US00022,2026-06-12,US202604020005,32,16:00,16:30,班,on_duty
US00022,2026-06-12,US202604020005,33,16:30,17:00,班,on_duty
US00022,2026-06-12,US202604020005,34,17:00,17:30,班,on_duty
US00022,2026-06-12,US202604020005,35,17:30,18:00,班,on_duty
US00022,2026-06-12,US202604020005,36,18:00,18:30,班,on_duty
US00022,2026-06-12,US202604020005,37,18:30,19:00,休,rest
US00022,2026-06-12,US202604020005,38,19:00,19:30,休,rest
US00022,2026-06-12,US202604020005,39,19:30,20:00,班,on_duty
US00022,2026-06-12,US202604020005,40,20:00,20:30,班,on_duty
US00022,2026-06-12,US202604020005,41,20:30,21:00,班,on_duty
US00022,2026-06-12,US202604020005,42,21:00,21:30,班,on_duty
US00022,2026-06-12,US202604020005,43,21:30,22:00,班,on_duty
US00022,2026-06-12,US202604020005,44,22:00,22:30,班,on_duty
US00022,2026-06-12,US202605190005,12,06:00,06:30,班,on_duty
US00022,2026-06-12,US202605190005,13,06:30,07:00,班,on_duty
US00022,2026-06-12,US202605190005,14,07:00,07:30,班,on_duty
US00022,2026-06-12,US202605190005,15,07:30,08:00,班,on_duty
US00022,2026-06-12,US202605190005,16,08:00,08:30,班,on_duty
US00022,2026-06-12,US202605190005,17,08:30,09:00,班,on_duty
US00022,2026-06-12,US202605190005,18,09:00,09:30,休,rest
US00022,2026-06-12,US202605190005,19,09:30,10:00,休,rest
US00022,2026-06-12,US202605190005,20,10:00,10:30,班,on_duty
US00022,2026-06-12,US202605190005,21,10:30,11:00,班,on_duty
US00022,2026-06-12,US202605190005,22,11:00,11:30,班,on_duty
US00022,2026-06-12,US202605190005,23,11:30,12:00,班,on_duty
US00022,2026-06-12,US202605190005,24,12:00,12:30,班,on_duty
US00022,2026-06-12,US202605190005,25,12:30,13:00,班,on_duty
US00022,2026-06-12,US202605190005,26,13:00,13:30,班,on_duty
US00022,2026-06-12,US202605190005,27,13:30,14:00,班,on_duty
US00022,2026-06-12,US202605190005,28,14:00,14:30,班,on_duty
US00022,2026-06-12,US202605190010,12,06:00,06:30,班,on_duty
US00022,2026-06-12,US202605190010,13,06:30,07:00,班,on_duty
US00022,2026-06-12,US202605190010,14,07:00,07:30,班,on_duty
US00022,2026-06-12,US202605190010,15,07:30,08:00,班,on_duty
US00022,2026-06-12,US202605190010,16,08:00,08:30,班,on_duty
US00022,2026-06-12,US202605190010,17,08:30,09:00,班,on_duty
US00022,2026-06-12,US202605190010,18,09:00,09:30,班,on_duty
US00022,2026-06-12,US202605190010,19,09:30,10:00,班,on_duty
US00022,2026-06-12,US202605190010,20,10:00,10:30,班,on_duty
US00022,2026-06-12,US202605190010,21,10:30,11:00,休,rest
US00022,2026-06-12,US202605190010,22,11:00,11:30,休,rest
US00022,2026-06-12,US202605190010,23,11:30,12:00,班,on_duty
US00022,2026-06-12,US202605190010,24,12:00,12:30,班,on_duty
US00022,2026-06-12,US202605190010,25,12:30,13:00,班,on_duty
US00022,2026-06-12,US202605190010,26,13:00,13:30,班,on_duty
US00022,2026-06-12,US202605190010,27,13:30,14:00,班,on_duty
US00022,2026-06-12,US202605190010,28,14:00,14:30,班,on_duty
US00022,2026-06-12,US202605260003,28,14:00,14:30,班,on_duty
US00022,2026-06-12,US202605260003,29,14:30,15:00,班,on_duty
US00022,2026-06-12,US202605260003,30,15:00,15:30,班,on_duty
US00022,2026-06-12,US202605260003,31,15:30,16:00,班,on_duty
US00022,2026-06-12,US202605260003,32,16:00,16:30,班,on_duty
US00022,2026-06-12,US202605260003,33,16:30,17:00,班,on_duty
US00022,2026-06-12,US202605260003,34,17:00,17:30,班,on_duty
US00022,2026-06-12,US202605260003,35,17:30,18:00,休,rest
US00022,2026-06-12,US202605260003,36,18:00,18:30,休,rest
US00022,2026-06-12,US202605260003,37,18:30,19:00,班,on_duty
US00022,2026-06-12,US202605260003,38,19:00,19:30,班,on_duty
US00022,2026-06-12,US202605260003,39,19:30,20:00,班,on_duty
US00022,2026-06-12,US202605260003,40,20:00,20:30,班,on_duty
US00022,2026-06-12,US202605260003,41,20:30,21:00,班,on_duty
US00022,2026-06-12,US202605260003,42,21:00,21:30,班,on_duty
US00022,2026-06-12,US202605260003,43,21:30,22:00,班,on_duty
US00022,2026-06-12,US202605260003,44,22:00,22:30,班,on_duty
US00022,2026-06-13,US202508270001,28,14:00,14:30,班,on_duty
US00022,2026-06-13,US202508270001,29,14:30,15:00,班,on_duty
US00022,2026-06-13,US202508270001,30,15:00,15:30,班,on_duty
US00022,2026-06-13,US202508270001,31,15:30,16:00,班,on_duty
US00022,2026-06-13,US202508270001,32,16:00,16:30,班,on_duty
US00022,2026-06-13,US202508270001,33,16:30,17:00,班,on_duty
US00022,2026-06-13,US202508270001,34,17:00,17:30,休,rest
US00022,2026-06-13,US202508270001,35,17:30,18:00,休,rest
US00022,2026-06-13,US202508270001,36,18:00,18:30,班,on_duty
US00022,2026-06-13,US202508270001,37,18:30,19:00,班,on_duty
US00022,2026-06-13,US202508270001,38,19:00,19:30,班,on_duty
US00022,2026-06-13,US202508270001,39,19:30,20:00,班,on_duty
US00022,2026-06-13,US202508270001,40,20:00,20:30,班,on_duty
US00022,2026-06-13,US202508270001,41,20:30,21:00,班,on_duty
US00022,2026-06-13,US202508270001,42,21:00,21:30,班,on_duty
US00022,2026-06-13,US202508270001,43,21:30,22:00,班,on_duty
US00022,2026-06-13,US202508270001,44,22:00,22:30,班,on_duty
US00022,2026-06-13,US202603030001,12,06:00,06:30,班,on_duty
US00022,2026-06-13,US202603030001,13,06:30,07:00,班,on_duty
US00022,2026-06-13,US202603030001,14,07:00,07:30,班,on_duty
US00022,2026-06-13,US202603030001,15,07:30,08:00,班,on_duty
US00022,2026-06-13,US202603030001,16,08:00,08:30,班,on_duty
US00022,2026-06-13,US202603030001,17,08:30,09:00,班,on_duty
US00022,2026-06-13,US202603030001,18,09:00,09:30,班,on_duty
US00022,2026-06-13,US202603030001,19,09:30,10:00,班,on_duty
US00022,2026-06-13,US202603030001,20,10:00,10:30,班,on_duty
US00022,2026-06-13,US202603030001,21,10:30,11:00,休,rest
US00022,2026-06-13,US202603030001,22,11:00,11:30,休,rest
US00022,2026-06-13,US202603030001,23,11:30,12:00,班,on_duty
US00022,2026-06-13,US202603030001,24,12:00,12:30,班,on_duty
US00022,2026-06-13,US202603030001,25,12:30,13:00,班,on_duty
US00022,2026-06-13,US202603030001,26,13:00,13:30,班,on_duty
US00022,2026-06-13,US202603030001,27,13:30,14:00,班,on_duty
US00022,2026-06-13,US202603030001,28,14:00,14:30,班,on_duty
US00022,2026-06-13,US202603100012,20,10:00,10:30,班,on_duty
US00022,2026-06-13,US202603100012,21,10:30,11:00,班,on_duty
US00022,2026-06-13,US202603100012,22,11:00,11:30,班,on_duty
US00022,2026-06-13,US202603100012,23,11:30,12:00,班,on_duty
US00022,2026-06-13,US202603100012,24,12:00,12:30,班,on_duty
US00022,2026-06-13,US202603100012,25,12:30,13:00,班,on_duty
US00022,2026-06-13,US202603100012,26,13:00,13:30,班,on_duty
US00022,2026-06-13,US202603100012,27,13:30,14:00,休,rest
US00022,2026-06-13,US202603100012,28,14:00,14:30,班,on_duty
US00022,2026-06-13,US202603100012,29,14:30,15:00,班,on_duty
US00022,2026-06-13,US202603100012,30,15:00,15:30,班,on_duty
US00022,2026-06-13,US202603100012,31,15:30,16:00,班,on_duty
US00022,2026-06-13,US202603100012,32,16:00,16:30,班,on_duty
US00022,2026-06-13,US202603100012,33,16:30,17:00,班,on_duty
US00022,2026-06-13,US202603100012,34,17:00,17:30,班,on_duty
US00022,2026-06-13,US202603100012,35,17:30,18:00,班,on_duty
US00022,2026-06-13,US202603100012,36,18:00,18:30,班,on_duty
US00022,2026-06-13,US202604020005,28,14:00,14:30,班,on_duty
US00022,2026-06-13,US202604020005,29,14:30,15:00,班,on_duty
US00022,2026-06-13,US202604020005,30,15:00,15:30,班,on_duty
US00022,2026-06-13,US202604020005,31,15:30,16:00,班,on_duty
US00022,2026-06-13,US202604020005,32,16:00,16:30,班,on_duty
US00022,2026-06-13,US202604020005,33,16:30,17:00,班,on_duty
US00022,2026-06-13,US202604020005,34,17:00,17:30,班,on_duty
US00022,2026-06-13,US202604020005,35,17:30,18:00,休,rest
US00022,2026-06-13,US202604020005,36,18:00,18:30,休,rest
US00022,2026-06-13,US202604020005,37,18:30,19:00,班,on_duty
US00022,2026-06-13,US202604020005,38,19:00,19:30,班,on_duty
US00022,2026-06-13,US202604020005,39,19:30,20:00,班,on_duty
US00022,2026-06-13,US202604020005,40,20:00,20:30,班,on_duty
US00022,2026-06-13,US202604020005,41,20:30,21:00,班,on_duty
US00022,2026-06-13,US202604020005,42,21:00,21:30,班,on_duty
US00022,2026-06-13,US202604020005,43,21:30,22:00,班,on_duty
US00022,2026-06-13,US202604020005,44,22:00,22:30,班,on_duty
US00022,2026-06-13,US202605190005,12,06:00,06:30,班,on_duty
US00022,2026-06-13,US202605190005,13,06:30,07:00,班,on_duty
US00022,2026-06-13,US202605190005,14,07:00,07:30,班,on_duty
US00022,2026-06-13,US202605190005,15,07:30,08:00,班,on_duty
US00022,2026-06-13,US202605190005,16,08:00,08:30,班,on_duty
US00022,2026-06-13,US202605190005,17,08:30,09:00,班,on_duty
US00022,2026-06-13,US202605190005,18,09:00,09:30,休,rest
US00022,2026-06-13,US202605190005,19,09:30,10:00,休,rest
US00022,2026-06-13,US202605190005,20,10:00,10:30,班,on_duty
US00022,2026-06-13,US202605190005,21,10:30,11:00,班,on_duty
US00022,2026-06-13,US202605190005,22,11:00,11:30,班,on_duty
US00022,2026-06-13,US202605190005,23,11:30,12:00,班,on_duty
US00022,2026-06-13,US202605190005,24,12:00,12:30,班,on_duty
US00022,2026-06-13,US202605190005,25,12:30,13:00,班,on_duty
US00022,2026-06-13,US202605190005,26,13:00,13:30,班,on_duty
US00022,2026-06-13,US202605190005,27,13:30,14:00,班,on_duty
US00022,2026-06-13,US202605190005,28,14:00,14:30,班,on_duty
US00022,2026-06-13,US202605190010,12,06:00,06:30,班,on_duty
US00022,2026-06-13,US202605190010,13,06:30,07:00,班,on_duty
US00022,2026-06-13,US202605190010,14,07:00,07:30,班,on_duty
US00022,2026-06-13,US202605190010,15,07:30,08:00,班,on_duty
US00022,2026-06-13,US202605190010,16,08:00,08:30,班,on_duty
US00022,2026-06-13,US202605190010,17,08:30,09:00,班,on_duty
US00022,2026-06-13,US202605190010,18,09:00,09:30,班,on_duty
US00022,2026-06-13,US202605190010,19,09:30,10:00,休,rest
US00022,2026-06-13,US202605190010,20,10:00,10:30,休,rest
US00022,2026-06-13,US202605190010,21,10:30,11:00,班,on_duty
US00022,2026-06-13,US202605190010,22,11:00,11:30,班,on_duty
US00022,2026-06-13,US202605190010,23,11:30,12:00,班,on_duty
US00022,2026-06-13,US202605190010,24,12:00,12:30,班,on_duty
US00022,2026-06-13,US202605190010,25,12:30,13:00,班,on_duty
US00022,2026-06-13,US202605190010,26,13:00,13:30,班,on_duty
US00022,2026-06-13,US202605190010,27,13:30,14:00,班,on_duty
US00022,2026-06-13,US202605190010,28,14:00,14:30,班,on_duty
US00022,2026-06-13,US202605260003,28,14:00,14:30,班,on_duty
US00022,2026-06-13,US202605260003,29,14:30,15:00,班,on_duty
US00022,2026-06-13,US202605260003,30,15:00,15:30,班,on_duty
US00022,2026-06-13,US202605260003,31,15:30,16:00,班,on_duty
US00022,2026-06-13,US202605260003,32,16:00,16:30,班,on_duty
US00022,2026-06-13,US202605260003,33,16:30,17:00,班,on_duty
US00022,2026-06-13,US202605260003,34,17:00,17:30,班,on_duty
US00022,2026-06-13,US202605260003,35,17:30,18:00,班,on_duty
US00022,2026-06-13,US202605260003,36,18:00,18:30,班,on_duty
US00022,2026-06-13,US202605260003,37,18:30,19:00,休,rest
US00022,2026-06-13,US202605260003,38,19:00,19:30,休,rest
US00022,2026-06-13,US202605260003,39,19:30,20:00,班,on_duty
US00022,2026-06-13,US202605260003,40,20:00,20:30,班,on_duty
US00022,2026-06-13,US202605260003,41,20:30,21:00,班,on_duty
US00022,2026-06-13,US202605260003,42,21:00,21:30,班,on_duty
US00022,2026-06-13,US202605260003,43,21:30,22:00,班,on_duty
US00022,2026-06-13,US202605260003,44,22:00,22:30,班,on_duty
US00022,2026-06-14,US202508270001,28,14:00,14:30,班,on_duty
US00022,2026-06-14,US202508270001,29,14:30,15:00,班,on_duty
US00022,2026-06-14,US202508270001,30,15:00,15:30,班,on_duty
US00022,2026-06-14,US202508270001,31,15:30,16:00,班,on_duty
US00022,2026-06-14,US202508270001,32,16:00,16:30,班,on_duty
US00022,2026-06-14,US202508270001,33,16:30,17:00,班,on_duty
US00022,2026-06-14,US202508270001,34,17:00,17:30,休,rest
US00022,2026-06-14,US202508270001,35,17:30,18:00,休,rest
US00022,2026-06-14,US202508270001,36,18:00,18:30,班,on_duty
US00022,2026-06-14,US202508270001,37,18:30,19:00,班,on_duty
US00022,2026-06-14,US202508270001,38,19:00,19:30,班,on_duty
US00022,2026-06-14,US202508270001,39,19:30,20:00,班,on_duty
US00022,2026-06-14,US202508270001,40,20:00,20:30,班,on_duty
US00022,2026-06-14,US202508270001,41,20:30,21:00,班,on_duty
US00022,2026-06-14,US202508270001,42,21:00,21:30,班,on_duty
US00022,2026-06-14,US202508270001,43,21:30,22:00,班,on_duty
US00022,2026-06-14,US202508270001,44,22:00,22:30,班,on_duty
US00022,2026-06-14,US202509230011,12,06:00,06:30,班,on_duty
US00022,2026-06-14,US202509230011,13,06:30,07:00,班,on_duty
US00022,2026-06-14,US202509230011,14,07:00,07:30,班,on_duty
US00022,2026-06-14,US202509230011,15,07:30,08:00,班,on_duty
US00022,2026-06-14,US202509230011,16,08:00,08:30,班,on_duty
US00022,2026-06-14,US202509230011,17,08:30,09:00,班,on_duty
US00022,2026-06-14,US202509230011,18,09:00,09:30,休,rest
US00022,2026-06-14,US202509230011,19,09:30,10:00,休,rest
US00022,2026-06-14,US202509230011,20,10:00,10:30,班,on_duty
US00022,2026-06-14,US202509230011,21,10:30,11:00,班,on_duty
US00022,2026-06-14,US202509230011,22,11:00,11:30,班,on_duty
US00022,2026-06-14,US202509230011,23,11:30,12:00,班,on_duty
US00022,2026-06-14,US202509230011,24,12:00,12:30,班,on_duty
US00022,2026-06-14,US202509230011,25,12:30,13:00,班,on_duty
US00022,2026-06-14,US202509230011,26,13:00,13:30,班,on_duty
US00022,2026-06-14,US202509230011,27,13:30,14:00,班,on_duty
US00022,2026-06-14,US202509230011,28,14:00,14:30,班,on_duty
US00022,2026-06-14,US202509300008,12,06:00,06:30,班,on_duty
US00022,2026-06-14,US202509300008,13,06:30,07:00,班,on_duty
US00022,2026-06-14,US202509300008,14,07:00,07:30,班,on_duty
US00022,2026-06-14,US202509300008,15,07:30,08:00,班,on_duty
US00022,2026-06-14,US202509300008,16,08:00,08:30,班,on_duty
US00022,2026-06-14,US202509300008,17,08:30,09:00,班,on_duty
US00022,2026-06-14,US202509300008,18,09:00,09:30,班,on_duty
US00022,2026-06-14,US202509300008,19,09:30,10:00,休,rest
US00022,2026-06-14,US202509300008,20,10:00,10:30,休,rest
US00022,2026-06-14,US202509300008,21,10:30,11:00,班,on_duty
US00022,2026-06-14,US202509300008,22,11:00,11:30,班,on_duty
US00022,2026-06-14,US202509300008,23,11:30,12:00,班,on_duty
US00022,2026-06-14,US202509300008,24,12:00,12:30,班,on_duty
US00022,2026-06-14,US202509300008,25,12:30,13:00,班,on_duty
US00022,2026-06-14,US202509300008,26,13:00,13:30,班,on_duty
US00022,2026-06-14,US202509300008,27,13:30,14:00,班,on_duty
US00022,2026-06-14,US202509300008,28,14:00,14:30,班,on_duty
US00022,2026-06-14,US202605190010,28,14:00,14:30,班,on_duty
US00022,2026-06-14,US202605190010,29,14:30,15:00,班,on_duty
US00022,2026-06-14,US202605190010,30,15:00,15:30,班,on_duty
US00022,2026-06-14,US202605190010,31,15:30,16:00,班,on_duty
US00022,2026-06-14,US202605190010,32,16:00,16:30,班,on_duty
US00022,2026-06-14,US202605190010,33,16:30,17:00,班,on_duty
US00022,2026-06-14,US202605190010,34,17:00,17:30,班,on_duty
US00022,2026-06-14,US202605190010,35,17:30,18:00,休,rest
US00022,2026-06-14,US202605190010,36,18:00,18:30,休,rest
US00022,2026-06-14,US202605190010,37,18:30,19:00,班,on_duty
US00022,2026-06-14,US202605190010,38,19:00,19:30,班,on_duty
US00022,2026-06-14,US202605190010,39,19:30,20:00,班,on_duty
US00022,2026-06-14,US202605190010,40,20:00,20:30,班,on_duty
US00022,2026-06-14,US202605190010,41,20:30,21:00,班,on_duty
US00022,2026-06-14,US202605190010,42,21:00,21:30,班,on_duty
US00022,2026-06-14,US202605190010,43,21:30,22:00,班,on_duty
US00022,2026-06-14,US202605190010,44,22:00,22:30,班,on_duty
US00024,2026-06-08,US202506160006,18,09:00,09:30,班,on_duty
US00024,2026-06-08,US202506160006,19,09:30,10:00,班,on_duty
US00024,2026-06-08,US202506160006,20,10:00,10:30,班,on_duty
US00024,2026-06-08,US202506160006,21,10:30,11:00,班,on_duty
US00024,2026-06-08,US202506160006,22,11:00,11:30,班,on_duty
US00024,2026-06-08,US202506160006,23,11:30,12:00,班,on_duty
US00024,2026-06-08,US202506160006,24,12:00,12:30,休,rest
US00024,2026-06-08,US202506160006,25,12:30,13:00,休,rest
US00024,2026-06-08,US202506160006,26,13:00,13:30,班,on_duty
US00024,2026-06-08,US202506160006,27,13:30,14:00,班,on_duty
US00024,2026-06-08,US202506160006,28,14:00,14:30,班,on_duty
US00024,2026-06-08,US202506160006,29,14:30,15:00,班,on_duty
US00024,2026-06-08,US202506160006,30,15:00,15:30,班,on_duty
US00024,2026-06-08,US202506160006,31,15:30,16:00,班,on_duty
US00024,2026-06-08,US202506160006,32,16:00,16:30,班,on_duty
US00024,2026-06-08,US202506160006,33,16:30,17:00,班,on_duty
US00024,2026-06-08,US202506160006,34,17:00,17:30,班,on_duty
US00024,2026-06-08,US202506260005,12,06:00,06:30,班,on_duty
US00024,2026-06-08,US202506260005,13,06:30,07:00,班,on_duty
US00024,2026-06-08,US202506260005,14,07:00,07:30,班,on_duty
US00024,2026-06-08,US202506260005,15,07:30,08:00,班,on_duty
US00024,2026-06-08,US202506260005,16,08:00,08:30,班,on_duty
US00024,2026-06-08,US202506260005,17,08:30,09:00,班,on_duty
US00024,2026-06-08,US202506260005,18,09:00,09:30,休,rest
US00024,2026-06-08,US202506260005,19,09:30,10:00,休,rest
US00024,2026-06-08,US202506260005,20,10:00,10:30,班,on_duty
US00024,2026-06-08,US202506260005,21,10:30,11:00,班,on_duty
US00024,2026-06-08,US202506260005,22,11:00,11:30,班,on_duty
US00024,2026-06-08,US202506260005,23,11:30,12:00,班,on_duty
US00024,2026-06-08,US202506260005,24,12:00,12:30,班,on_duty
US00024,2026-06-08,US202506260005,25,12:30,13:00,班,on_duty
US00024,2026-06-08,US202506260005,26,13:00,13:30,班,on_duty
US00024,2026-06-08,US202506260005,27,13:30,14:00,班,on_duty
US00024,2026-06-08,US202506260005,28,14:00,14:30,班,on_duty
US00024,2026-06-08,US202601200007,12,06:00,06:30,班,on_duty
US00024,2026-06-08,US202601200007,13,06:30,07:00,班,on_duty
US00024,2026-06-08,US202601200007,14,07:00,07:30,班,on_duty
US00024,2026-06-08,US202601200007,15,07:30,08:00,班,on_duty
US00024,2026-06-08,US202601200007,16,08:00,08:30,班,on_duty
US00024,2026-06-08,US202601200007,17,08:30,09:00,班,on_duty
US00024,2026-06-08,US202601200007,18,09:00,09:30,班,on_duty
US00024,2026-06-08,US202601200007,19,09:30,10:00,班,on_duty
US00024,2026-06-08,US202601200007,20,10:00,10:30,班,on_duty
US00024,2026-06-08,US202601200007,21,10:30,11:00,班,on_duty
US00024,2026-06-08,US202601200007,22,11:00,11:30,休,rest
US00024,2026-06-08,US202601200007,23,11:30,12:00,休,rest
US00024,2026-06-08,US202601200007,24,12:00,12:30,班,on_duty
US00024,2026-06-08,US202601200007,25,12:30,13:00,班,on_duty
US00024,2026-06-08,US202601200007,26,13:00,13:30,班,on_duty
US00024,2026-06-08,US202601200007,27,13:30,14:00,班,on_duty
US00024,2026-06-08,US202601200007,28,14:00,14:30,班,on_duty
US00024,2026-06-08,US202601200008,24,12:00,12:30,班,on_duty
US00024,2026-06-08,US202601200008,25,12:30,13:00,班,on_duty
US00024,2026-06-08,US202601200008,26,13:00,13:30,班,on_duty
US00024,2026-06-08,US202601200008,27,13:30,14:00,班,on_duty
US00024,2026-06-08,US202601200008,28,14:00,14:30,休,rest
US00024,2026-06-08,US202601200008,29,14:30,15:00,休,rest
US00024,2026-06-08,US202601200008,30,15:00,15:30,班,on_duty
US00024,2026-06-08,US202601200008,31,15:30,16:00,班,on_duty
US00024,2026-06-08,US202601200008,32,16:00,16:30,班,on_duty
US00024,2026-06-08,US202601200008,33,16:30,17:00,班,on_duty
US00024,2026-06-08,US202601200008,34,17:00,17:30,班,on_duty
US00024,2026-06-08,US202601200008,35,17:30,18:00,班,on_duty
US00024,2026-06-08,US202601200008,36,18:00,18:30,班,on_duty
US00024,2026-06-08,US202601200008,37,18:30,19:00,班,on_duty
US00024,2026-06-08,US202601200008,38,19:00,19:30,班,on_duty
US00024,2026-06-08,US202602180012,24,12:00,12:30,班,on_duty
US00024,2026-06-08,US202602180012,25,12:30,13:00,班,on_duty
US00024,2026-06-08,US202602180012,26,13:00,13:30,班,on_duty
US00024,2026-06-08,US202602180012,27,13:30,14:00,班,on_duty
US00024,2026-06-08,US202602180012,28,14:00,14:30,休,rest
US00024,2026-06-08,US202602180012,29,14:30,15:00,休,rest
US00024,2026-06-08,US202602180012,30,15:00,15:30,班,on_duty
US00024,2026-06-08,US202602180012,31,15:30,16:00,班,on_duty
US00024,2026-06-08,US202602180012,32,16:00,16:30,班,on_duty
US00024,2026-06-08,US202602180012,33,16:30,17:00,班,on_duty
US00024,2026-06-08,US202602180012,34,17:00,17:30,班,on_duty
US00024,2026-06-08,US202602180012,35,17:30,18:00,班,on_duty
US00024,2026-06-08,US202602180012,36,18:00,18:30,班,on_duty
US00024,2026-06-08,US202602180012,37,18:30,19:00,班,on_duty
US00024,2026-06-08,US202602180012,38,19:00,19:30,班,on_duty
US00024,2026-06-08,US202603260013,22,11:00,11:30,班,on_duty
US00024,2026-06-08,US202603260013,23,11:30,12:00,班,on_duty
US00024,2026-06-08,US202603260013,24,12:00,12:30,班,on_duty
US00024,2026-06-08,US202603260013,25,12:30,13:00,班,on_duty
US00024,2026-06-08,US202603260013,26,13:00,13:30,班,on_duty
US00024,2026-06-08,US202603260013,27,13:30,14:00,休,rest
US00024,2026-06-08,US202603260013,28,14:00,14:30,休,rest
US00024,2026-06-08,US202603260013,29,14:30,15:00,班,on_duty
US00024,2026-06-08,US202603260013,30,15:00,15:30,班,on_duty
US00024,2026-06-08,US202603260013,31,15:30,16:00,班,on_duty
US00024,2026-06-08,US202603260013,32,16:00,16:30,班,on_duty
US00024,2026-06-08,US202603260013,33,16:30,17:00,班,on_duty
US00024,2026-06-08,US202603260013,34,17:00,17:30,班,on_duty
US00024,2026-06-08,US202603260013,35,17:30,18:00,班,on_duty
US00024,2026-06-08,US202603260013,36,18:00,18:30,班,on_duty
US00024,2026-06-08,US202603260013,37,18:30,19:00,班,on_duty
US00024,2026-06-08,US202603260013,38,19:00,19:30,班,on_duty
US00024,2026-06-09,US202506160006,18,09:00,09:30,班,on_duty
US00024,2026-06-09,US202506160006,19,09:30,10:00,班,on_duty
US00024,2026-06-09,US202506160006,20,10:00,10:30,班,on_duty
US00024,2026-06-09,US202506160006,21,10:30,11:00,班,on_duty
US00024,2026-06-09,US202506160006,22,11:00,11:30,班,on_duty
US00024,2026-06-09,US202506160006,23,11:30,12:00,班,on_duty
US00024,2026-06-09,US202506160006,24,12:00,12:30,休,rest
US00024,2026-06-09,US202506160006,25,12:30,13:00,班,on_duty
US00024,2026-06-09,US202506160006,26,13:00,13:30,班,on_duty
US00024,2026-06-09,US202506160006,27,13:30,14:00,班,on_duty
US00024,2026-06-09,US202506160006,28,14:00,14:30,班,on_duty
US00024,2026-06-09,US202506160006,29,14:30,15:00,班,on_duty
US00024,2026-06-09,US202506160006,30,15:00,15:30,班,on_duty
US00024,2026-06-09,US202506160006,31,15:30,16:00,班,on_duty
US00024,2026-06-09,US202506160006,32,16:00,16:30,班,on_duty
US00024,2026-06-09,US202506160006,33,16:30,17:00,班,on_duty
US00024,2026-06-09,US202506160006,34,17:00,17:30,班,on_duty
US00024,2026-06-09,US202506260005,22,11:00,11:30,班,on_duty
US00024,2026-06-09,US202506260005,23,11:30,12:00,班,on_duty
US00024,2026-06-09,US202506260005,24,12:00,12:30,班,on_duty
US00024,2026-06-09,US202506260005,25,12:30,13:00,班,on_duty
US00024,2026-06-09,US202506260005,26,13:00,13:30,班,on_duty
US00024,2026-06-09,US202506260005,27,13:30,14:00,休,rest
US00024,2026-06-09,US202506260005,28,14:00,14:30,休,rest
US00024,2026-06-09,US202506260005,29,14:30,15:00,班,on_duty
US00024,2026-06-09,US202506260005,30,15:00,15:30,班,on_duty
US00024,2026-06-09,US202506260005,31,15:30,16:00,班,on_duty
US00024,2026-06-09,US202506260005,32,16:00,16:30,班,on_duty
US00024,2026-06-09,US202506260005,33,16:30,17:00,班,on_duty
US00024,2026-06-09,US202506260005,34,17:00,17:30,班,on_duty
US00024,2026-06-09,US202506260005,35,17:30,18:00,班,on_duty
US00024,2026-06-09,US202506260005,36,18:00,18:30,班,on_duty
US00024,2026-06-09,US202506260005,37,18:30,19:00,班,on_duty
US00024,2026-06-09,US202506260005,38,19:00,19:30,班,on_duty
US00024,2026-06-09,US202601200007,12,06:00,06:30,班,on_duty
US00024,2026-06-09,US202601200007,13,06:30,07:00,班,on_duty
US00024,2026-06-09,US202601200007,14,07:00,07:30,班,on_duty
US00024,2026-06-09,US202601200007,15,07:30,08:00,班,on_duty
US00024,2026-06-09,US202601200007,16,08:00,08:30,班,on_duty
US00024,2026-06-09,US202601200007,17,08:30,09:00,班,on_duty
US00024,2026-06-09,US202601200007,18,09:00,09:30,班,on_duty
US00024,2026-06-09,US202601200007,19,09:30,10:00,班,on_duty
US00024,2026-06-09,US202601200007,20,10:00,10:30,班,on_duty
US00024,2026-06-09,US202601200007,21,10:30,11:00,班,on_duty
US00024,2026-06-09,US202601200007,22,11:00,11:30,休,rest
US00024,2026-06-09,US202601200007,23,11:30,12:00,休,rest
US00024,2026-06-09,US202601200007,24,12:00,12:30,班,on_duty
US00024,2026-06-09,US202601200007,25,12:30,13:00,班,on_duty
US00024,2026-06-09,US202601200007,26,13:00,13:30,班,on_duty
US00024,2026-06-09,US202601200007,27,13:30,14:00,班,on_duty
US00024,2026-06-09,US202601200007,28,14:00,14:30,班,on_duty
US00024,2026-06-09,US202601200008,24,12:00,12:30,班,on_duty
US00024,2026-06-09,US202601200008,25,12:30,13:00,班,on_duty
US00024,2026-06-09,US202601200008,26,13:00,13:30,班,on_duty
US00024,2026-06-09,US202601200008,27,13:30,14:00,班,on_duty
US00024,2026-06-09,US202601200008,28,14:00,14:30,班,on_duty
US00024,2026-06-09,US202601200008,29,14:30,15:00,休,rest
US00024,2026-06-09,US202601200008,30,15:00,15:30,休,rest
US00024,2026-06-09,US202601200008,31,15:30,16:00,班,on_duty
US00024,2026-06-09,US202601200008,32,16:00,16:30,班,on_duty
US00024,2026-06-09,US202601200008,33,16:30,17:00,班,on_duty
US00024,2026-06-09,US202601200008,34,17:00,17:30,班,on_duty
US00024,2026-06-09,US202601200008,35,17:30,18:00,班,on_duty
US00024,2026-06-09,US202601200008,36,18:00,18:30,班,on_duty
US00024,2026-06-09,US202601200008,37,18:30,19:00,班,on_duty
US00024,2026-06-09,US202601200008,38,19:00,19:30,班,on_duty
US00024,2026-06-09,US202605140003,22,11:00,11:30,班,on_duty
US00024,2026-06-09,US202605140003,23,11:30,12:00,班,on_duty
US00024,2026-06-09,US202605140003,24,12:00,12:30,班,on_duty
US00024,2026-06-09,US202605140003,25,12:30,13:00,班,on_duty
US00024,2026-06-09,US202605140003,26,13:00,13:30,班,on_duty
US00024,2026-06-09,US202605140003,27,13:30,14:00,休,rest
US00024,2026-06-09,US202605140003,28,14:00,14:30,休,rest
US00024,2026-06-09,US202605140003,29,14:30,15:00,班,on_duty
US00024,2026-06-09,US202605140003,30,15:00,15:30,班,on_duty
US00024,2026-06-09,US202605140003,31,15:30,16:00,班,on_duty
US00024,2026-06-09,US202605140003,32,16:00,16:30,班,on_duty
US00024,2026-06-09,US202605140003,33,16:30,17:00,班,on_duty
US00024,2026-06-09,US202605140003,34,17:00,17:30,班,on_duty
US00024,2026-06-09,US202605140003,35,17:30,18:00,班,on_duty
US00024,2026-06-09,US202605140003,36,18:00,18:30,班,on_duty
US00024,2026-06-09,US202605140003,37,18:30,19:00,班,on_duty
US00024,2026-06-09,US202605140003,38,19:00,19:30,班,on_duty
US00024,2026-06-09,US202605190012,12,06:00,06:30,班,on_duty
US00024,2026-06-09,US202605190012,13,06:30,07:00,班,on_duty
US00024,2026-06-09,US202605190012,14,07:00,07:30,班,on_duty
US00024,2026-06-09,US202605190012,15,07:30,08:00,班,on_duty
US00024,2026-06-09,US202605190012,16,08:00,08:30,班,on_duty
US00024,2026-06-09,US202605190012,17,08:30,09:00,班,on_duty
US00024,2026-06-09,US202605190012,18,09:00,09:30,班,on_duty
US00024,2026-06-09,US202605190012,19,09:30,10:00,班,on_duty
US00024,2026-06-09,US202605190012,20,10:00,10:30,班,on_duty
US00024,2026-06-09,US202605190012,21,10:30,11:00,班,on_duty
US00024,2026-06-09,US202605190012,22,11:00,11:30,休,rest
US00024,2026-06-09,US202605190012,23,11:30,12:00,休,rest
US00024,2026-06-09,US202605190012,24,12:00,12:30,班,on_duty
US00024,2026-06-09,US202605190012,25,12:30,13:00,班,on_duty
US00024,2026-06-09,US202605190012,26,13:00,13:30,班,on_duty
US00024,2026-06-09,US202605190012,27,13:30,14:00,班,on_duty
US00024,2026-06-09,US202605190012,28,14:00,14:30,班,on_duty
US00024,2026-06-10,US202506260005,22,11:00,11:30,班,on_duty
US00024,2026-06-10,US202506260005,23,11:30,12:00,班,on_duty
US00024,2026-06-10,US202506260005,24,12:00,12:30,班,on_duty
US00024,2026-06-10,US202506260005,25,12:30,13:00,班,on_duty
US00024,2026-06-10,US202506260005,26,13:00,13:30,班,on_duty
US00024,2026-06-10,US202506260005,27,13:30,14:00,休,rest
US00024,2026-06-10,US202506260005,28,14:00,14:30,休,rest
US00024,2026-06-10,US202506260005,29,14:30,15:00,班,on_duty
US00024,2026-06-10,US202506260005,30,15:00,15:30,班,on_duty
US00024,2026-06-10,US202506260005,31,15:30,16:00,班,on_duty
US00024,2026-06-10,US202506260005,32,16:00,16:30,班,on_duty
US00024,2026-06-10,US202506260005,33,16:30,17:00,班,on_duty
US00024,2026-06-10,US202506260005,34,17:00,17:30,班,on_duty
US00024,2026-06-10,US202506260005,35,17:30,18:00,班,on_duty
US00024,2026-06-10,US202506260005,36,18:00,18:30,班,on_duty
US00024,2026-06-10,US202506260005,37,18:30,19:00,班,on_duty
US00024,2026-06-10,US202506260005,38,19:00,19:30,班,on_duty
US00024,2026-06-10,US202509300006,12,06:00,06:30,班,on_duty
US00024,2026-06-10,US202509300006,13,06:30,07:00,班,on_duty
US00024,2026-06-10,US202509300006,14,07:00,07:30,班,on_duty
US00024,2026-06-10,US202509300006,15,07:30,08:00,班,on_duty
US00024,2026-06-10,US202509300006,16,08:00,08:30,班,on_duty
US00024,2026-06-10,US202509300006,17,08:30,09:00,班,on_duty
US00024,2026-06-10,US202509300006,18,09:00,09:30,班,on_duty
US00024,2026-06-10,US202509300006,19,09:30,10:00,班,on_duty
US00024,2026-06-10,US202509300006,20,10:00,10:30,班,on_duty
US00024,2026-06-10,US202509300006,21,10:30,11:00,班,on_duty
US00024,2026-06-10,US202509300006,22,11:00,11:30,休,rest
US00024,2026-06-10,US202509300006,23,11:30,12:00,休,rest
US00024,2026-06-10,US202509300006,24,12:00,12:30,班,on_duty
US00024,2026-06-10,US202509300006,25,12:30,13:00,班,on_duty
US00024,2026-06-10,US202509300006,26,13:00,13:30,班,on_duty
US00024,2026-06-10,US202509300006,27,13:30,14:00,班,on_duty
US00024,2026-06-10,US202509300006,28,14:00,14:30,班,on_duty
US00024,2026-06-10,US202601200007,12,06:00,06:30,班,on_duty
US00024,2026-06-10,US202601200007,13,06:30,07:00,班,on_duty
US00024,2026-06-10,US202601200007,14,07:00,07:30,班,on_duty
US00024,2026-06-10,US202601200007,15,07:30,08:00,班,on_duty
US00024,2026-06-10,US202601200007,16,08:00,08:30,班,on_duty
US00024,2026-06-10,US202601200007,17,08:30,09:00,班,on_duty
US00024,2026-06-10,US202601200007,18,09:00,09:30,班,on_duty
US00024,2026-06-10,US202601200007,19,09:30,10:00,班,on_duty
US00024,2026-06-10,US202601200007,20,10:00,10:30,班,on_duty
US00024,2026-06-10,US202601200007,21,10:30,11:00,班,on_duty
US00024,2026-06-10,US202601200007,22,11:00,11:30,休,rest
US00024,2026-06-10,US202601200007,23,11:30,12:00,休,rest
US00024,2026-06-10,US202601200007,24,12:00,12:30,班,on_duty
US00024,2026-06-10,US202601200007,25,12:30,13:00,班,on_duty
US00024,2026-06-10,US202601200007,26,13:00,13:30,班,on_duty
US00024,2026-06-10,US202601200007,27,13:30,14:00,班,on_duty
US00024,2026-06-10,US202601200007,28,14:00,14:30,班,on_duty
US00024,2026-06-10,US202601200008,18,09:00,09:30,班,on_duty
US00024,2026-06-10,US202601200008,19,09:30,10:00,班,on_duty
US00024,2026-06-10,US202601200008,20,10:00,10:30,班,on_duty
US00024,2026-06-10,US202601200008,21,10:30,11:00,班,on_duty
US00024,2026-06-10,US202601200008,22,11:00,11:30,班,on_duty
US00024,2026-06-10,US202601200008,23,11:30,12:00,班,on_duty
US00024,2026-06-10,US202601200008,24,12:00,12:30,休,rest
US00024,2026-06-10,US202601200008,25,12:30,13:00,班,on_duty
US00024,2026-06-10,US202601200008,26,13:00,13:30,班,on_duty
US00024,2026-06-10,US202601200008,27,13:30,14:00,班,on_duty
US00024,2026-06-10,US202601200008,28,14:00,14:30,班,on_duty
US00024,2026-06-10,US202601200008,29,14:30,15:00,班,on_duty
US00024,2026-06-10,US202601200008,30,15:00,15:30,班,on_duty
US00024,2026-06-10,US202601200008,31,15:30,16:00,班,on_duty
US00024,2026-06-10,US202601200008,32,16:00,16:30,班,on_duty
US00024,2026-06-10,US202601200008,33,16:30,17:00,班,on_duty
US00024,2026-06-10,US202601200008,34,17:00,17:30,班,on_duty
US00024,2026-06-10,US202602180012,24,12:00,12:30,班,on_duty
US00024,2026-06-10,US202602180012,25,12:30,13:00,班,on_duty
US00024,2026-06-10,US202602180012,26,13:00,13:30,班,on_duty
US00024,2026-06-10,US202602180012,27,13:30,14:00,班,on_duty
US00024,2026-06-10,US202602180012,28,14:00,14:30,班,on_duty
US00024,2026-06-10,US202602180012,29,14:30,15:00,休,rest
US00024,2026-06-10,US202602180012,30,15:00,15:30,休,rest
US00024,2026-06-10,US202602180012,31,15:30,16:00,班,on_duty
US00024,2026-06-10,US202602180012,32,16:00,16:30,班,on_duty
US00024,2026-06-10,US202602180012,33,16:30,17:00,班,on_duty
US00024,2026-06-10,US202602180012,34,17:00,17:30,班,on_duty
US00024,2026-06-10,US202602180012,35,17:30,18:00,班,on_duty
US00024,2026-06-10,US202602180012,36,18:00,18:30,班,on_duty
US00024,2026-06-10,US202602180012,37,18:30,19:00,班,on_duty
US00024,2026-06-10,US202602180012,38,19:00,19:30,班,on_duty
US00024,2026-06-10,US202603260013,19,09:30,10:00,训,training
US00024,2026-06-10,US202603260013,20,10:00,10:30,训,training
US00024,2026-06-10,US202603260013,21,10:30,11:00,训,training
US00024,2026-06-10,US202603260013,22,11:00,11:30,休,rest
US00024,2026-06-10,US202603260013,23,11:30,12:00,休,rest
US00024,2026-06-10,US202603260013,24,12:00,12:30,训,training
US00024,2026-06-10,US202603260013,25,12:30,13:00,训,training
US00024,2026-06-10,US202603260013,26,13:00,13:30,训,training
US00024,2026-06-10,US202603260013,27,13:30,14:00,训,training
US00024,2026-06-10,US202603260013,28,14:00,14:30,训,training
US00024,2026-06-10,US202603260013,29,14:30,15:00,训,training
US00024,2026-06-10,US202603260013,30,15:00,15:30,训,training
US00024,2026-06-10,US202603260013,31,15:30,16:00,训,training
US00024,2026-06-10,US202603260013,32,16:00,16:30,训,training
US00024,2026-06-10,US202605140003,22,11:00,11:30,班,on_duty
US00024,2026-06-10,US202605140003,23,11:30,12:00,班,on_duty
US00024,2026-06-10,US202605140003,24,12:00,12:30,班,on_duty
US00024,2026-06-10,US202605140003,25,12:30,13:00,班,on_duty
US00024,2026-06-10,US202605140003,26,13:00,13:30,班,on_duty
US00024,2026-06-10,US202605140003,27,13:30,14:00,休,rest
US00024,2026-06-10,US202605140003,28,14:00,14:30,休,rest
US00024,2026-06-10,US202605140003,29,14:30,15:00,班,on_duty
US00024,2026-06-10,US202605140003,30,15:00,15:30,班,on_duty
US00024,2026-06-10,US202605140003,31,15:30,16:00,班,on_duty
US00024,2026-06-10,US202605140003,32,16:00,16:30,班,on_duty
US00024,2026-06-10,US202605140003,33,16:30,17:00,班,on_duty
US00024,2026-06-10,US202605140003,34,17:00,17:30,班,on_duty
US00024,2026-06-10,US202605140003,35,17:30,18:00,班,on_duty
US00024,2026-06-10,US202605140003,36,18:00,18:30,班,on_duty
US00024,2026-06-10,US202605140003,37,18:30,19:00,班,on_duty
US00024,2026-06-10,US202605140003,38,19:00,19:30,班,on_duty
US00024,2026-06-11,US202506160006,18,09:00,09:30,班,on_duty
US00024,2026-06-11,US202506160006,19,09:30,10:00,班,on_duty
US00024,2026-06-11,US202506160006,20,10:00,10:30,班,on_duty
US00024,2026-06-11,US202506160006,21,10:30,11:00,班,on_duty
US00024,2026-06-11,US202506160006,22,11:00,11:30,班,on_duty
US00024,2026-06-11,US202506160006,23,11:30,12:00,班,on_duty
US00024,2026-06-11,US202506160006,24,12:00,12:30,休,rest
US00024,2026-06-11,US202506160006,25,12:30,13:00,休,rest
US00024,2026-06-11,US202506160006,26,13:00,13:30,班,on_duty
US00024,2026-06-11,US202506160006,27,13:30,14:00,班,on_duty
US00024,2026-06-11,US202506160006,28,14:00,14:30,班,on_duty
US00024,2026-06-11,US202506160006,29,14:30,15:00,班,on_duty
US00024,2026-06-11,US202506160006,30,15:00,15:30,班,on_duty
US00024,2026-06-11,US202506160006,31,15:30,16:00,班,on_duty
US00024,2026-06-11,US202506160006,32,16:00,16:30,班,on_duty
US00024,2026-06-11,US202506160006,33,16:30,17:00,班,on_duty
US00024,2026-06-11,US202506160006,34,17:00,17:30,班,on_duty
US00024,2026-06-11,US202506260005,22,11:00,11:30,班,on_duty
US00024,2026-06-11,US202506260005,23,11:30,12:00,班,on_duty
US00024,2026-06-11,US202506260005,24,12:00,12:30,班,on_duty
US00024,2026-06-11,US202506260005,25,12:30,13:00,班,on_duty
US00024,2026-06-11,US202506260005,26,13:00,13:30,班,on_duty
US00024,2026-06-11,US202506260005,27,13:30,14:00,休,rest
US00024,2026-06-11,US202506260005,28,14:00,14:30,休,rest
US00024,2026-06-11,US202506260005,29,14:30,15:00,班,on_duty
US00024,2026-06-11,US202506260005,30,15:00,15:30,班,on_duty
US00024,2026-06-11,US202506260005,31,15:30,16:00,班,on_duty
US00024,2026-06-11,US202506260005,32,16:00,16:30,班,on_duty
US00024,2026-06-11,US202506260005,33,16:30,17:00,班,on_duty
US00024,2026-06-11,US202506260005,34,17:00,17:30,班,on_duty
US00024,2026-06-11,US202506260005,35,17:30,18:00,班,on_duty
US00024,2026-06-11,US202506260005,36,18:00,18:30,班,on_duty
US00024,2026-06-11,US202506260005,37,18:30,19:00,班,on_duty
US00024,2026-06-11,US202506260005,38,19:00,19:30,班,on_duty
US00024,2026-06-11,US202509300006,12,06:00,06:30,班,on_duty
US00024,2026-06-11,US202509300006,13,06:30,07:00,班,on_duty
US00024,2026-06-11,US202509300006,14,07:00,07:30,班,on_duty
US00024,2026-06-11,US202509300006,15,07:30,08:00,班,on_duty
US00024,2026-06-11,US202509300006,16,08:00,08:30,班,on_duty
US00024,2026-06-11,US202509300006,17,08:30,09:00,班,on_duty
US00024,2026-06-11,US202509300006,18,09:00,09:30,班,on_duty
US00024,2026-06-11,US202509300006,19,09:30,10:00,班,on_duty
US00024,2026-06-11,US202509300006,20,10:00,10:30,班,on_duty
US00024,2026-06-11,US202509300006,21,10:30,11:00,班,on_duty
US00024,2026-06-11,US202509300006,22,11:00,11:30,休,rest
US00024,2026-06-11,US202509300006,23,11:30,12:00,休,rest
US00024,2026-06-11,US202509300006,24,12:00,12:30,班,on_duty
US00024,2026-06-11,US202509300006,25,12:30,13:00,班,on_duty
US00024,2026-06-11,US202509300006,26,13:00,13:30,班,on_duty
US00024,2026-06-11,US202509300006,27,13:30,14:00,班,on_duty
US00024,2026-06-11,US202509300006,28,14:00,14:30,班,on_duty
US00024,2026-06-11,US202601200007,22,11:00,11:30,班,on_duty
US00024,2026-06-11,US202601200007,23,11:30,12:00,班,on_duty
US00024,2026-06-11,US202601200007,24,12:00,12:30,班,on_duty
US00024,2026-06-11,US202601200007,25,12:30,13:00,班,on_duty
US00024,2026-06-11,US202601200007,26,13:00,13:30,班,on_duty
US00024,2026-06-11,US202601200007,27,13:30,14:00,休,rest
US00024,2026-06-11,US202601200007,28,14:00,14:30,休,rest
US00024,2026-06-11,US202601200007,29,14:30,15:00,班,on_duty
US00024,2026-06-11,US202601200007,30,15:00,15:30,班,on_duty
US00024,2026-06-11,US202601200007,31,15:30,16:00,班,on_duty
US00024,2026-06-11,US202601200007,32,16:00,16:30,班,on_duty
US00024,2026-06-11,US202601200007,33,16:30,17:00,班,on_duty
US00024,2026-06-11,US202601200007,34,17:00,17:30,班,on_duty
US00024,2026-06-11,US202601200007,35,17:30,18:00,班,on_duty
US00024,2026-06-11,US202601200007,36,18:00,18:30,班,on_duty
US00024,2026-06-11,US202601200007,37,18:30,19:00,班,on_duty
US00024,2026-06-11,US202601200007,38,19:00,19:30,班,on_duty
US00024,2026-06-11,US202601200008,12,06:00,06:30,班,on_duty
US00024,2026-06-11,US202601200008,13,06:30,07:00,班,on_duty
US00024,2026-06-11,US202601200008,14,07:00,07:30,班,on_duty
US00024,2026-06-11,US202601200008,15,07:30,08:00,班,on_duty
US00024,2026-06-11,US202601200008,16,08:00,08:30,班,on_duty
US00024,2026-06-11,US202601200008,17,08:30,09:00,班,on_duty
US00024,2026-06-11,US202601200008,18,09:00,09:30,休,rest
US00024,2026-06-11,US202601200008,19,09:30,10:00,休,rest
US00024,2026-06-11,US202601200008,20,10:00,10:30,班,on_duty
US00024,2026-06-11,US202601200008,21,10:30,11:00,班,on_duty
US00024,2026-06-11,US202601200008,22,11:00,11:30,班,on_duty
US00024,2026-06-11,US202601200008,23,11:30,12:00,班,on_duty
US00024,2026-06-11,US202601200008,24,12:00,12:30,班,on_duty
US00024,2026-06-11,US202601200008,25,12:30,13:00,班,on_duty
US00024,2026-06-11,US202601200008,26,13:00,13:30,班,on_duty
US00024,2026-06-11,US202601200008,27,13:30,14:00,班,on_duty
US00024,2026-06-11,US202601200008,28,14:00,14:30,班,on_duty
US00024,2026-06-11,US202603260013,12,06:00,06:30,班,on_duty
US00024,2026-06-11,US202603260013,13,06:30,07:00,班,on_duty
US00024,2026-06-11,US202603260013,14,07:00,07:30,班,on_duty
US00024,2026-06-11,US202603260013,15,07:30,08:00,班,on_duty
US00024,2026-06-11,US202603260013,16,08:00,08:30,班,on_duty
US00024,2026-06-11,US202603260013,17,08:30,09:00,班,on_duty
US00024,2026-06-11,US202603260013,18,09:00,09:30,班,on_duty
US00024,2026-06-11,US202603260013,19,09:30,10:00,班,on_duty
US00024,2026-06-11,US202603260013,20,10:00,10:30,班,on_duty
US00024,2026-06-11,US202603260013,21,10:30,11:00,班,on_duty
US00024,2026-06-11,US202603260013,22,11:00,11:30,休,rest
US00024,2026-06-11,US202603260013,23,11:30,12:00,休,rest
US00024,2026-06-11,US202603260013,24,12:00,12:30,班,on_duty
US00024,2026-06-11,US202603260013,25,12:30,13:00,班,on_duty
US00024,2026-06-11,US202603260013,26,13:00,13:30,班,on_duty
US00024,2026-06-11,US202603260013,27,13:30,14:00,班,on_duty
US00024,2026-06-11,US202603260013,28,14:00,14:30,班,on_duty
US00024,2026-06-12,US202506160006,18,09:00,09:30,班,on_duty
US00024,2026-06-12,US202506160006,19,09:30,10:00,班,on_duty
US00024,2026-06-12,US202506160006,20,10:00,10:30,班,on_duty
US00024,2026-06-12,US202506160006,21,10:30,11:00,班,on_duty
US00024,2026-06-12,US202506160006,22,11:00,11:30,班,on_duty
US00024,2026-06-12,US202506160006,23,11:30,12:00,班,on_duty
US00024,2026-06-12,US202506160006,24,12:00,12:30,休,rest
US00024,2026-06-12,US202506160006,25,12:30,13:00,休,rest
US00024,2026-06-12,US202506160006,26,13:00,13:30,班,on_duty
US00024,2026-06-12,US202506160006,27,13:30,14:00,班,on_duty
US00024,2026-06-12,US202506160006,28,14:00,14:30,班,on_duty
US00024,2026-06-12,US202506160006,29,14:30,15:00,班,on_duty
US00024,2026-06-12,US202506160006,30,15:00,15:30,班,on_duty
US00024,2026-06-12,US202506160006,31,15:30,16:00,班,on_duty
US00024,2026-06-12,US202506160006,32,16:00,16:30,班,on_duty
US00024,2026-06-12,US202506160006,33,16:30,17:00,班,on_duty
US00024,2026-06-12,US202506160006,34,17:00,17:30,班,on_duty
US00024,2026-06-12,US202506260005,22,11:00,11:30,班,on_duty
US00024,2026-06-12,US202506260005,23,11:30,12:00,班,on_duty
US00024,2026-06-12,US202506260005,24,12:00,12:30,班,on_duty
US00024,2026-06-12,US202506260005,25,12:30,13:00,班,on_duty
US00024,2026-06-12,US202506260005,26,13:00,13:30,班,on_duty
US00024,2026-06-12,US202506260005,27,13:30,14:00,休,rest
US00024,2026-06-12,US202506260005,28,14:00,14:30,休,rest
US00024,2026-06-12,US202506260005,29,14:30,15:00,班,on_duty
US00024,2026-06-12,US202506260005,30,15:00,15:30,班,on_duty
US00024,2026-06-12,US202506260005,31,15:30,16:00,班,on_duty
US00024,2026-06-12,US202506260005,32,16:00,16:30,班,on_duty
US00024,2026-06-12,US202506260005,33,16:30,17:00,班,on_duty
US00024,2026-06-12,US202506260005,34,17:00,17:30,班,on_duty
US00024,2026-06-12,US202506260005,35,17:30,18:00,班,on_duty
US00024,2026-06-12,US202506260005,36,18:00,18:30,班,on_duty
US00024,2026-06-12,US202506260005,37,18:30,19:00,班,on_duty
US00024,2026-06-12,US202506260005,38,19:00,19:30,班,on_duty
US00024,2026-06-12,US202509300006,12,06:00,06:30,班,on_duty
US00024,2026-06-12,US202509300006,13,06:30,07:00,班,on_duty
US00024,2026-06-12,US202509300006,14,07:00,07:30,班,on_duty
US00024,2026-06-12,US202509300006,15,07:30,08:00,班,on_duty
US00024,2026-06-12,US202509300006,16,08:00,08:30,班,on_duty
US00024,2026-06-12,US202509300006,17,08:30,09:00,班,on_duty
US00024,2026-06-12,US202509300006,18,09:00,09:30,班,on_duty
US00024,2026-06-12,US202509300006,19,09:30,10:00,班,on_duty
US00024,2026-06-12,US202509300006,20,10:00,10:30,班,on_duty
US00024,2026-06-12,US202509300006,21,10:30,11:00,班,on_duty
US00024,2026-06-12,US202509300006,22,11:00,11:30,休,rest
US00024,2026-06-12,US202509300006,23,11:30,12:00,休,rest
US00024,2026-06-12,US202509300006,24,12:00,12:30,班,on_duty
US00024,2026-06-12,US202509300006,25,12:30,13:00,班,on_duty
US00024,2026-06-12,US202509300006,26,13:00,13:30,班,on_duty
US00024,2026-06-12,US202509300006,27,13:30,14:00,班,on_duty
US00024,2026-06-12,US202509300006,28,14:00,14:30,班,on_duty
US00024,2026-06-12,US202601200007,22,11:00,11:30,班,on_duty
US00024,2026-06-12,US202601200007,23,11:30,12:00,班,on_duty
US00024,2026-06-12,US202601200007,24,12:00,12:30,班,on_duty
US00024,2026-06-12,US202601200007,25,12:30,13:00,班,on_duty
US00024,2026-06-12,US202601200007,26,13:00,13:30,班,on_duty
US00024,2026-06-12,US202601200007,27,13:30,14:00,休,rest
US00024,2026-06-12,US202601200007,28,14:00,14:30,休,rest
US00024,2026-06-12,US202601200007,29,14:30,15:00,班,on_duty
US00024,2026-06-12,US202601200007,30,15:00,15:30,班,on_duty
US00024,2026-06-12,US202601200007,31,15:30,16:00,班,on_duty
US00024,2026-06-12,US202601200007,32,16:00,16:30,班,on_duty
US00024,2026-06-12,US202601200007,33,16:30,17:00,班,on_duty
US00024,2026-06-12,US202601200007,34,17:00,17:30,班,on_duty
US00024,2026-06-12,US202601200007,35,17:30,18:00,班,on_duty
US00024,2026-06-12,US202601200007,36,18:00,18:30,班,on_duty
US00024,2026-06-12,US202601200007,37,18:30,19:00,班,on_duty
US00024,2026-06-12,US202601200007,38,19:00,19:30,班,on_duty
US00024,2026-06-12,US202601200008,12,06:00,06:30,班,on_duty
US00024,2026-06-12,US202601200008,13,06:30,07:00,班,on_duty
US00024,2026-06-12,US202601200008,14,07:00,07:30,班,on_duty
US00024,2026-06-12,US202601200008,15,07:30,08:00,班,on_duty
US00024,2026-06-12,US202601200008,16,08:00,08:30,班,on_duty
US00024,2026-06-12,US202601200008,17,08:30,09:00,班,on_duty
US00024,2026-06-12,US202601200008,18,09:00,09:30,休,rest
US00024,2026-06-12,US202601200008,19,09:30,10:00,休,rest
US00024,2026-06-12,US202601200008,20,10:00,10:30,班,on_duty
US00024,2026-06-12,US202601200008,21,10:30,11:00,班,on_duty
US00024,2026-06-12,US202601200008,22,11:00,11:30,班,on_duty
US00024,2026-06-12,US202601200008,23,11:30,12:00,班,on_duty
US00024,2026-06-12,US202601200008,24,12:00,12:30,班,on_duty
US00024,2026-06-12,US202601200008,25,12:30,13:00,班,on_duty
US00024,2026-06-12,US202601200008,26,13:00,13:30,班,on_duty
US00024,2026-06-12,US202602180012,24,12:00,12:30,班,on_duty
US00024,2026-06-12,US202602180012,25,12:30,13:00,班,on_duty
US00024,2026-06-12,US202602180012,26,13:00,13:30,班,on_duty
US00024,2026-06-12,US202602180012,27,13:30,14:00,班,on_duty
US00024,2026-06-12,US202602180012,28,14:00,14:30,班,on_duty
US00024,2026-06-12,US202602180012,29,14:30,15:00,休,rest
US00024,2026-06-12,US202602180012,30,15:00,15:30,休,rest
US00024,2026-06-12,US202602180012,31,15:30,16:00,班,on_duty
US00024,2026-06-12,US202602180012,32,16:00,16:30,班,on_duty
US00024,2026-06-12,US202602180012,33,16:30,17:00,班,on_duty
US00024,2026-06-12,US202602180012,34,17:00,17:30,班,on_duty
US00024,2026-06-12,US202602180012,35,17:30,18:00,班,on_duty
US00024,2026-06-12,US202602180012,36,18:00,18:30,班,on_duty
US00024,2026-06-12,US202602180012,37,18:30,19:00,班,on_duty
US00024,2026-06-12,US202602180012,38,19:00,19:30,班,on_duty
US00024,2026-06-12,US202605140003,12,06:00,06:30,班,on_duty
US00024,2026-06-12,US202605140003,13,06:30,07:00,班,on_duty
US00024,2026-06-12,US202605140003,14,07:00,07:30,班,on_duty
US00024,2026-06-12,US202605140003,15,07:30,08:00,班,on_duty
US00024,2026-06-12,US202605140003,16,08:00,08:30,班,on_duty
US00024,2026-06-12,US202605140003,17,08:30,09:00,班,on_duty
US00024,2026-06-12,US202605140003,18,09:00,09:30,班,on_duty
US00024,2026-06-12,US202605140003,19,09:30,10:00,班,on_duty
US00024,2026-06-12,US202605140003,20,10:00,10:30,班,on_duty
US00024,2026-06-12,US202605140003,21,10:30,11:00,班,on_duty
US00024,2026-06-12,US202605140003,22,11:00,11:30,休,rest
US00024,2026-06-12,US202605140003,23,11:30,12:00,休,rest
US00024,2026-06-12,US202605140003,24,12:00,12:30,班,on_duty
US00024,2026-06-12,US202605140003,25,12:30,13:00,班,on_duty
US00024,2026-06-12,US202605140003,26,13:00,13:30,班,on_duty
US00024,2026-06-12,US202605140003,27,13:30,14:00,班,on_duty
US00024,2026-06-12,US202605140003,28,14:00,14:30,班,on_duty
US00024,2026-06-13,US202506160006,18,09:00,09:30,班,on_duty
US00024,2026-06-13,US202506160006,19,09:30,10:00,班,on_duty
US00024,2026-06-13,US202506160006,20,10:00,10:30,班,on_duty
US00024,2026-06-13,US202506160006,21,10:30,11:00,班,on_duty
US00024,2026-06-13,US202506160006,22,11:00,11:30,班,on_duty
US00024,2026-06-13,US202506160006,23,11:30,12:00,班,on_duty
US00024,2026-06-13,US202506160006,24,12:00,12:30,休,rest
US00024,2026-06-13,US202506160006,25,12:30,13:00,休,rest
US00024,2026-06-13,US202506160006,26,13:00,13:30,班,on_duty
US00024,2026-06-13,US202506160006,27,13:30,14:00,班,on_duty
US00024,2026-06-13,US202506160006,28,14:00,14:30,班,on_duty
US00024,2026-06-13,US202506160006,29,14:30,15:00,班,on_duty
US00024,2026-06-13,US202506160006,30,15:00,15:30,班,on_duty
US00024,2026-06-13,US202506160006,31,15:30,16:00,班,on_duty
US00024,2026-06-13,US202506160006,32,16:00,16:30,班,on_duty
US00024,2026-06-13,US202506160006,33,16:30,17:00,班,on_duty
US00024,2026-06-13,US202506160006,34,17:00,17:30,班,on_duty
US00024,2026-06-13,US202509300006,22,11:00,11:30,班,on_duty
US00024,2026-06-13,US202509300006,23,11:30,12:00,班,on_duty
US00024,2026-06-13,US202509300006,24,12:00,12:30,班,on_duty
US00024,2026-06-13,US202509300006,25,12:30,13:00,班,on_duty
US00024,2026-06-13,US202509300006,26,13:00,13:30,班,on_duty
US00024,2026-06-13,US202509300006,27,13:30,14:00,休,rest
US00024,2026-06-13,US202509300006,28,14:00,14:30,休,rest
US00024,2026-06-13,US202509300006,29,14:30,15:00,班,on_duty
US00024,2026-06-13,US202509300006,30,15:00,15:30,班,on_duty
US00024,2026-06-13,US202509300006,31,15:30,16:00,班,on_duty
US00024,2026-06-13,US202509300006,32,16:00,16:30,班,on_duty
US00024,2026-06-13,US202509300006,33,16:30,17:00,班,on_duty
US00024,2026-06-13,US202509300006,34,17:00,17:30,班,on_duty
US00024,2026-06-13,US202509300006,35,17:30,18:00,班,on_duty
US00024,2026-06-13,US202509300006,36,18:00,18:30,班,on_duty
US00024,2026-06-13,US202509300006,37,18:30,19:00,班,on_duty
US00024,2026-06-13,US202509300006,38,19:00,19:30,班,on_duty
US00024,2026-06-13,US202602180012,24,12:00,12:30,班,on_duty
US00024,2026-06-13,US202602180012,25,12:30,13:00,班,on_duty
US00024,2026-06-13,US202602180012,26,13:00,13:30,班,on_duty
US00024,2026-06-13,US202602180012,27,13:30,14:00,班,on_duty
US00024,2026-06-13,US202602180012,28,14:00,14:30,休,rest
US00024,2026-06-13,US202602180012,29,14:30,15:00,休,rest
US00024,2026-06-13,US202602180012,30,15:00,15:30,班,on_duty
US00024,2026-06-13,US202602180012,31,15:30,16:00,班,on_duty
US00024,2026-06-13,US202602180012,32,16:00,16:30,班,on_duty
US00024,2026-06-13,US202602180012,33,16:30,17:00,班,on_duty
US00024,2026-06-13,US202602180012,34,17:00,17:30,班,on_duty
US00024,2026-06-13,US202602180012,35,17:30,18:00,班,on_duty
US00024,2026-06-13,US202602180012,36,18:00,18:30,班,on_duty
US00024,2026-06-13,US202602180012,37,18:30,19:00,班,on_duty
US00024,2026-06-13,US202602180012,38,19:00,19:30,班,on_duty
US00024,2026-06-13,US202603260013,12,06:00,06:30,班,on_duty
US00024,2026-06-13,US202603260013,13,06:30,07:00,班,on_duty
US00024,2026-06-13,US202603260013,14,07:00,07:30,班,on_duty
US00024,2026-06-13,US202603260013,15,07:30,08:00,班,on_duty
US00024,2026-06-13,US202603260013,16,08:00,08:30,班,on_duty
US00024,2026-06-13,US202603260013,17,08:30,09:00,班,on_duty
US00024,2026-06-13,US202603260013,18,09:00,09:30,班,on_duty
US00024,2026-06-13,US202603260013,19,09:30,10:00,班,on_duty
US00024,2026-06-13,US202603260013,20,10:00,10:30,班,on_duty
US00024,2026-06-13,US202603260013,21,10:30,11:00,班,on_duty
US00024,2026-06-13,US202603260013,22,11:00,11:30,休,rest
US00024,2026-06-13,US202603260013,23,11:30,12:00,休,rest
US00024,2026-06-13,US202603260013,24,12:00,12:30,班,on_duty
US00024,2026-06-13,US202603260013,25,12:30,13:00,班,on_duty
US00024,2026-06-13,US202603260013,26,13:00,13:30,班,on_duty
US00024,2026-06-13,US202603260013,27,13:30,14:00,班,on_duty
US00024,2026-06-13,US202603260013,28,14:00,14:30,班,on_duty
US00024,2026-06-13,US202605140003,12,06:00,06:30,班,on_duty
US00024,2026-06-13,US202605140003,13,06:30,07:00,班,on_duty
US00024,2026-06-13,US202605140003,14,07:00,07:30,班,on_duty
US00024,2026-06-13,US202605140003,15,07:30,08:00,班,on_duty
US00024,2026-06-13,US202605140003,16,08:00,08:30,班,on_duty
US00024,2026-06-13,US202605140003,17,08:30,09:00,班,on_duty
US00024,2026-06-13,US202605140003,18,09:00,09:30,休,rest
US00024,2026-06-13,US202605140003,19,09:30,10:00,休,rest
US00024,2026-06-13,US202605140003,20,10:00,10:30,班,on_duty
US00024,2026-06-13,US202605140003,21,10:30,11:00,班,on_duty
US00024,2026-06-13,US202605140003,22,11:00,11:30,班,on_duty
US00024,2026-06-13,US202605140003,23,11:30,12:00,班,on_duty
US00024,2026-06-13,US202605140003,24,12:00,12:30,班,on_duty
US00024,2026-06-13,US202605140003,25,12:30,13:00,班,on_duty
US00024,2026-06-13,US202605140003,26,13:00,13:30,班,on_duty
US00024,2026-06-13,US202605140003,27,13:30,14:00,班,on_duty
US00024,2026-06-13,US202605140003,28,14:00,14:30,班,on_duty
US00024,2026-06-14,US202506260005,12,06:00,06:30,班,on_duty
US00024,2026-06-14,US202506260005,13,06:30,07:00,班,on_duty
US00024,2026-06-14,US202506260005,14,07:00,07:30,班,on_duty
US00024,2026-06-14,US202506260005,15,07:30,08:00,班,on_duty
US00024,2026-06-14,US202506260005,16,08:00,08:30,班,on_duty
US00024,2026-06-14,US202506260005,17,08:30,09:00,班,on_duty
US00024,2026-06-14,US202506260005,18,09:00,09:30,休,rest
US00024,2026-06-14,US202506260005,19,09:30,10:00,休,rest
US00024,2026-06-14,US202506260005,20,10:00,10:30,班,on_duty
US00024,2026-06-14,US202506260005,21,10:30,11:00,班,on_duty
US00024,2026-06-14,US202506260005,22,11:00,11:30,班,on_duty
US00024,2026-06-14,US202506260005,23,11:30,12:00,班,on_duty
US00024,2026-06-14,US202506260005,24,12:00,12:30,班,on_duty
US00024,2026-06-14,US202506260005,25,12:30,13:00,班,on_duty
US00024,2026-06-14,US202506260005,26,13:00,13:30,班,on_duty
US00024,2026-06-14,US202506260005,27,13:30,14:00,班,on_duty
US00024,2026-06-14,US202506260005,28,14:00,14:30,班,on_duty
US00024,2026-06-14,US202509300006,22,11:00,11:30,班,on_duty
US00024,2026-06-14,US202509300006,23,11:30,12:00,班,on_duty
US00024,2026-06-14,US202509300006,24,12:00,12:30,班,on_duty
US00024,2026-06-14,US202509300006,25,12:30,13:00,班,on_duty
US00024,2026-06-14,US202509300006,26,13:00,13:30,班,on_duty
US00024,2026-06-14,US202509300006,27,13:30,14:00,休,rest
US00024,2026-06-14,US202509300006,28,14:00,14:30,休,rest
US00024,2026-06-14,US202509300006,29,14:30,15:00,班,on_duty
US00024,2026-06-14,US202509300006,30,15:00,15:30,班,on_duty
US00024,2026-06-14,US202509300006,31,15:30,16:00,班,on_duty
US00024,2026-06-14,US202509300006,32,16:00,16:30,班,on_duty
US00024,2026-06-14,US202509300006,33,16:30,17:00,班,on_duty
US00024,2026-06-14,US202509300006,34,17:00,17:30,班,on_duty
US00024,2026-06-14,US202509300006,35,17:30,18:00,班,on_duty
US00024,2026-06-14,US202509300006,36,18:00,18:30,班,on_duty
US00024,2026-06-14,US202509300006,37,18:30,19:00,班,on_duty
US00024,2026-06-14,US202509300006,38,19:00,19:30,班,on_duty
US00024,2026-06-14,US202602180012,22,11:00,11:30,班,on_duty
US00024,2026-06-14,US202602180012,23,11:30,12:00,班,on_duty
US00024,2026-06-14,US202602180012,24,12:00,12:30,班,on_duty
US00024,2026-06-14,US202602180012,25,12:30,13:00,班,on_duty
US00024,2026-06-14,US202602180012,26,13:00,13:30,班,on_duty
US00024,2026-06-14,US202602180012,27,13:30,14:00,休,rest
US00024,2026-06-14,US202602180012,28,14:00,14:30,休,rest
US00024,2026-06-14,US202602180012,29,14:30,15:00,班,on_duty
US00024,2026-06-14,US202602180012,30,15:00,15:30,班,on_duty
US00024,2026-06-14,US202602180012,31,15:30,16:00,班,on_duty
US00024,2026-06-14,US202602180012,32,16:00,16:30,班,on_duty
US00024,2026-06-14,US202602180012,33,16:30,17:00,班,on_duty
US00024,2026-06-14,US202602180012,34,17:00,17:30,班,on_duty
US00024,2026-06-14,US202602180012,35,17:30,18:00,班,on_duty
US00024,2026-06-14,US202602180012,36,18:00,18:30,班,on_duty
US00024,2026-06-14,US202602180012,37,18:30,19:00,班,on_duty
US00024,2026-06-14,US202602180012,38,19:00,19:30,班,on_duty
US00024,2026-06-14,US202603260013,12,06:00,06:30,班,on_duty
US00024,2026-06-14,US202603260013,13,06:30,07:00,班,on_duty
US00024,2026-06-14,US202603260013,14,07:00,07:30,班,on_duty
US00024,2026-06-14,US202603260013,15,07:30,08:00,班,on_duty
US00024,2026-06-14,US202603260013,16,08:00,08:30,班,on_duty
US00024,2026-06-14,US202603260013,17,08:30,09:00,班,on_duty
US00024,2026-06-14,US202603260013,18,09:00,09:30,班,on_duty
US00024,2026-06-14,US202603260013,19,09:30,10:00,班,on_duty
US00024,2026-06-14,US202603260013,20,10:00,10:30,班,on_duty
US00024,2026-06-14,US202603260013,21,10:30,11:00,班,on_duty
US00024,2026-06-14,US202603260013,22,11:00,11:30,休,rest
US00024,2026-06-14,US202603260013,23,11:30,12:00,休,rest
US00024,2026-06-14,US202603260013,24,12:00,12:30,班,on_duty
US00024,2026-06-14,US202603260013,25,12:30,13:00,班,on_duty
US00024,2026-06-14,US202603260013,26,13:00,13:30,班,on_duty
US00024,2026-06-14,US202603260013,27,13:30,14:00,班,on_duty
US00024,2026-06-14,US202603260013,28,14:00,14:30,班,on_duty
US00024,2026-06-14,US202605140003,12,06:00,06:30,班,on_duty
US00024,2026-06-14,US202605140003,13,06:30,07:00,班,on_duty
US00024,2026-06-14,US202605140003,14,07:00,07:30,班,on_duty
US00024,2026-06-14,US202605140003,15,07:30,08:00,班,on_duty
US00024,2026-06-14,US202605140003,16,08:00,08:30,班,on_duty
US00024,2026-06-14,US202605140003,17,08:30,09:00,班,on_duty
US00024,2026-06-14,US202605140003,18,09:00,09:30,班,on_duty
US00024,2026-06-14,US202605140003,19,09:30,10:00,班,on_duty
US00024,2026-06-14,US202605140003,20,10:00,10:30,班,on_duty
US00024,2026-06-14,US202605140003,21,10:30,11:00,班,on_duty
US00024,2026-06-14,US202605140003,22,11:00,11:30,休,rest
US00024,2026-06-14,US202605140003,23,11:30,12:00,休,rest
US00024,2026-06-14,US202605140003,24,12:00,12:30,班,on_duty
US00024,2026-06-14,US202605140003,25,12:30,13:00,班,on_duty
US00024,2026-06-14,US202605140003,26,13:00,13:30,班,on_duty
US00024,2026-06-14,US202605140003,27,13:30,14:00,班,on_duty
US00024,2026-06-14,US202605140003,28,14:00,14:30,班,on_duty
US00025,2026-06-08,US202509020005,12,06:00,06:30,班,on_duty
US00025,2026-06-08,US202509020005,13,06:30,07:00,班,on_duty
US00025,2026-06-08,US202509020005,14,07:00,07:30,班,on_duty
US00025,2026-06-08,US202509020005,15,07:30,08:00,班,on_duty
US00025,2026-06-08,US202509020005,16,08:00,08:30,班,on_duty
US00025,2026-06-08,US202509020005,17,08:30,09:00,班,on_duty
US00025,2026-06-08,US202509020005,18,09:00,09:30,休,rest
US00025,2026-06-08,US202509020005,19,09:30,10:00,休,rest
US00025,2026-06-08,US202509020005,20,10:00,10:30,班,on_duty
US00025,2026-06-08,US202509020005,21,10:30,11:00,班,on_duty
US00025,2026-06-08,US202509020005,22,11:00,11:30,班,on_duty
US00025,2026-06-08,US202509020005,23,11:30,12:00,班,on_duty
US00025,2026-06-08,US202509020005,24,12:00,12:30,班,on_duty
US00025,2026-06-08,US202509020005,25,12:30,13:00,班,on_duty
US00025,2026-06-08,US202509020005,26,13:00,13:30,班,on_duty
US00025,2026-06-08,US202509020005,27,13:30,14:00,班,on_duty
US00025,2026-06-08,US202509020005,28,14:00,14:30,班,on_duty
US00025,2026-06-08,US202509090009,29,14:30,15:00,班,on_duty
US00025,2026-06-08,US202509090009,30,15:00,15:30,班,on_duty
US00025,2026-06-08,US202509090009,31,15:30,16:00,班,on_duty
US00025,2026-06-08,US202509090009,32,16:00,16:30,班,on_duty
US00025,2026-06-08,US202509090009,33,16:30,17:00,班,on_duty
US00025,2026-06-08,US202509090009,34,17:00,17:30,休,rest
US00025,2026-06-08,US202509090009,35,17:30,18:00,休,rest
US00025,2026-06-08,US202509090009,36,18:00,18:30,班,on_duty
US00025,2026-06-08,US202509090009,37,18:30,19:00,班,on_duty
US00025,2026-06-08,US202509090009,38,19:00,19:30,班,on_duty
US00025,2026-06-08,US202509090009,39,19:30,20:00,班,on_duty
US00025,2026-06-08,US202509090009,40,20:00,20:30,班,on_duty
US00025,2026-06-08,US202509090009,41,20:30,21:00,班,on_duty
US00025,2026-06-08,US202509090009,42,21:00,21:30,班,on_duty
US00025,2026-06-08,US202509090009,43,21:30,22:00,班,on_duty
US00025,2026-06-08,US202510010001,32,16:00,16:30,班,on_duty
US00025,2026-06-08,US202510010001,33,16:30,17:00,班,on_duty
US00025,2026-06-08,US202510010001,34,17:00,17:30,班,on_duty
US00025,2026-06-08,US202510010001,35,17:30,18:00,班,on_duty
US00025,2026-06-08,US202510010001,36,18:00,18:30,班,on_duty
US00025,2026-06-08,US202510010001,37,18:30,19:00,休,rest
US00025,2026-06-08,US202510010001,38,19:00,19:30,休,rest
US00025,2026-06-08,US202510010001,39,19:30,20:00,班,on_duty
US00025,2026-06-08,US202510010001,40,20:00,20:30,班,on_duty
US00025,2026-06-08,US202510010001,41,20:30,21:00,班,on_duty
US00025,2026-06-08,US202510010001,42,21:00,21:30,班,on_duty
US00025,2026-06-08,US202510010001,43,21:30,22:00,班,on_duty
US00025,2026-06-08,US202601130006,20,10:00,10:30,班,on_duty
US00025,2026-06-08,US202601130006,21,10:30,11:00,班,on_duty
US00025,2026-06-08,US202601130006,22,11:00,11:30,班,on_duty
US00025,2026-06-08,US202601130006,23,11:30,12:00,班,on_duty
US00025,2026-06-08,US202601130006,24,12:00,12:30,班,on_duty
US00025,2026-06-08,US202601130006,25,12:30,13:00,班,on_duty
US00025,2026-06-08,US202601130006,26,13:00,13:30,休,rest
US00025,2026-06-08,US202601130006,27,13:30,14:00,休,rest
US00025,2026-06-08,US202601130006,28,14:00,14:30,班,on_duty
US00025,2026-06-08,US202601130006,29,14:30,15:00,班,on_duty
US00025,2026-06-08,US202601130006,30,15:00,15:30,班,on_duty
US00025,2026-06-08,US202601130006,31,15:30,16:00,班,on_duty
US00025,2026-06-08,US202601130006,32,16:00,16:30,班,on_duty
US00025,2026-06-08,US202601130006,33,16:30,17:00,班,on_duty
US00025,2026-06-08,US202601130006,34,17:00,17:30,班,on_duty
US00025,2026-06-08,US202601130006,35,17:30,18:00,班,on_duty
US00025,2026-06-08,US202602180002,16,08:00,08:30,班,on_duty
US00025,2026-06-08,US202602180002,17,08:30,09:00,班,on_duty
US00025,2026-06-08,US202602180002,18,09:00,09:30,班,on_duty
US00025,2026-06-08,US202602180002,19,09:30,10:00,班,on_duty
US00025,2026-06-08,US202602180002,20,10:00,10:30,班,on_duty
US00025,2026-06-08,US202602180002,21,10:30,11:00,班,on_duty
US00025,2026-06-08,US202602180002,22,11:00,11:30,班,on_duty
US00025,2026-06-08,US202602180002,23,11:30,12:00,班,on_duty
US00025,2026-06-08,US202602180002,24,12:00,12:30,班,on_duty
US00025,2026-06-08,US202602180002,25,12:30,13:00,班,on_duty
US00025,2026-06-08,US202603100005,12,06:00,06:30,班,on_duty
US00025,2026-06-08,US202603100005,13,06:30,07:00,班,on_duty
US00025,2026-06-08,US202603100005,14,07:00,07:30,班,on_duty
US00025,2026-06-08,US202603100005,15,07:30,08:00,班,on_duty
US00025,2026-06-08,US202603100005,16,08:00,08:30,班,on_duty
US00025,2026-06-08,US202603100005,17,08:30,09:00,班,on_duty
US00025,2026-06-08,US202603100005,18,09:00,09:30,班,on_duty
US00025,2026-06-08,US202603100005,19,09:30,10:00,班,on_duty
US00025,2026-06-08,US202603100005,20,10:00,10:30,休,rest
US00025,2026-06-08,US202603100005,21,10:30,11:00,休,rest
US00025,2026-06-08,US202603100005,22,11:00,11:30,班,on_duty
US00025,2026-06-08,US202603100005,23,11:30,12:00,班,on_duty
US00025,2026-06-08,US202603100005,24,12:00,12:30,班,on_duty
US00025,2026-06-08,US202603100005,25,12:30,13:00,班,on_duty
US00025,2026-06-08,US202603100005,26,13:00,13:30,班,on_duty
US00025,2026-06-08,US202603100005,27,13:30,14:00,班,on_duty
US00025,2026-06-08,US202603100005,28,14:00,14:30,班,on_duty
US00025,2026-06-08,US202604020008,31,15:30,16:00,班,on_duty
US00025,2026-06-08,US202604020008,32,16:00,16:30,班,on_duty
US00025,2026-06-08,US202604020008,33,16:30,17:00,班,on_duty
US00025,2026-06-08,US202604020008,34,17:00,17:30,班,on_duty
US00025,2026-06-08,US202604020008,35,17:30,18:00,班,on_duty
US00025,2026-06-08,US202604020008,36,18:00,18:30,班,on_duty
US00025,2026-06-08,US202604020008,37,18:30,19:00,休,rest
US00025,2026-06-08,US202604020008,38,19:00,19:30,休,rest
US00025,2026-06-08,US202604020008,39,19:30,20:00,班,on_duty
US00025,2026-06-08,US202604020008,40,20:00,20:30,班,on_duty
US00025,2026-06-08,US202604020008,41,20:30,21:00,班,on_duty
US00025,2026-06-08,US202604020008,42,21:00,21:30,班,on_duty
US00025,2026-06-08,US202604020008,43,21:30,22:00,班,on_duty
US00025,2026-06-08,US202604160003,28,14:00,14:30,班,on_duty
US00025,2026-06-08,US202604160003,29,14:30,15:00,班,on_duty
US00025,2026-06-08,US202604160003,30,15:00,15:30,班,on_duty
US00025,2026-06-08,US202604160003,31,15:30,16:00,班,on_duty
US00025,2026-06-08,US202604160003,32,16:00,16:30,班,on_duty
US00025,2026-06-08,US202604160003,33,16:30,17:00,班,on_duty
US00025,2026-06-08,US202604160003,34,17:00,17:30,班,on_duty
US00025,2026-06-08,US202604160003,35,17:30,18:00,班,on_duty
US00025,2026-06-08,US202604160003,36,18:00,18:30,休,rest
US00025,2026-06-08,US202604160003,37,18:30,19:00,休,rest
US00025,2026-06-08,US202604160003,38,19:00,19:30,班,on_duty
US00025,2026-06-08,US202604160003,39,19:30,20:00,班,on_duty
US00025,2026-06-08,US202604160003,40,20:00,20:30,班,on_duty
US00025,2026-06-08,US202604160003,41,20:30,21:00,班,on_duty
US00025,2026-06-08,US202604160003,42,21:00,21:30,班,on_duty
US00025,2026-06-08,US202604160003,43,21:30,22:00,班,on_duty
US00025,2026-06-09,US202507090002,16,08:00,08:30,班,on_duty
US00025,2026-06-09,US202507090002,17,08:30,09:00,班,on_duty
US00025,2026-06-09,US202507090002,18,09:00,09:30,班,on_duty
US00025,2026-06-09,US202507090002,19,09:30,10:00,班,on_duty
US00025,2026-06-09,US202507090002,20,10:00,10:30,班,on_duty
US00025,2026-06-09,US202507090002,21,10:30,11:00,班,on_duty
US00025,2026-06-09,US202507090002,22,11:00,11:30,班,on_duty
US00025,2026-06-09,US202507090002,23,11:30,12:00,班,on_duty
US00025,2026-06-09,US202507090002,24,12:00,12:30,休,rest
US00025,2026-06-09,US202507090002,25,12:30,13:00,休,rest
US00025,2026-06-09,US202507090002,26,13:00,13:30,班,on_duty
US00025,2026-06-09,US202507090002,27,13:30,14:00,班,on_duty
US00025,2026-06-09,US202507090002,28,14:00,14:30,班,on_duty
US00025,2026-06-09,US202507090002,29,14:30,15:00,班,on_duty
US00025,2026-06-09,US202507090002,30,15:00,15:30,班,on_duty
US00025,2026-06-09,US202507090002,31,15:30,16:00,班,on_duty
US00025,2026-06-09,US202509020005,12,06:00,06:30,班,on_duty
US00025,2026-06-09,US202509020005,13,06:30,07:00,班,on_duty
US00025,2026-06-09,US202509020005,14,07:00,07:30,班,on_duty
US00025,2026-06-09,US202509020005,15,07:30,08:00,班,on_duty
US00025,2026-06-09,US202509020005,16,08:00,08:30,班,on_duty
US00025,2026-06-09,US202509020005,17,08:30,09:00,班,on_duty
US00025,2026-06-09,US202509020005,18,09:00,09:30,班,on_duty
US00025,2026-06-09,US202509020005,19,09:30,10:00,班,on_duty
US00025,2026-06-09,US202509020005,20,10:00,10:30,休,rest
US00025,2026-06-09,US202509020005,21,10:30,11:00,休,rest
US00025,2026-06-09,US202509020005,22,11:00,11:30,班,on_duty
US00025,2026-06-09,US202509020005,23,11:30,12:00,班,on_duty
US00025,2026-06-09,US202509020005,24,12:00,12:30,班,on_duty
US00025,2026-06-09,US202509020005,25,12:30,13:00,班,on_duty
US00025,2026-06-09,US202509020005,26,13:00,13:30,班,on_duty
US00025,2026-06-09,US202509020005,27,13:30,14:00,班,on_duty
US00025,2026-06-09,US202509020005,28,14:00,14:30,班,on_duty
US00025,2026-06-09,US202509230002,28,14:00,14:30,班,on_duty
US00025,2026-06-09,US202509230002,29,14:30,15:00,班,on_duty
US00025,2026-06-09,US202509230002,30,15:00,15:30,班,on_duty
US00025,2026-06-09,US202509230002,31,15:30,16:00,班,on_duty
US00025,2026-06-09,US202509230002,32,16:00,16:30,班,on_duty
US00025,2026-06-09,US202509230002,33,16:30,17:00,班,on_duty
US00025,2026-06-09,US202509230002,34,17:00,17:30,班,on_duty
US00025,2026-06-09,US202509230002,35,17:30,18:00,班,on_duty
US00025,2026-06-09,US202509230002,36,18:00,18:30,休,rest
US00025,2026-06-09,US202509230002,37,18:30,19:00,休,rest
US00025,2026-06-09,US202509230002,38,19:00,19:30,班,on_duty
US00025,2026-06-09,US202509230002,39,19:30,20:00,班,on_duty
US00025,2026-06-09,US202509230002,40,20:00,20:30,班,on_duty
US00025,2026-06-09,US202509230002,41,20:30,21:00,班,on_duty
US00025,2026-06-09,US202509230002,42,21:00,21:30,班,on_duty
US00025,2026-06-09,US202509230002,43,21:30,22:00,班,on_duty
US00025,2026-06-09,US202509230002,44,22:00,22:30,班,on_duty
US00025,2026-06-09,US202510010001,28,14:00,14:30,班,on_duty
US00025,2026-06-09,US202510010001,29,14:30,15:00,班,on_duty
US00025,2026-06-09,US202510010001,30,15:00,15:30,班,on_duty
US00025,2026-06-09,US202510010001,31,15:30,16:00,班,on_duty
US00025,2026-06-09,US202510010001,32,16:00,16:30,班,on_duty
US00025,2026-06-09,US202510010001,33,16:30,17:00,班,on_duty
US00025,2026-06-09,US202510010001,34,17:00,17:30,班,on_duty
US00025,2026-06-09,US202510010001,35,17:30,18:00,休,rest
US00025,2026-06-09,US202510010001,36,18:00,18:30,休,rest
US00025,2026-06-09,US202510010001,37,18:30,19:00,班,on_duty
US00025,2026-06-09,US202510010001,38,19:00,19:30,班,on_duty
US00025,2026-06-09,US202510010001,39,19:30,20:00,班,on_duty
US00025,2026-06-09,US202510010001,40,20:00,20:30,班,on_duty
US00025,2026-06-09,US202510010001,41,20:30,21:00,班,on_duty
US00025,2026-06-09,US202510010001,42,21:00,21:30,班,on_duty
US00025,2026-06-09,US202603100005,12,06:00,06:30,班,on_duty
US00025,2026-06-09,US202603100005,13,06:30,07:00,班,on_duty
US00025,2026-06-09,US202603100005,14,07:00,07:30,班,on_duty
US00025,2026-06-09,US202603100005,15,07:30,08:00,班,on_duty
US00025,2026-06-09,US202603100005,16,08:00,08:30,班,on_duty
US00025,2026-06-09,US202603100005,17,08:30,09:00,班,on_duty
US00025,2026-06-09,US202603100005,18,09:00,09:30,班,on_duty
US00025,2026-06-09,US202603100005,19,09:30,10:00,班,on_duty
US00025,2026-06-09,US202603100005,20,10:00,10:30,班,on_duty
US00025,2026-06-09,US202603100005,21,10:30,11:00,班,on_duty
US00025,2026-06-09,US202603100005,22,11:00,11:30,休,rest
US00025,2026-06-09,US202603100005,23,11:30,12:00,休,rest
US00025,2026-06-09,US202603100005,24,12:00,12:30,班,on_duty
US00025,2026-06-09,US202603100005,25,12:30,13:00,班,on_duty
US00025,2026-06-09,US202603100005,26,13:00,13:30,班,on_duty
US00025,2026-06-09,US202603100005,27,13:30,14:00,班,on_duty
US00025,2026-06-09,US202603100005,28,14:00,14:30,班,on_duty
US00025,2026-06-09,US202604020008,28,14:00,14:30,班,on_duty
US00025,2026-06-09,US202604020008,29,14:30,15:00,班,on_duty
US00025,2026-06-09,US202604020008,30,15:00,15:30,班,on_duty
US00025,2026-06-09,US202604020008,31,15:30,16:00,班,on_duty
US00025,2026-06-09,US202604020008,32,16:00,16:30,班,on_duty
US00025,2026-06-09,US202604020008,33,16:30,17:00,班,on_duty
US00025,2026-06-09,US202604020008,34,17:00,17:30,休,rest
US00025,2026-06-09,US202604020008,35,17:30,18:00,休,rest
US00025,2026-06-09,US202604020008,36,18:00,18:30,班,on_duty
US00025,2026-06-09,US202604020008,37,18:30,19:00,班,on_duty
US00025,2026-06-09,US202604020008,38,19:00,19:30,班,on_duty
US00025,2026-06-09,US202604020008,39,19:30,20:00,班,on_duty
US00025,2026-06-09,US202604020008,40,20:00,20:30,班,on_duty
US00025,2026-06-09,US202604020008,41,20:30,21:00,班,on_duty
US00025,2026-06-09,US202604020008,42,21:00,21:30,班,on_duty
US00025,2026-06-09,US202604020008,43,21:30,22:00,班,on_duty
US00025,2026-06-09,US202604020008,44,22:00,22:30,班,on_duty
US00025,2026-06-09,US202604160003,20,10:00,10:30,班,on_duty
US00025,2026-06-09,US202604160003,21,10:30,11:00,班,on_duty
US00025,2026-06-09,US202604160003,22,11:00,11:30,班,on_duty
US00025,2026-06-09,US202604160003,23,11:30,12:00,班,on_duty
US00025,2026-06-09,US202604160003,24,12:00,12:30,班,on_duty
US00025,2026-06-09,US202604160003,25,12:30,13:00,班,on_duty
US00025,2026-06-09,US202604160003,26,13:00,13:30,班,on_duty
US00025,2026-06-09,US202604160003,27,13:30,14:00,班,on_duty
US00025,2026-06-09,US202604160003,28,14:00,14:30,休,rest
US00025,2026-06-09,US202604160003,29,14:30,15:00,休,rest
US00025,2026-06-09,US202604160003,30,15:00,15:30,班,on_duty
US00025,2026-06-09,US202604160003,31,15:30,16:00,班,on_duty
US00025,2026-06-09,US202604160003,32,16:00,16:30,班,on_duty
US00025,2026-06-09,US202604160003,33,16:30,17:00,班,on_duty
US00025,2026-06-09,US202604160003,34,17:00,17:30,班,on_duty
US00025,2026-06-09,US202604160003,35,17:30,18:00,班,on_duty
US00025,2026-06-09,US202604160003,36,18:00,18:30,班,on_duty
US00025,2026-06-09,US202604160003,37,18:30,19:00,班,on_duty
US00025,2026-06-10,US202507090002,20,10:00,10:30,班,on_duty
US00025,2026-06-10,US202507090002,21,10:30,11:00,班,on_duty
US00025,2026-06-10,US202507090002,22,11:00,11:30,班,on_duty
US00025,2026-06-10,US202507090002,23,11:30,12:00,班,on_duty
US00025,2026-06-10,US202507090002,24,12:00,12:30,班,on_duty
US00025,2026-06-10,US202507090002,25,12:30,13:00,班,on_duty
US00025,2026-06-10,US202507090002,26,13:00,13:30,班,on_duty
US00025,2026-06-10,US202507090002,27,13:30,14:00,班,on_duty
US00025,2026-06-10,US202507090002,28,14:00,14:30,休,rest
US00025,2026-06-10,US202507090002,29,14:30,15:00,休,rest
US00025,2026-06-10,US202507090002,30,15:00,15:30,班,on_duty
US00025,2026-06-10,US202507090002,31,15:30,16:00,班,on_duty
US00025,2026-06-10,US202507090002,32,16:00,16:30,班,on_duty
US00025,2026-06-10,US202507090002,33,16:30,17:00,班,on_duty
US00025,2026-06-10,US202507090002,34,17:00,17:30,班,on_duty
US00025,2026-06-10,US202507090002,35,17:30,18:00,班,on_duty
US00025,2026-06-10,US202507090002,36,18:00,18:30,班,on_duty
US00025,2026-06-10,US202507090002,37,18:30,19:00,班,on_duty
US00025,2026-06-10,US202509090009,12,06:00,06:30,班,on_duty
US00025,2026-06-10,US202509090009,13,06:30,07:00,班,on_duty
US00025,2026-06-10,US202509090009,14,07:00,07:30,班,on_duty
US00025,2026-06-10,US202509090009,15,07:30,08:00,班,on_duty
US00025,2026-06-10,US202509090009,16,08:00,08:30,班,on_duty
US00025,2026-06-10,US202509090009,17,08:30,09:00,班,on_duty
US00025,2026-06-10,US202509090009,18,09:00,09:30,班,on_duty
US00025,2026-06-10,US202509090009,19,09:30,10:00,班,on_duty
US00025,2026-06-10,US202509090009,20,10:00,10:30,班,on_duty
US00025,2026-06-10,US202509090009,21,10:30,11:00,休,rest
US00025,2026-06-10,US202509090009,22,11:00,11:30,休,rest
US00025,2026-06-10,US202509090009,23,11:30,12:00,班,on_duty
US00025,2026-06-10,US202509090009,24,12:00,12:30,班,on_duty
US00025,2026-06-10,US202509090009,25,12:30,13:00,班,on_duty
US00025,2026-06-10,US202509090009,26,13:00,13:30,班,on_duty
US00025,2026-06-10,US202509090009,27,13:30,14:00,班,on_duty
US00025,2026-06-10,US202509090009,28,14:00,14:30,班,on_duty
US00025,2026-06-10,US202509230002,28,14:00,14:30,班,on_duty
US00025,2026-06-10,US202509230002,29,14:30,15:00,班,on_duty
US00025,2026-06-10,US202509230002,30,15:00,15:30,班,on_duty
US00025,2026-06-10,US202509230002,31,15:30,16:00,班,on_duty
US00025,2026-06-10,US202509230002,32,16:00,16:30,班,on_duty
US00025,2026-06-10,US202509230002,33,16:30,17:00,班,on_duty
US00025,2026-06-10,US202509230002,34,17:00,17:30,休,rest
US00025,2026-06-10,US202509230002,35,17:30,18:00,休,rest
US00025,2026-06-10,US202509230002,36,18:00,18:30,班,on_duty
US00025,2026-06-10,US202509230002,37,18:30,19:00,班,on_duty
US00025,2026-06-10,US202509230002,38,19:00,19:30,班,on_duty
US00025,2026-06-10,US202509230002,39,19:30,20:00,班,on_duty
US00025,2026-06-10,US202509230002,40,20:00,20:30,班,on_duty
US00025,2026-06-10,US202509230002,41,20:30,21:00,班,on_duty
US00025,2026-06-10,US202509230002,42,21:00,21:30,班,on_duty
US00025,2026-06-10,US202509230002,43,21:30,22:00,班,on_duty
US00025,2026-06-10,US202509230002,44,22:00,22:30,班,on_duty
US00025,2026-06-10,US202602180002,16,08:00,08:30,班,on_duty
US00025,2026-06-10,US202602180002,17,08:30,09:00,班,on_duty
US00025,2026-06-10,US202602180002,18,09:00,09:30,班,on_duty
US00025,2026-06-10,US202602180002,19,09:30,10:00,班,on_duty
US00025,2026-06-10,US202602180002,20,10:00,10:30,班,on_duty
US00025,2026-06-10,US202602180002,21,10:30,11:00,休,rest
US00025,2026-06-10,US202602180002,22,11:00,11:30,休,rest
US00025,2026-06-10,US202602180002,23,11:30,12:00,班,on_duty
US00025,2026-06-10,US202602180002,24,12:00,12:30,班,on_duty
US00025,2026-06-10,US202602180002,25,12:30,13:00,班,on_duty
US00025,2026-06-10,US202602180002,26,13:00,13:30,班,on_duty
US00025,2026-06-10,US202602180002,27,13:30,14:00,班,on_duty
US00025,2026-06-10,US202602180002,28,14:00,14:30,班,on_duty
US00025,2026-06-10,US202602180002,29,14:30,15:00,班,on_duty
US00025,2026-06-10,US202602180002,30,15:00,15:30,班,on_duty
US00025,2026-06-10,US202602180002,31,15:30,16:00,班,on_duty
US00025,2026-06-10,US202603100005,12,06:00,06:30,班,on_duty
US00025,2026-06-10,US202603100005,13,06:30,07:00,班,on_duty
US00025,2026-06-10,US202603100005,14,07:00,07:30,班,on_duty
US00025,2026-06-10,US202603100005,15,07:30,08:00,班,on_duty
US00025,2026-06-10,US202603100005,16,08:00,08:30,班,on_duty
US00025,2026-06-10,US202603100005,17,08:30,09:00,班,on_duty
US00025,2026-06-10,US202603100005,18,09:00,09:30,班,on_duty
US00025,2026-06-10,US202603100005,19,09:30,10:00,休,rest
US00025,2026-06-10,US202603100005,20,10:00,10:30,休,rest
US00025,2026-06-10,US202603100005,21,10:30,11:00,班,on_duty
US00025,2026-06-10,US202603100005,22,11:00,11:30,班,on_duty
US00025,2026-06-10,US202603100005,23,11:30,12:00,班,on_duty
US00025,2026-06-10,US202603100005,24,12:00,12:30,班,on_duty
US00025,2026-06-10,US202603100005,25,12:30,13:00,班,on_duty
US00025,2026-06-10,US202603100005,26,13:00,13:30,班,on_duty
US00025,2026-06-10,US202603100005,27,13:30,14:00,班,on_duty
US00025,2026-06-10,US202603100005,28,14:00,14:30,班,on_duty
US00025,2026-06-10,US202604020008,28,14:00,14:30,班,on_duty
US00025,2026-06-10,US202604020008,29,14:30,15:00,班,on_duty
US00025,2026-06-10,US202604020008,30,15:00,15:30,班,on_duty
US00025,2026-06-10,US202604020008,31,15:30,16:00,班,on_duty
US00025,2026-06-10,US202604020008,32,16:00,16:30,班,on_duty
US00025,2026-06-10,US202604020008,33,16:30,17:00,班,on_duty
US00025,2026-06-10,US202604020008,34,17:00,17:30,班,on_duty
US00025,2026-06-10,US202604020008,35,17:30,18:00,班,on_duty
US00025,2026-06-10,US202604020008,36,18:00,18:30,休,rest
US00025,2026-06-10,US202604020008,37,18:30,19:00,休,rest
US00025,2026-06-10,US202604020008,38,19:00,19:30,班,on_duty
US00025,2026-06-10,US202604020008,39,19:30,20:00,班,on_duty
US00025,2026-06-10,US202604020008,40,20:00,20:30,班,on_duty
US00025,2026-06-10,US202604020008,41,20:30,21:00,班,on_duty
US00025,2026-06-10,US202604020008,42,21:00,21:30,班,on_duty
US00025,2026-06-10,US202604020008,43,21:30,22:00,班,on_duty
US00025,2026-06-10,US202604020008,44,22:00,22:30,班,on_duty
US00025,2026-06-11,US202509090009,12,06:00,06:30,班,on_duty
US00025,2026-06-11,US202509090009,13,06:30,07:00,班,on_duty
US00025,2026-06-11,US202509090009,14,07:00,07:30,班,on_duty
US00025,2026-06-11,US202509090009,15,07:30,08:00,班,on_duty
US00025,2026-06-11,US202509090009,16,08:00,08:30,班,on_duty
US00025,2026-06-11,US202509090009,17,08:30,09:00,班,on_duty
US00025,2026-06-11,US202509090009,18,09:00,09:30,休,rest
US00025,2026-06-11,US202509090009,19,09:30,10:00,休,rest
US00025,2026-06-11,US202509090009,20,10:00,10:30,班,on_duty
US00025,2026-06-11,US202509090009,21,10:30,11:00,班,on_duty
US00025,2026-06-11,US202509090009,22,11:00,11:30,班,on_duty
US00025,2026-06-11,US202509090009,23,11:30,12:00,班,on_duty
US00025,2026-06-11,US202509090009,24,12:00,12:30,班,on_duty
US00025,2026-06-11,US202509090009,25,12:30,13:00,班,on_duty
US00025,2026-06-11,US202509090009,26,13:00,13:30,班,on_duty
US00025,2026-06-11,US202509090009,27,13:30,14:00,班,on_duty
US00025,2026-06-11,US202509230002,28,14:00,14:30,班,on_duty
US00025,2026-06-11,US202509230002,29,14:30,15:00,班,on_duty
US00025,2026-06-11,US202509230002,30,15:00,15:30,班,on_duty
US00025,2026-06-11,US202509230002,31,15:30,16:00,班,on_duty
US00025,2026-06-11,US202509230002,32,16:00,16:30,班,on_duty
US00025,2026-06-11,US202509230002,33,16:30,17:00,班,on_duty
US00025,2026-06-11,US202509230002,34,17:00,17:30,休,rest
US00025,2026-06-11,US202509230002,35,17:30,18:00,休,rest
US00025,2026-06-11,US202509230002,36,18:00,18:30,班,on_duty
US00025,2026-06-11,US202509230002,37,18:30,19:00,班,on_duty
US00025,2026-06-11,US202509230002,38,19:00,19:30,班,on_duty
US00025,2026-06-11,US202509230002,39,19:30,20:00,班,on_duty
US00025,2026-06-11,US202509230002,40,20:00,20:30,班,on_duty
US00025,2026-06-11,US202509230002,41,20:30,21:00,班,on_duty
US00025,2026-06-11,US202509230002,42,21:00,21:30,班,on_duty
US00025,2026-06-11,US202509230002,43,21:30,22:00,班,on_duty
US00025,2026-06-11,US202509230002,44,22:00,22:30,班,on_duty
US00025,2026-06-11,US202601130006,16,08:00,08:30,班,on_duty
US00025,2026-06-11,US202601130006,17,08:30,09:00,班,on_duty
US00025,2026-06-11,US202601130006,18,09:00,09:30,班,on_duty
US00025,2026-06-11,US202601130006,19,09:30,10:00,班,on_duty
US00025,2026-06-11,US202601130006,20,10:00,10:30,班,on_duty
US00025,2026-06-11,US202601130006,21,10:30,11:00,班,on_duty
US00025,2026-06-11,US202601130006,22,11:00,11:30,休,rest
US00025,2026-06-11,US202601130006,23,11:30,12:00,休,rest
US00025,2026-06-11,US202601130006,24,12:00,12:30,班,on_duty
US00025,2026-06-11,US202601130006,25,12:30,13:00,班,on_duty
US00025,2026-06-11,US202601130006,26,13:00,13:30,班,on_duty
US00025,2026-06-11,US202601130006,27,13:30,14:00,班,on_duty
US00025,2026-06-11,US202601130006,28,14:00,14:30,班,on_duty
US00025,2026-06-11,US202601130006,29,14:30,15:00,班,on_duty
US00025,2026-06-11,US202601130006,30,15:00,15:30,班,on_duty
US00025,2026-06-11,US202601130006,31,15:30,16:00,班,on_duty
US00025,2026-06-11,US202602180002,20,10:00,10:30,班,on_duty
US00025,2026-06-11,US202602180002,21,10:30,11:00,班,on_duty
US00025,2026-06-11,US202602180002,22,11:00,11:30,班,on_duty
US00025,2026-06-11,US202602180002,23,11:30,12:00,班,on_duty
US00025,2026-06-11,US202602180002,24,12:00,12:30,班,on_duty
US00025,2026-06-11,US202602180002,25,12:30,13:00,班,on_duty
US00025,2026-06-11,US202602180002,26,13:00,13:30,休,rest
US00025,2026-06-11,US202602180002,27,13:30,14:00,休,rest
US00025,2026-06-11,US202602180002,28,14:00,14:30,班,on_duty
US00025,2026-06-11,US202602180002,29,14:30,15:00,班,on_duty
US00025,2026-06-11,US202602180002,30,15:00,15:30,班,on_duty
US00025,2026-06-11,US202602180002,31,15:30,16:00,班,on_duty
US00025,2026-06-11,US202602180002,32,16:00,16:30,班,on_duty
US00025,2026-06-11,US202602180002,33,16:30,17:00,班,on_duty
US00025,2026-06-11,US202602180002,34,17:00,17:30,班,on_duty
US00025,2026-06-11,US202602180002,35,17:30,18:00,班,on_duty
US00025,2026-06-11,US202602180002,36,18:00,18:30,班,on_duty
US00025,2026-06-11,US202602180002,37,18:30,19:00,班,on_duty
US00025,2026-06-11,US202603100005,28,14:00,14:30,班,on_duty
US00025,2026-06-11,US202603100005,29,14:30,15:00,班,on_duty
US00025,2026-06-11,US202603100005,30,15:00,15:30,班,on_duty
US00025,2026-06-11,US202603100005,31,15:30,16:00,班,on_duty
US00025,2026-06-11,US202603100005,32,16:00,16:30,班,on_duty
US00025,2026-06-11,US202603100005,33,16:30,17:00,班,on_duty
US00025,2026-06-11,US202603100005,34,17:00,17:30,班,on_duty
US00025,2026-06-11,US202603100005,35,17:30,18:00,班,on_duty
US00025,2026-06-11,US202603100005,36,18:00,18:30,休,rest
US00025,2026-06-11,US202603100005,37,18:30,19:00,休,rest
US00025,2026-06-11,US202603100005,38,19:00,19:30,班,on_duty
US00025,2026-06-11,US202603100005,39,19:30,20:00,班,on_duty
US00025,2026-06-11,US202603100005,40,20:00,20:30,班,on_duty
US00025,2026-06-11,US202603100005,41,20:30,21:00,班,on_duty
US00025,2026-06-11,US202603100005,42,21:00,21:30,班,on_duty
US00025,2026-06-11,US202603100005,43,21:30,22:00,班,on_duty
US00025,2026-06-11,US202603100005,44,22:00,22:30,班,on_duty
US00025,2026-06-11,US202604160003,12,06:00,06:30,班,on_duty
US00025,2026-06-11,US202604160003,13,06:30,07:00,班,on_duty
US00025,2026-06-11,US202604160003,14,07:00,07:30,班,on_duty
US00025,2026-06-11,US202604160003,15,07:30,08:00,班,on_duty
US00025,2026-06-11,US202604160003,16,08:00,08:30,班,on_duty
US00025,2026-06-11,US202604160003,17,08:30,09:00,班,on_duty
US00025,2026-06-11,US202604160003,18,09:00,09:30,班,on_duty
US00025,2026-06-11,US202604160003,19,09:30,10:00,班,on_duty
US00025,2026-06-11,US202604160003,20,10:00,10:30,休,rest
US00025,2026-06-11,US202604160003,21,10:30,11:00,休,rest
US00025,2026-06-11,US202604160003,22,11:00,11:30,班,on_duty
US00025,2026-06-11,US202604160003,23,11:30,12:00,班,on_duty
US00025,2026-06-11,US202604160003,24,12:00,12:30,班,on_duty
US00025,2026-06-11,US202604160003,25,12:30,13:00,班,on_duty
US00025,2026-06-11,US202604160003,26,13:00,13:30,班,on_duty
US00025,2026-06-11,US202604160003,27,13:30,14:00,班,on_duty
US00025,2026-06-11,US202604160003,28,14:00,14:30,班,on_duty
US00025,2026-06-12,US202507090002,29,14:30,15:00,班,on_duty
US00025,2026-06-12,US202507090002,30,15:00,15:30,班,on_duty
US00025,2026-06-12,US202507090002,31,15:30,16:00,班,on_duty
US00025,2026-06-12,US202507090002,32,16:00,16:30,班,on_duty
US00025,2026-06-12,US202507090002,33,16:30,17:00,班,on_duty
US00025,2026-06-12,US202507090002,34,17:00,17:30,班,on_duty
US00025,2026-06-12,US202507090002,35,17:30,18:00,班,on_duty
US00025,2026-06-12,US202507090002,36,18:00,18:30,休,rest
US00025,2026-06-12,US202507090002,37,18:30,19:00,休,rest
US00025,2026-06-12,US202507090002,38,19:00,19:30,班,on_duty
US00025,2026-06-12,US202507090002,39,19:30,20:00,班,on_duty
US00025,2026-06-12,US202507090002,40,20:00,20:30,班,on_duty
US00025,2026-06-12,US202507090002,41,20:30,21:00,班,on_duty
US00025,2026-06-12,US202507090002,42,21:00,21:30,班,on_duty
US00025,2026-06-12,US202507090002,43,21:30,22:00,班,on_duty
US00025,2026-06-12,US202509020005,28,14:00,14:30,班,on_duty
US00025,2026-06-12,US202509020005,29,14:30,15:00,班,on_duty
US00025,2026-06-12,US202509020005,30,15:00,15:30,班,on_duty
US00025,2026-06-12,US202509020005,31,15:30,16:00,班,on_duty
US00025,2026-06-12,US202509020005,32,16:00,16:30,班,on_duty
US00025,2026-06-12,US202509020005,33,16:30,17:00,班,on_duty
US00025,2026-06-12,US202509020005,34,17:00,17:30,休,rest
US00025,2026-06-12,US202509020005,35,17:30,18:00,休,rest
US00025,2026-06-12,US202509020005,36,18:00,18:30,班,on_duty
US00025,2026-06-12,US202509020005,37,18:30,19:00,班,on_duty
US00025,2026-06-12,US202509020005,38,19:00,19:30,班,on_duty
US00025,2026-06-12,US202509020005,39,19:30,20:00,班,on_duty
US00025,2026-06-12,US202509020005,40,20:00,20:30,班,on_duty
US00025,2026-06-12,US202509020005,41,20:30,21:00,班,on_duty
US00025,2026-06-12,US202509020005,42,21:00,21:30,班,on_duty
US00025,2026-06-12,US202509020005,43,21:30,22:00,班,on_duty
US00025,2026-06-12,US202509090009,12,06:00,06:30,班,on_duty
US00025,2026-06-12,US202509090009,13,06:30,07:00,班,on_duty
US00025,2026-06-12,US202509090009,14,07:00,07:30,班,on_duty
US00025,2026-06-12,US202509090009,15,07:30,08:00,班,on_duty
US00025,2026-06-12,US202509090009,16,08:00,08:30,休,rest
US00025,2026-06-12,US202509090009,17,08:30,09:00,休,rest
US00025,2026-06-12,US202509090009,18,09:00,09:30,班,on_duty
US00025,2026-06-12,US202509090009,19,09:30,10:00,班,on_duty
US00025,2026-06-12,US202509090009,20,10:00,10:30,班,on_duty
US00025,2026-06-12,US202509090009,21,10:30,11:00,班,on_duty
US00025,2026-06-12,US202509090009,22,11:00,11:30,班,on_duty
US00025,2026-06-12,US202509090009,23,11:30,12:00,班,on_duty
US00025,2026-06-12,US202509090009,24,12:00,12:30,班,on_duty
US00025,2026-06-12,US202509090009,25,12:30,13:00,班,on_duty
US00025,2026-06-12,US202509090009,26,13:00,13:30,班,on_duty
US00025,2026-06-12,US202509090009,27,13:30,14:00,班,on_duty
US00025,2026-06-12,US202601130006,16,08:00,08:30,班,on_duty
US00025,2026-06-12,US202601130006,17,08:30,09:00,班,on_duty
US00025,2026-06-12,US202601130006,18,09:00,09:30,班,on_duty
US00025,2026-06-12,US202601130006,19,09:30,10:00,班,on_duty
US00025,2026-06-12,US202601130006,20,10:00,10:30,班,on_duty
US00025,2026-06-12,US202601130006,21,10:30,11:00,班,on_duty
US00025,2026-06-12,US202601130006,22,11:00,11:30,班,on_duty
US00025,2026-06-12,US202601130006,23,11:30,12:00,班,on_duty
US00025,2026-06-12,US202601130006,24,12:00,12:30,班,on_duty
US00025,2026-06-12,US202601130006,25,12:30,13:00,班,on_duty
US00025,2026-06-12,US202602180002,30,15:00,15:30,班,on_duty
US00025,2026-06-12,US202602180002,31,15:30,16:00,班,on_duty
US00025,2026-06-12,US202602180002,32,16:00,16:30,班,on_duty
US00025,2026-06-12,US202602180002,33,16:30,17:00,班,on_duty
US00025,2026-06-12,US202602180002,34,17:00,17:30,休,rest
US00025,2026-06-12,US202602180002,35,17:30,18:00,休,rest
US00025,2026-06-12,US202602180002,36,18:00,18:30,班,on_duty
US00025,2026-06-12,US202602180002,37,18:30,19:00,班,on_duty
US00025,2026-06-12,US202602180002,38,19:00,19:30,班,on_duty
US00025,2026-06-12,US202602180002,39,19:30,20:00,班,on_duty
US00025,2026-06-12,US202602180002,40,20:00,20:30,班,on_duty
US00025,2026-06-12,US202602180002,41,20:30,21:00,班,on_duty
US00025,2026-06-12,US202602180002,42,21:00,21:30,班,on_duty
US00025,2026-06-12,US202602180002,43,21:30,22:00,班,on_duty
US00025,2026-06-12,US202604020008,20,10:00,10:30,班,on_duty
US00025,2026-06-12,US202604020008,21,10:30,11:00,班,on_duty
US00025,2026-06-12,US202604020008,22,11:00,11:30,班,on_duty
US00025,2026-06-12,US202604020008,23,11:30,12:00,班,on_duty
US00025,2026-06-12,US202604020008,24,12:00,12:30,班,on_duty
US00025,2026-06-12,US202604020008,25,12:30,13:00,班,on_duty
US00025,2026-06-12,US202604020008,26,13:00,13:30,休,rest
US00025,2026-06-12,US202604020008,27,13:30,14:00,休,rest
US00025,2026-06-12,US202604020008,28,14:00,14:30,班,on_duty
US00025,2026-06-12,US202604020008,29,14:30,15:00,班,on_duty
US00025,2026-06-12,US202604020008,30,15:00,15:30,班,on_duty
US00025,2026-06-12,US202604020008,31,15:30,16:00,班,on_duty
US00025,2026-06-12,US202604020008,32,16:00,16:30,班,on_duty
US00025,2026-06-12,US202604020008,33,16:30,17:00,班,on_duty
US00025,2026-06-12,US202604020008,34,17:00,17:30,班,on_duty
US00025,2026-06-12,US202604020008,35,17:30,18:00,班,on_duty
US00025,2026-06-12,US202604160003,12,06:00,06:30,班,on_duty
US00025,2026-06-12,US202604160003,13,06:30,07:00,班,on_duty
US00025,2026-06-12,US202604160003,14,07:00,07:30,班,on_duty
US00025,2026-06-12,US202604160003,15,07:30,08:00,班,on_duty
US00025,2026-06-12,US202604160003,16,08:00,08:30,班,on_duty
US00025,2026-06-12,US202604160003,17,08:30,09:00,班,on_duty
US00025,2026-06-12,US202604160003,18,09:00,09:30,休,rest
US00025,2026-06-12,US202604160003,19,09:30,10:00,休,rest
US00025,2026-06-12,US202604160003,20,10:00,10:30,班,on_duty
US00025,2026-06-12,US202604160003,21,10:30,11:00,班,on_duty
US00025,2026-06-12,US202604160003,22,11:00,11:30,班,on_duty
US00025,2026-06-12,US202604160003,23,11:30,12:00,班,on_duty
US00025,2026-06-12,US202604160003,24,12:00,12:30,班,on_duty
US00025,2026-06-12,US202604160003,25,12:30,13:00,班,on_duty
US00025,2026-06-12,US202604160003,26,13:00,13:30,班,on_duty
US00025,2026-06-12,US202604160003,27,13:30,14:00,班,on_duty
US00025,2026-06-13,US202507090002,29,14:30,15:00,班,on_duty
US00025,2026-06-13,US202507090002,30,15:00,15:30,班,on_duty
US00025,2026-06-13,US202507090002,31,15:30,16:00,班,on_duty
US00025,2026-06-13,US202507090002,32,16:00,16:30,班,on_duty
US00025,2026-06-13,US202507090002,33,16:30,17:00,班,on_duty
US00025,2026-06-13,US202507090002,34,17:00,17:30,班,on_duty
US00025,2026-06-13,US202507090002,35,17:30,18:00,班,on_duty
US00025,2026-06-13,US202507090002,36,18:00,18:30,休,rest
US00025,2026-06-13,US202507090002,37,18:30,19:00,休,rest
US00025,2026-06-13,US202507090002,38,19:00,19:30,班,on_duty
US00025,2026-06-13,US202507090002,39,19:30,20:00,班,on_duty
US00025,2026-06-13,US202507090002,40,20:00,20:30,班,on_duty
US00025,2026-06-13,US202507090002,41,20:30,21:00,班,on_duty
US00025,2026-06-13,US202507090002,42,21:00,21:30,班,on_duty
US00025,2026-06-13,US202507090002,43,21:30,22:00,班,on_duty
US00025,2026-06-13,US202509020005,28,14:00,14:30,班,on_duty
US00025,2026-06-13,US202509020005,29,14:30,15:00,班,on_duty
US00025,2026-06-13,US202509020005,30,15:00,15:30,班,on_duty
US00025,2026-06-13,US202509020005,31,15:30,16:00,班,on_duty
US00025,2026-06-13,US202509020005,32,16:00,16:30,休,rest
US00025,2026-06-13,US202509020005,33,16:30,17:00,休,rest
US00025,2026-06-13,US202509020005,34,17:00,17:30,班,on_duty
US00025,2026-06-13,US202509020005,35,17:30,18:00,班,on_duty
US00025,2026-06-13,US202509020005,36,18:00,18:30,班,on_duty
US00025,2026-06-13,US202509020005,37,18:30,19:00,班,on_duty
US00025,2026-06-13,US202509020005,38,19:00,19:30,班,on_duty
US00025,2026-06-13,US202509020005,39,19:30,20:00,班,on_duty
US00025,2026-06-13,US202509020005,40,20:00,20:30,班,on_duty
US00025,2026-06-13,US202509020005,41,20:30,21:00,班,on_duty
US00025,2026-06-13,US202509020005,42,21:00,21:30,班,on_duty
US00025,2026-06-13,US202509020005,43,21:30,22:00,班,on_duty
US00025,2026-06-13,US202509230002,12,06:00,06:30,班,on_duty
US00025,2026-06-13,US202509230002,13,06:30,07:00,班,on_duty
US00025,2026-06-13,US202509230002,14,07:00,07:30,班,on_duty
US00025,2026-06-13,US202509230002,15,07:30,08:00,班,on_duty
US00025,2026-06-13,US202509230002,16,08:00,08:30,班,on_duty
US00025,2026-06-13,US202509230002,17,08:30,09:00,班,on_duty
US00025,2026-06-13,US202509230002,18,09:00,09:30,休,rest
US00025,2026-06-13,US202509230002,19,09:30,10:00,休,rest
US00025,2026-06-13,US202509230002,20,10:00,10:30,班,on_duty
US00025,2026-06-13,US202509230002,21,10:30,11:00,班,on_duty
US00025,2026-06-13,US202509230002,22,11:00,11:30,班,on_duty
US00025,2026-06-13,US202509230002,23,11:30,12:00,班,on_duty
US00025,2026-06-13,US202509230002,24,12:00,12:30,班,on_duty
US00025,2026-06-13,US202509230002,25,12:30,13:00,班,on_duty
US00025,2026-06-13,US202509230002,26,13:00,13:30,班,on_duty
US00025,2026-06-13,US202509230002,27,13:30,14:00,班,on_duty
US00025,2026-06-13,US202510280002,12,06:00,06:30,班,on_duty
US00025,2026-06-13,US202510280002,13,06:30,07:00,班,on_duty
US00025,2026-06-13,US202510280002,14,07:00,07:30,班,on_duty
US00025,2026-06-13,US202510280002,15,07:30,08:00,班,on_duty
US00025,2026-06-13,US202510280002,16,08:00,08:30,班,on_duty
US00025,2026-06-13,US202510280002,17,08:30,09:00,班,on_duty
US00025,2026-06-13,US202510280002,18,09:00,09:30,班,on_duty
US00025,2026-06-13,US202510280002,19,09:30,10:00,班,on_duty
US00025,2026-06-13,US202510280002,20,10:00,10:30,休,rest
US00025,2026-06-13,US202510280002,21,10:30,11:00,休,rest
US00025,2026-06-13,US202510280002,22,11:00,11:30,班,on_duty
US00025,2026-06-13,US202510280002,23,11:30,12:00,班,on_duty
US00025,2026-06-13,US202510280002,24,12:00,12:30,班,on_duty
US00025,2026-06-13,US202510280002,25,12:30,13:00,班,on_duty
US00025,2026-06-13,US202510280002,26,13:00,13:30,班,on_duty
US00025,2026-06-13,US202601130006,16,08:00,08:30,班,on_duty
US00025,2026-06-13,US202601130006,17,08:30,09:00,班,on_duty
US00025,2026-06-13,US202601130006,18,09:00,09:30,班,on_duty
US00025,2026-06-13,US202601130006,19,09:30,10:00,班,on_duty
US00025,2026-06-13,US202601130006,20,10:00,10:30,班,on_duty
US00025,2026-06-13,US202601130006,21,10:30,11:00,班,on_duty
US00025,2026-06-13,US202601130006,22,11:00,11:30,休,rest
US00025,2026-06-13,US202601130006,23,11:30,12:00,休,rest
US00025,2026-06-13,US202601130006,24,12:00,12:30,班,on_duty
US00025,2026-06-13,US202601130006,25,12:30,13:00,班,on_duty
US00025,2026-06-13,US202601130006,26,13:00,13:30,班,on_duty
US00025,2026-06-13,US202601130006,27,13:30,14:00,班,on_duty
US00025,2026-06-13,US202601130006,28,14:00,14:30,班,on_duty
US00025,2026-06-13,US202601130006,29,14:30,15:00,班,on_duty
US00025,2026-06-13,US202601130006,30,15:00,15:30,班,on_duty
US00025,2026-06-13,US202601130006,31,15:30,16:00,班,on_duty
US00025,2026-06-13,US202602180002,20,10:00,10:30,班,on_duty
US00025,2026-06-13,US202602180002,21,10:30,11:00,班,on_duty
US00025,2026-06-13,US202602180002,22,11:00,11:30,班,on_duty
US00025,2026-06-13,US202602180002,23,11:30,12:00,班,on_duty
US00025,2026-06-13,US202602180002,24,12:00,12:30,班,on_duty
US00025,2026-06-13,US202602180002,25,12:30,13:00,班,on_duty
US00025,2026-06-13,US202602180002,26,13:00,13:30,休,rest
US00025,2026-06-13,US202602180002,27,13:30,14:00,休,rest
US00025,2026-06-13,US202602180002,28,14:00,14:30,班,on_duty
US00025,2026-06-13,US202602180002,29,14:30,15:00,班,on_duty
US00025,2026-06-13,US202602180002,30,15:00,15:30,班,on_duty
US00025,2026-06-13,US202602180002,31,15:30,16:00,班,on_duty
US00025,2026-06-13,US202602180002,32,16:00,16:30,班,on_duty
US00025,2026-06-13,US202602180002,33,16:30,17:00,班,on_duty
US00025,2026-06-13,US202602180002,34,17:00,17:30,班,on_duty
US00025,2026-06-13,US202602180002,35,17:30,18:00,班,on_duty
US00025,2026-06-13,US202603100005,29,14:30,15:00,班,on_duty
US00025,2026-06-13,US202603100005,30,15:00,15:30,班,on_duty
US00025,2026-06-13,US202603100005,31,15:30,16:00,班,on_duty
US00025,2026-06-13,US202603100005,32,16:00,16:30,班,on_duty
US00025,2026-06-13,US202603100005,33,16:30,17:00,班,on_duty
US00025,2026-06-13,US202603100005,34,17:00,17:30,休,rest
US00025,2026-06-13,US202603100005,35,17:30,18:00,休,rest
US00025,2026-06-13,US202603100005,36,18:00,18:30,班,on_duty
US00025,2026-06-13,US202603100005,37,18:30,19:00,班,on_duty
US00025,2026-06-13,US202603100005,38,19:00,19:30,班,on_duty
US00025,2026-06-13,US202603100005,39,19:30,20:00,班,on_duty
US00025,2026-06-13,US202603100005,40,20:00,20:30,班,on_duty
US00025,2026-06-13,US202603100005,41,20:30,21:00,班,on_duty
US00025,2026-06-13,US202603100005,42,21:00,21:30,班,on_duty
US00025,2026-06-13,US202603100005,43,21:30,22:00,班,on_duty
US00025,2026-06-13,US202604020008,18,09:00,09:30,班,on_duty
US00025,2026-06-13,US202604020008,19,09:30,10:00,班,on_duty
US00025,2026-06-13,US202604020008,20,10:00,10:30,班,on_duty
US00025,2026-06-13,US202604020008,21,10:30,11:00,班,on_duty
US00025,2026-06-13,US202604020008,22,11:00,11:30,班,on_duty
US00025,2026-06-13,US202604020008,23,11:30,12:00,班,on_duty
US00025,2026-06-13,US202604020008,24,12:00,12:30,休,rest
US00025,2026-06-13,US202604020008,25,12:30,13:00,休,rest
US00025,2026-06-13,US202604020008,26,13:00,13:30,班,on_duty
US00025,2026-06-13,US202604020008,27,13:30,14:00,班,on_duty
US00025,2026-06-13,US202604020008,28,14:00,14:30,班,on_duty
US00025,2026-06-13,US202604020008,29,14:30,15:00,班,on_duty
US00025,2026-06-13,US202604020008,30,15:00,15:30,班,on_duty
US00025,2026-06-13,US202604020008,31,15:30,16:00,班,on_duty
US00025,2026-06-13,US202604020008,32,16:00,16:30,班,on_duty
US00025,2026-06-13,US202604020008,33,16:30,17:00,班,on_duty
US00025,2026-06-14,US202507090002,28,14:00,14:30,班,on_duty
US00025,2026-06-14,US202507090002,29,14:30,15:00,班,on_duty
US00025,2026-06-14,US202507090002,30,15:00,15:30,班,on_duty
US00025,2026-06-14,US202507090002,31,15:30,16:00,班,on_duty
US00025,2026-06-14,US202507090002,32,16:00,16:30,班,on_duty
US00025,2026-06-14,US202507090002,33,16:30,17:00,班,on_duty
US00025,2026-06-14,US202507090002,34,17:00,17:30,休,rest
US00025,2026-06-14,US202507090002,35,17:30,18:00,休,rest
US00025,2026-06-14,US202507090002,36,18:00,18:30,班,on_duty
US00025,2026-06-14,US202507090002,37,18:30,19:00,班,on_duty
US00025,2026-06-14,US202507090002,38,19:00,19:30,班,on_duty
US00025,2026-06-14,US202507090002,39,19:30,20:00,班,on_duty
US00025,2026-06-14,US202507090002,40,20:00,20:30,班,on_duty
US00025,2026-06-14,US202507090002,41,20:30,21:00,班,on_duty
US00025,2026-06-14,US202507090002,42,21:00,21:30,班,on_duty
US00025,2026-06-14,US202507090002,43,21:30,22:00,班,on_duty
US00025,2026-06-14,US202507090002,44,22:00,22:30,班,on_duty
US00025,2026-06-14,US202509230002,16,08:00,08:30,班,on_duty
US00025,2026-06-14,US202509230002,17,08:30,09:00,班,on_duty
US00025,2026-06-14,US202509230002,18,09:00,09:30,班,on_duty
US00025,2026-06-14,US202509230002,19,09:30,10:00,班,on_duty
US00025,2026-06-14,US202509230002,20,10:00,10:30,班,on_duty
US00025,2026-06-14,US202509230002,21,10:30,11:00,班,on_duty
US00025,2026-06-14,US202509230002,22,11:00,11:30,休,rest
US00025,2026-06-14,US202509230002,23,11:30,12:00,休,rest
US00025,2026-06-14,US202509230002,24,12:00,12:30,班,on_duty
US00025,2026-06-14,US202509230002,25,12:30,13:00,班,on_duty
US00025,2026-06-14,US202509230002,26,13:00,13:30,班,on_duty
US00025,2026-06-14,US202509230002,27,13:30,14:00,班,on_duty
US00025,2026-06-14,US202509230002,28,14:00,14:30,班,on_duty
US00025,2026-06-14,US202509230002,29,14:30,15:00,班,on_duty
US00025,2026-06-14,US202509230002,30,15:00,15:30,班,on_duty
US00025,2026-06-14,US202509230002,31,15:30,16:00,班,on_duty
US00025,2026-06-14,US202509230002,32,16:00,16:30,班,on_duty
US00025,2026-06-14,US202509230002,33,16:30,17:00,班,on_duty
US00025,2026-06-14,US202510280002,12,06:00,06:30,班,on_duty
US00025,2026-06-14,US202510280002,13,06:30,07:00,班,on_duty
US00025,2026-06-14,US202510280002,14,07:00,07:30,班,on_duty
US00025,2026-06-14,US202510280002,15,07:30,08:00,班,on_duty
US00025,2026-06-14,US202510280002,16,08:00,08:30,班,on_duty
US00025,2026-06-14,US202510280002,17,08:30,09:00,班,on_duty
US00025,2026-06-14,US202510280002,18,09:00,09:30,休,rest
US00025,2026-06-14,US202510280002,19,09:30,10:00,休,rest
US00025,2026-06-14,US202510280002,20,10:00,10:30,班,on_duty
US00025,2026-06-14,US202510280002,21,10:30,11:00,班,on_duty
US00025,2026-06-14,US202510280002,22,11:00,11:30,班,on_duty
US00025,2026-06-14,US202510280002,23,11:30,12:00,班,on_duty
US00025,2026-06-14,US202510280002,24,12:00,12:30,班,on_duty
US00025,2026-06-14,US202510280002,25,12:30,13:00,班,on_duty
US00025,2026-06-14,US202510280002,26,13:00,13:30,班,on_duty
US00025,2026-06-14,US202601130006,12,06:00,06:30,班,on_duty
US00025,2026-06-14,US202601130006,13,06:30,07:00,班,on_duty
US00025,2026-06-14,US202601130006,14,07:00,07:30,班,on_duty
US00025,2026-06-14,US202601130006,15,07:30,08:00,班,on_duty
US00025,2026-06-14,US202601130006,16,08:00,08:30,班,on_duty
US00025,2026-06-14,US202601130006,17,08:30,09:00,班,on_duty
US00025,2026-06-14,US202601130006,18,09:00,09:30,班,on_duty
US00025,2026-06-14,US202601130006,19,09:30,10:00,班,on_duty
US00025,2026-06-14,US202601130006,20,10:00,10:30,休,rest
US00025,2026-06-14,US202601130006,21,10:30,11:00,休,rest
US00025,2026-06-14,US202601130006,22,11:00,11:30,班,on_duty
US00025,2026-06-14,US202601130006,23,11:30,12:00,班,on_duty
US00025,2026-06-14,US202601130006,24,12:00,12:30,班,on_duty
US00025,2026-06-14,US202601130006,25,12:30,13:00,班,on_duty
US00025,2026-06-14,US202601130006,26,13:00,13:30,班,on_duty
US00025,2026-06-14,US202601130006,27,13:30,14:00,班,on_duty
US00025,2026-06-14,US202601130006,28,14:00,14:30,班,on_duty
US00025,2026-06-14,US202603100005,28,14:00,14:30,班,on_duty
US00025,2026-06-14,US202603100005,29,14:30,15:00,班,on_duty
US00025,2026-06-14,US202603100005,30,15:00,15:30,班,on_duty
US00025,2026-06-14,US202603100005,31,15:30,16:00,班,on_duty
US00025,2026-06-14,US202603100005,32,16:00,16:30,班,on_duty
US00025,2026-06-14,US202603100005,33,16:30,17:00,班,on_duty
US00025,2026-06-14,US202603100005,34,17:00,17:30,班,on_duty
US00025,2026-06-14,US202603100005,35,17:30,18:00,班,on_duty
US00025,2026-06-14,US202603100005,36,18:00,18:30,休,rest
US00025,2026-06-14,US202603100005,37,18:30,19:00,休,rest
US00025,2026-06-14,US202603100005,38,19:00,19:30,班,on_duty
US00025,2026-06-14,US202603100005,39,19:30,20:00,班,on_duty
US00025,2026-06-14,US202603100005,40,20:00,20:30,班,on_duty
US00025,2026-06-14,US202603100005,41,20:30,21:00,班,on_duty
US00025,2026-06-14,US202603100005,42,21:00,21:30,班,on_duty
US00025,2026-06-14,US202603100005,43,21:30,22:00,班,on_duty
US00025,2026-06-14,US202603100005,44,22:00,22:30,班,on_duty
US00025,2026-06-14,US202604160003,20,10:00,10:30,班,on_duty
US00025,2026-06-14,US202604160003,21,10:30,11:00,班,on_duty
US00025,2026-06-14,US202604160003,22,11:00,11:30,班,on_duty
US00025,2026-06-14,US202604160003,23,11:30,12:00,班,on_duty
US00025,2026-06-14,US202604160003,24,12:00,12:30,休,rest
US00025,2026-06-14,US202604160003,25,12:30,13:00,休,rest
US00025,2026-06-14,US202604160003,26,13:00,13:30,班,on_duty
US00025,2026-06-14,US202604160003,27,13:30,14:00,班,on_duty
US00025,2026-06-14,US202604160003,28,14:00,14:30,班,on_duty
US00025,2026-06-14,US202604160003,29,14:30,15:00,班,on_duty
US00025,2026-06-14,US202604160003,30,15:00,15:30,班,on_duty
US00025,2026-06-14,US202604160003,31,15:30,16:00,班,on_duty
US00025,2026-06-14,US202604160003,32,16:00,16:30,班,on_duty
US00025,2026-06-14,US202604160003,33,16:30,17:00,班,on_duty
US00025,2026-06-14,US202604160003,34,17:00,17:30,班,on_duty
US00025,2026-06-14,US202604160003,35,17:30,18:00,班,on_duty
US00025,2026-06-14,US202604160003,36,18:00,18:30,班,on_duty
US00025,2026-06-14,US202604160003,37,18:30,19:00,班,on_duty
US00027,2026-06-08,US202506160001,21,10:30,11:00,班,on_duty
US00027,2026-06-08,US202506160001,22,11:00,11:30,班,on_duty
US00027,2026-06-08,US202506160001,23,11:30,12:00,班,on_duty
US00027,2026-06-08,US202506160001,24,12:00,12:30,班,on_duty
US00027,2026-06-08,US202506160001,25,12:30,13:00,班,on_duty
US00027,2026-06-08,US202506160001,26,13:00,13:30,班,on_duty
US00027,2026-06-08,US202506160001,27,13:30,14:00,班,on_duty
US00027,2026-06-08,US202506160001,28,14:00,14:30,休,rest
US00027,2026-06-08,US202506160001,29,14:30,15:00,班,on_duty
US00027,2026-06-08,US202506160001,30,15:00,15:30,班,on_duty
US00027,2026-06-08,US202506160001,31,15:30,16:00,班,on_duty
US00027,2026-06-08,US202506160001,32,16:00,16:30,班,on_duty
US00027,2026-06-08,US202506160001,33,16:30,17:00,班,on_duty
US00027,2026-06-08,US202506160001,34,17:00,17:30,班,on_duty
US00027,2026-06-08,US202506160001,35,17:30,18:00,班,on_duty
US00027,2026-06-08,US202509300009,28,14:00,14:30,班,on_duty
US00027,2026-06-08,US202509300009,29,14:30,15:00,班,on_duty
US00027,2026-06-08,US202509300009,30,15:00,15:30,班,on_duty
US00027,2026-06-08,US202509300009,31,15:30,16:00,班,on_duty
US00027,2026-06-08,US202509300009,32,16:00,16:30,班,on_duty
US00027,2026-06-08,US202509300009,33,16:30,17:00,班,on_duty
US00027,2026-06-08,US202509300009,34,17:00,17:30,休,rest
US00027,2026-06-08,US202509300009,35,17:30,18:00,休,rest
US00027,2026-06-08,US202509300009,36,18:00,18:30,班,on_duty
US00027,2026-06-08,US202509300009,37,18:30,19:00,班,on_duty
US00027,2026-06-08,US202509300009,38,19:00,19:30,班,on_duty
US00027,2026-06-08,US202509300009,39,19:30,20:00,班,on_duty
US00027,2026-06-08,US202509300009,40,20:00,20:30,班,on_duty
US00027,2026-06-08,US202509300009,41,20:30,21:00,班,on_duty
US00027,2026-06-08,US202509300009,42,21:00,21:30,班,on_duty
US00027,2026-06-08,US202509300009,43,21:30,22:00,班,on_duty
US00027,2026-06-08,US202509300009,44,22:00,22:30,班,on_duty
US00027,2026-06-08,US202512020002,16,08:00,08:30,班,on_duty
US00027,2026-06-08,US202512020002,17,08:30,09:00,班,on_duty
US00027,2026-06-08,US202512020002,18,09:00,09:30,班,on_duty
US00027,2026-06-08,US202512020002,19,09:30,10:00,班,on_duty
US00027,2026-06-08,US202512020002,20,10:00,10:30,班,on_duty
US00027,2026-06-08,US202512020002,21,10:30,11:00,班,on_duty
US00027,2026-06-08,US202512020002,22,11:00,11:30,休,rest
US00027,2026-06-08,US202512020002,23,11:30,12:00,休,rest
US00027,2026-06-08,US202512020002,24,12:00,12:30,班,on_duty
US00027,2026-06-08,US202512020002,25,12:30,13:00,班,on_duty
US00027,2026-06-08,US202512020002,26,13:00,13:30,班,on_duty
US00027,2026-06-08,US202512020002,27,13:30,14:00,班,on_duty
US00027,2026-06-08,US202512020002,28,14:00,14:30,班,on_duty
US00027,2026-06-08,US202512020002,29,14:30,15:00,班,on_duty
US00027,2026-06-08,US202512020002,30,15:00,15:30,班,on_duty
US00027,2026-06-08,US202512020002,31,15:30,16:00,班,on_duty
US00027,2026-06-08,US202512170008,12,06:00,06:30,班,on_duty
US00027,2026-06-08,US202512170008,13,06:30,07:00,班,on_duty
US00027,2026-06-08,US202512170008,14,07:00,07:30,班,on_duty
US00027,2026-06-08,US202512170008,15,07:30,08:00,班,on_duty
US00027,2026-06-08,US202512170008,16,08:00,08:30,班,on_duty
US00027,2026-06-08,US202512170008,17,08:30,09:00,班,on_duty
US00027,2026-06-08,US202512170008,18,09:00,09:30,休,rest
US00027,2026-06-08,US202512170008,19,09:30,10:00,休,rest
US00027,2026-06-08,US202512170008,20,10:00,10:30,班,on_duty
US00027,2026-06-08,US202512170008,21,10:30,11:00,班,on_duty
US00027,2026-06-08,US202512170008,22,11:00,11:30,班,on_duty
US00027,2026-06-08,US202512170008,23,11:30,12:00,班,on_duty
US00027,2026-06-08,US202512170008,24,12:00,12:30,班,on_duty
US00027,2026-06-08,US202512170008,25,12:30,13:00,班,on_duty
US00027,2026-06-08,US202512170008,26,13:00,13:30,班,on_duty
US00027,2026-06-08,US202512170008,27,13:30,14:00,班,on_duty
US00027,2026-06-08,US202512170008,28,14:00,14:30,班,on_duty
US00027,2026-06-08,US202603260002,28,14:00,14:30,班,on_duty
US00027,2026-06-08,US202603260002,29,14:30,15:00,班,on_duty
US00027,2026-06-08,US202603260002,30,15:00,15:30,班,on_duty
US00027,2026-06-08,US202603260002,31,15:30,16:00,班,on_duty
US00027,2026-06-08,US202603260002,32,16:00,16:30,班,on_duty
US00027,2026-06-08,US202603260002,33,16:30,17:00,班,on_duty
US00027,2026-06-08,US202603260002,34,17:00,17:30,班,on_duty
US00027,2026-06-08,US202603260002,35,17:30,18:00,休,rest
US00027,2026-06-08,US202603260002,36,18:00,18:30,休,rest
US00027,2026-06-08,US202603260002,37,18:30,19:00,班,on_duty
US00027,2026-06-08,US202603260002,38,19:00,19:30,班,on_duty
US00027,2026-06-08,US202603260002,39,19:30,20:00,班,on_duty
US00027,2026-06-08,US202603260002,40,20:00,20:30,班,on_duty
US00027,2026-06-08,US202603260002,41,20:30,21:00,班,on_duty
US00027,2026-06-08,US202603260002,42,21:00,21:30,班,on_duty
US00027,2026-06-08,US202603260002,43,21:30,22:00,班,on_duty
US00027,2026-06-08,US202603260002,44,22:00,22:30,班,on_duty
US00027,2026-06-08,US202605120005,30,15:00,15:30,班,on_duty
US00027,2026-06-08,US202605120005,31,15:30,16:00,班,on_duty
US00027,2026-06-08,US202605120005,32,16:00,16:30,班,on_duty
US00027,2026-06-08,US202605120005,33,16:30,17:00,班,on_duty
US00027,2026-06-08,US202605120005,34,17:00,17:30,班,on_duty
US00027,2026-06-08,US202605120005,35,17:30,18:00,班,on_duty
US00027,2026-06-08,US202605120005,36,18:00,18:30,班,on_duty
US00027,2026-06-08,US202605120005,37,18:30,19:00,休,rest
US00027,2026-06-08,US202605120005,38,19:00,19:30,休,rest
US00027,2026-06-08,US202605120005,39,19:30,20:00,班,on_duty
US00027,2026-06-08,US202605120005,40,20:00,20:30,班,on_duty
US00027,2026-06-08,US202605120005,41,20:30,21:00,班,on_duty
US00027,2026-06-08,US202605120005,42,21:00,21:30,班,on_duty
US00027,2026-06-08,US202605120005,43,21:30,22:00,班,on_duty
US00027,2026-06-08,US202605120005,44,22:00,22:30,班,on_duty
US00027,2026-06-08,US202605120009,12,06:00,06:30,班,on_duty
US00027,2026-06-08,US202605120009,13,06:30,07:00,班,on_duty
US00027,2026-06-08,US202605120009,14,07:00,07:30,班,on_duty
US00027,2026-06-08,US202605120009,15,07:30,08:00,班,on_duty
US00027,2026-06-08,US202605120009,16,08:00,08:30,班,on_duty
US00027,2026-06-08,US202605120009,17,08:30,09:00,班,on_duty
US00027,2026-06-08,US202605120009,18,09:00,09:30,班,on_duty
US00027,2026-06-08,US202605120009,19,09:30,10:00,休,rest
US00027,2026-06-08,US202605120009,20,10:00,10:30,休,rest
US00027,2026-06-08,US202605120009,21,10:30,11:00,班,on_duty
US00027,2026-06-08,US202605120009,22,11:00,11:30,班,on_duty
US00027,2026-06-08,US202605120009,23,11:30,12:00,班,on_duty
US00027,2026-06-08,US202605120009,24,12:00,12:30,班,on_duty
US00027,2026-06-08,US202605120009,25,12:30,13:00,班,on_duty
US00027,2026-06-08,US202605120009,26,13:00,13:30,班,on_duty
US00027,2026-06-08,US202605120009,27,13:30,14:00,班,on_duty
US00027,2026-06-08,US202605120009,28,14:00,14:30,班,on_duty
US00027,2026-06-09,US202506180001,18,09:00,09:30,班,on_duty
US00027,2026-06-09,US202506180001,19,09:30,10:00,班,on_duty
US00027,2026-06-09,US202506180001,20,10:00,10:30,班,on_duty
US00027,2026-06-09,US202506180001,21,10:30,11:00,班,on_duty
US00027,2026-06-09,US202506180001,22,11:00,11:30,班,on_duty
US00027,2026-06-09,US202506180001,23,11:30,12:00,班,on_duty
US00027,2026-06-09,US202506180001,24,12:00,12:30,班,on_duty
US00027,2026-06-09,US202506180001,25,12:30,13:00,休,rest
US00027,2026-06-09,US202506180001,26,13:00,13:30,班,on_duty
US00027,2026-06-09,US202506180001,27,13:30,14:00,班,on_duty
US00027,2026-06-09,US202506180001,28,14:00,14:30,班,on_duty
US00027,2026-06-09,US202506180001,29,14:30,15:00,班,on_duty
US00027,2026-06-09,US202506180001,30,15:00,15:30,班,on_duty
US00027,2026-06-09,US202506180001,31,15:30,16:00,班,on_duty
US00027,2026-06-09,US202506180001,32,16:00,16:30,班,on_duty
US00027,2026-06-09,US202506180001,33,16:30,17:00,班,on_duty
US00027,2026-06-09,US202509300009,28,14:00,14:30,班,on_duty
US00027,2026-06-09,US202509300009,29,14:30,15:00,班,on_duty
US00027,2026-06-09,US202509300009,30,15:00,15:30,班,on_duty
US00027,2026-06-09,US202509300009,31,15:30,16:00,班,on_duty
US00027,2026-06-09,US202509300009,32,16:00,16:30,班,on_duty
US00027,2026-06-09,US202509300009,33,16:30,17:00,班,on_duty
US00027,2026-06-09,US202509300009,34,17:00,17:30,班,on_duty
US00027,2026-06-09,US202509300009,35,17:30,18:00,班,on_duty
US00027,2026-06-09,US202509300009,36,18:00,18:30,班,on_duty
US00027,2026-06-09,US202509300009,37,18:30,19:00,休,rest
US00027,2026-06-09,US202509300009,38,19:00,19:30,休,rest
US00027,2026-06-09,US202509300009,39,19:30,20:00,班,on_duty
US00027,2026-06-09,US202509300009,40,20:00,20:30,班,on_duty
US00027,2026-06-09,US202509300009,41,20:30,21:00,班,on_duty
US00027,2026-06-09,US202509300009,42,21:00,21:30,班,on_duty
US00027,2026-06-09,US202509300009,43,21:30,22:00,班,on_duty
US00027,2026-06-09,US202509300009,44,22:00,22:30,班,on_duty
US00027,2026-06-09,US202511180004,12,06:00,06:30,班,on_duty
US00027,2026-06-09,US202511180004,13,06:30,07:00,班,on_duty
US00027,2026-06-09,US202511180004,14,07:00,07:30,班,on_duty
US00027,2026-06-09,US202511180004,15,07:30,08:00,班,on_duty
US00027,2026-06-09,US202511180004,16,08:00,08:30,班,on_duty
US00027,2026-06-09,US202511180004,17,08:30,09:00,班,on_duty
US00027,2026-06-09,US202511180004,18,09:00,09:30,休,rest
US00027,2026-06-09,US202511180004,19,09:30,10:00,休,rest
US00027,2026-06-09,US202511180004,20,10:00,10:30,班,on_duty
US00027,2026-06-09,US202511180004,21,10:30,11:00,班,on_duty
US00027,2026-06-09,US202511180004,22,11:00,11:30,班,on_duty
US00027,2026-06-09,US202511180004,23,11:30,12:00,班,on_duty
US00027,2026-06-09,US202511180004,24,12:00,12:30,班,on_duty
US00027,2026-06-09,US202511180004,25,12:30,13:00,班,on_duty
US00027,2026-06-09,US202511180004,26,13:00,13:30,班,on_duty
US00027,2026-06-09,US202511180004,27,13:30,14:00,班,on_duty
US00027,2026-06-09,US202511180004,28,14:00,14:30,班,on_duty
US00027,2026-06-09,US202512020002,12,06:00,06:30,班,on_duty
US00027,2026-06-09,US202512020002,13,06:30,07:00,班,on_duty
US00027,2026-06-09,US202512020002,14,07:00,07:30,班,on_duty
US00027,2026-06-09,US202512020002,15,07:30,08:00,班,on_duty
US00027,2026-06-09,US202512020002,16,08:00,08:30,班,on_duty
US00027,2026-06-09,US202512020002,17,08:30,09:00,班,on_duty
US00027,2026-06-09,US202512020002,18,09:00,09:30,休,rest
US00027,2026-06-09,US202512020002,19,09:30,10:00,休,rest
US00027,2026-06-09,US202512020002,20,10:00,10:30,班,on_duty
US00027,2026-06-09,US202512020002,21,10:30,11:00,班,on_duty
US00027,2026-06-09,US202512020002,22,11:00,11:30,班,on_duty
US00027,2026-06-09,US202512020002,23,11:30,12:00,班,on_duty
US00027,2026-06-09,US202512020002,24,12:00,12:30,班,on_duty
US00027,2026-06-09,US202512020002,25,12:30,13:00,班,on_duty
US00027,2026-06-09,US202512020002,26,13:00,13:30,班,on_duty
US00027,2026-06-09,US202512020002,27,13:30,14:00,班,on_duty
US00027,2026-06-09,US202512020002,28,14:00,14:30,班,on_duty
US00027,2026-06-09,US202512170008,28,14:00,14:30,班,on_duty
US00027,2026-06-09,US202512170008,29,14:30,15:00,班,on_duty
US00027,2026-06-09,US202512170008,30,15:00,15:30,班,on_duty
US00027,2026-06-09,US202512170008,31,15:30,16:00,班,on_duty
US00027,2026-06-09,US202512170008,32,16:00,16:30,班,on_duty
US00027,2026-06-09,US202512170008,33,16:30,17:00,班,on_duty
US00027,2026-06-09,US202512170008,34,17:00,17:30,班,on_duty
US00027,2026-06-09,US202512170008,35,17:30,18:00,休,rest
US00027,2026-06-09,US202512170008,36,18:00,18:30,休,rest
US00027,2026-06-09,US202512170008,37,18:30,19:00,班,on_duty
US00027,2026-06-09,US202512170008,38,19:00,19:30,班,on_duty
US00027,2026-06-09,US202512170008,39,19:30,20:00,班,on_duty
US00027,2026-06-09,US202512170008,40,20:00,20:30,班,on_duty
US00027,2026-06-09,US202512170008,41,20:30,21:00,班,on_duty
US00027,2026-06-09,US202512170008,42,21:00,21:30,班,on_duty
US00027,2026-06-09,US202512170008,43,21:30,22:00,班,on_duty
US00027,2026-06-09,US202512170008,44,22:00,22:30,班,on_duty
US00027,2026-06-09,US202601270005,12,06:00,06:30,班,on_duty
US00027,2026-06-09,US202601270005,13,06:30,07:00,班,on_duty
US00027,2026-06-09,US202601270005,14,07:00,07:30,班,on_duty
US00027,2026-06-09,US202601270005,15,07:30,08:00,班,on_duty
US00027,2026-06-09,US202601270005,16,08:00,08:30,班,on_duty
US00027,2026-06-09,US202601270005,17,08:30,09:00,班,on_duty
US00027,2026-06-09,US202601270005,18,09:00,09:30,班,on_duty
US00027,2026-06-09,US202601270005,19,09:30,10:00,休,rest
US00027,2026-06-09,US202601270005,20,10:00,10:30,休,rest
US00027,2026-06-09,US202601270005,21,10:30,11:00,班,on_duty
US00027,2026-06-09,US202601270005,22,11:00,11:30,班,on_duty
US00027,2026-06-09,US202601270005,23,11:30,12:00,班,on_duty
US00027,2026-06-09,US202601270005,24,12:00,12:30,班,on_duty
US00027,2026-06-09,US202601270005,25,12:30,13:00,班,on_duty
US00027,2026-06-09,US202601270005,26,13:00,13:30,班,on_duty
US00027,2026-06-09,US202601270005,27,13:30,14:00,班,on_duty
US00027,2026-06-09,US202601270005,28,14:00,14:30,班,on_duty
US00027,2026-06-09,US202605120009,28,14:00,14:30,班,on_duty
US00027,2026-06-09,US202605120009,29,14:30,15:00,班,on_duty
US00027,2026-06-09,US202605120009,30,15:00,15:30,班,on_duty
US00027,2026-06-09,US202605120009,31,15:30,16:00,班,on_duty
US00027,2026-06-09,US202605120009,32,16:00,16:30,班,on_duty
US00027,2026-06-09,US202605120009,33,16:30,17:00,班,on_duty
US00027,2026-06-09,US202605120009,34,17:00,17:30,休,rest
US00027,2026-06-09,US202605120009,35,17:30,18:00,休,rest
US00027,2026-06-09,US202605120009,36,18:00,18:30,班,on_duty
US00027,2026-06-09,US202605120009,37,18:30,19:00,班,on_duty
US00027,2026-06-09,US202605120009,38,19:00,19:30,班,on_duty
US00027,2026-06-09,US202605120009,39,19:30,20:00,班,on_duty
US00027,2026-06-09,US202605120009,40,20:00,20:30,班,on_duty
US00027,2026-06-09,US202605120009,41,20:30,21:00,班,on_duty
US00027,2026-06-09,US202605120009,42,21:00,21:30,班,on_duty
US00027,2026-06-09,US202605120009,43,21:30,22:00,班,on_duty
US00027,2026-06-09,US202605120009,44,22:00,22:30,班,on_duty
US00027,2026-06-10,US202506160001,28,14:00,14:30,班,on_duty
US00027,2026-06-10,US202506160001,29,14:30,15:00,班,on_duty
US00027,2026-06-10,US202506160001,30,15:00,15:30,班,on_duty
US00027,2026-06-10,US202506160001,31,15:30,16:00,班,on_duty
US00027,2026-06-10,US202506160001,32,16:00,16:30,班,on_duty
US00027,2026-06-10,US202506160001,33,16:30,17:00,班,on_duty
US00027,2026-06-10,US202506160001,34,17:00,17:30,休,rest
US00027,2026-06-10,US202506160001,35,17:30,18:00,休,rest
US00027,2026-06-10,US202506160001,36,18:00,18:30,班,on_duty
US00027,2026-06-10,US202506160001,37,18:30,19:00,班,on_duty
US00027,2026-06-10,US202506160001,38,19:00,19:30,班,on_duty
US00027,2026-06-10,US202506160001,39,19:30,20:00,班,on_duty
US00027,2026-06-10,US202506160001,40,20:00,20:30,班,on_duty
US00027,2026-06-10,US202506160001,41,20:30,21:00,班,on_duty
US00027,2026-06-10,US202506160001,42,21:00,21:30,班,on_duty
US00027,2026-06-10,US202506160001,43,21:30,22:00,班,on_duty
US00027,2026-06-10,US202506160001,44,22:00,22:30,班,on_duty
US00027,2026-06-10,US202506180001,28,14:00,14:30,班,on_duty
US00027,2026-06-10,US202506180001,29,14:30,15:00,班,on_duty
US00027,2026-06-10,US202506180001,30,15:00,15:30,班,on_duty
US00027,2026-06-10,US202506180001,31,15:30,16:00,班,on_duty
US00027,2026-06-10,US202506180001,32,16:00,16:30,班,on_duty
US00027,2026-06-10,US202506180001,33,16:30,17:00,班,on_duty
US00027,2026-06-10,US202506180001,34,17:00,17:30,休,rest
US00027,2026-06-10,US202506180001,35,17:30,18:00,休,rest
US00027,2026-06-10,US202506180001,36,18:00,18:30,班,on_duty
US00027,2026-06-10,US202506180001,37,18:30,19:00,班,on_duty
US00027,2026-06-10,US202506180001,38,19:00,19:30,班,on_duty
US00027,2026-06-10,US202506180001,39,19:30,20:00,班,on_duty
US00027,2026-06-10,US202506180001,40,20:00,20:30,班,on_duty
US00027,2026-06-10,US202506180001,41,20:30,21:00,班,on_duty
US00027,2026-06-10,US202506180001,42,21:00,21:30,班,on_duty
US00027,2026-06-10,US202506180001,43,21:30,22:00,班,on_duty
US00027,2026-06-10,US202506180001,44,22:00,22:30,班,on_duty
US00027,2026-06-10,US202511180004,12,06:00,06:30,班,on_duty
US00027,2026-06-10,US202511180004,13,06:30,07:00,班,on_duty
US00027,2026-06-10,US202511180004,14,07:00,07:30,班,on_duty
US00027,2026-06-10,US202511180004,15,07:30,08:00,班,on_duty
US00027,2026-06-10,US202511180004,16,08:00,08:30,班,on_duty
US00027,2026-06-10,US202511180004,17,08:30,09:00,班,on_duty
US00027,2026-06-10,US202511180004,18,09:00,09:30,休,rest
US00027,2026-06-10,US202511180004,19,09:30,10:00,休,rest
US00027,2026-06-10,US202511180004,20,10:00,10:30,班,on_duty
US00027,2026-06-10,US202511180004,21,10:30,11:00,班,on_duty
US00027,2026-06-10,US202511180004,22,11:00,11:30,班,on_duty
US00027,2026-06-10,US202511180004,23,11:30,12:00,班,on_duty
US00027,2026-06-10,US202511180004,24,12:00,12:30,班,on_duty
US00027,2026-06-10,US202511180004,25,12:30,13:00,班,on_duty
US00027,2026-06-10,US202511180004,26,13:00,13:30,班,on_duty
US00027,2026-06-10,US202511180004,27,13:30,14:00,班,on_duty
US00027,2026-06-10,US202511180004,28,14:00,14:30,班,on_duty
US00027,2026-06-10,US202512020002,12,06:00,06:30,班,on_duty
US00027,2026-06-10,US202512020002,13,06:30,07:00,班,on_duty
US00027,2026-06-10,US202512020002,14,07:00,07:30,班,on_duty
US00027,2026-06-10,US202512020002,15,07:30,08:00,班,on_duty
US00027,2026-06-10,US202512020002,16,08:00,08:30,班,on_duty
US00027,2026-06-10,US202512020002,17,08:30,09:00,班,on_duty
US00027,2026-06-10,US202512020002,18,09:00,09:30,班,on_duty
US00027,2026-06-10,US202512020002,19,09:30,10:00,休,rest
US00027,2026-06-10,US202512020002,20,10:00,10:30,休,rest
US00027,2026-06-10,US202512020002,21,10:30,11:00,班,on_duty
US00027,2026-06-10,US202512020002,22,11:00,11:30,班,on_duty
US00027,2026-06-10,US202512020002,23,11:30,12:00,班,on_duty
US00027,2026-06-10,US202512020002,24,12:00,12:30,班,on_duty
US00027,2026-06-10,US202512020002,25,12:30,13:00,班,on_duty
US00027,2026-06-10,US202512020002,26,13:00,13:30,班,on_duty
US00027,2026-06-10,US202512020002,27,13:30,14:00,班,on_duty
US00027,2026-06-10,US202512020002,28,14:00,14:30,班,on_duty
US00027,2026-06-10,US202601270005,12,06:00,06:30,班,on_duty
US00027,2026-06-10,US202601270005,13,06:30,07:00,班,on_duty
US00027,2026-06-10,US202601270005,14,07:00,07:30,班,on_duty
US00027,2026-06-10,US202601270005,15,07:30,08:00,班,on_duty
US00027,2026-06-10,US202601270005,16,08:00,08:30,班,on_duty
US00027,2026-06-10,US202601270005,17,08:30,09:00,班,on_duty
US00027,2026-06-10,US202601270005,18,09:00,09:30,班,on_duty
US00027,2026-06-10,US202601270005,19,09:30,10:00,班,on_duty
US00027,2026-06-10,US202601270005,20,10:00,10:30,班,on_duty
US00027,2026-06-10,US202601270005,21,10:30,11:00,休,rest
US00027,2026-06-10,US202601270005,22,11:00,11:30,休,rest
US00027,2026-06-10,US202601270005,23,11:30,12:00,班,on_duty
US00027,2026-06-10,US202601270005,24,12:00,12:30,班,on_duty
US00027,2026-06-10,US202601270005,25,12:30,13:00,班,on_duty
US00027,2026-06-10,US202601270005,26,13:00,13:30,班,on_duty
US00027,2026-06-10,US202601270005,27,13:30,14:00,班,on_duty
US00027,2026-06-10,US202601270005,28,14:00,14:30,班,on_duty
US00027,2026-06-10,US202603260002,19,09:30,10:00,训,training
US00027,2026-06-10,US202603260002,20,10:00,10:30,训,training
US00027,2026-06-10,US202603260002,21,10:30,11:00,训,training
US00027,2026-06-10,US202603260002,22,11:00,11:30,休,rest
US00027,2026-06-10,US202603260002,23,11:30,12:00,休,rest
US00027,2026-06-10,US202603260002,24,12:00,12:30,训,training
US00027,2026-06-10,US202603260002,25,12:30,13:00,训,training
US00027,2026-06-10,US202603260002,26,13:00,13:30,训,training
US00027,2026-06-10,US202603260002,27,13:30,14:00,训,training
US00027,2026-06-10,US202603260002,28,14:00,14:30,训,training
US00027,2026-06-10,US202603260002,29,14:30,15:00,训,training
US00027,2026-06-10,US202603260002,30,15:00,15:30,训,training
US00027,2026-06-10,US202603260002,31,15:30,16:00,训,training
US00027,2026-06-10,US202603260002,32,16:00,16:30,训,training
US00027,2026-06-10,US202605120005,30,15:00,15:30,班,on_duty
US00027,2026-06-10,US202605120005,31,15:30,16:00,班,on_duty
US00027,2026-06-10,US202605120005,32,16:00,16:30,班,on_duty
US00027,2026-06-10,US202605120005,33,16:30,17:00,班,on_duty
US00027,2026-06-10,US202605120005,34,17:00,17:30,班,on_duty
US00027,2026-06-10,US202605120005,35,17:30,18:00,休,rest
US00027,2026-06-10,US202605120005,36,18:00,18:30,休,rest
US00027,2026-06-10,US202605120005,37,18:30,19:00,班,on_duty
US00027,2026-06-10,US202605120005,38,19:00,19:30,班,on_duty
US00027,2026-06-10,US202605120005,39,19:30,20:00,班,on_duty
US00027,2026-06-10,US202605120005,40,20:00,20:30,班,on_duty
US00027,2026-06-10,US202605120005,41,20:30,21:00,班,on_duty
US00027,2026-06-10,US202605120005,42,21:00,21:30,班,on_duty
US00027,2026-06-10,US202605120005,43,21:30,22:00,班,on_duty
US00027,2026-06-10,US202605120005,44,22:00,22:30,班,on_duty
US00027,2026-06-10,US202605120009,21,10:30,11:00,班,on_duty
US00027,2026-06-10,US202605120009,22,11:00,11:30,班,on_duty
US00027,2026-06-10,US202605120009,23,11:30,12:00,班,on_duty
US00027,2026-06-10,US202605120009,24,12:00,12:30,班,on_duty
US00027,2026-06-10,US202605120009,25,12:30,13:00,班,on_duty
US00027,2026-06-10,US202605120009,26,13:00,13:30,班,on_duty
US00027,2026-06-10,US202605120009,27,13:30,14:00,班,on_duty
US00027,2026-06-10,US202605120009,28,14:00,14:30,休,rest
US00027,2026-06-10,US202605120009,29,14:30,15:00,班,on_duty
US00027,2026-06-10,US202605120009,30,15:00,15:30,班,on_duty
US00027,2026-06-10,US202605120009,31,15:30,16:00,班,on_duty
US00027,2026-06-10,US202605120009,32,16:00,16:30,班,on_duty
US00027,2026-06-10,US202605120009,33,16:30,17:00,班,on_duty
US00027,2026-06-10,US202605120009,34,17:00,17:30,班,on_duty
US00027,2026-06-10,US202605120009,35,17:30,18:00,班,on_duty
US00027,2026-06-11,US202506160001,28,14:00,14:30,班,on_duty
US00027,2026-06-11,US202506160001,29,14:30,15:00,班,on_duty
US00027,2026-06-11,US202506160001,30,15:00,15:30,班,on_duty
US00027,2026-06-11,US202506160001,31,15:30,16:00,班,on_duty
US00027,2026-06-11,US202506160001,32,16:00,16:30,班,on_duty
US00027,2026-06-11,US202506160001,33,16:30,17:00,班,on_duty
US00027,2026-06-11,US202506160001,34,17:00,17:30,休,rest
US00027,2026-06-11,US202506160001,35,17:30,18:00,休,rest
US00027,2026-06-11,US202506160001,36,18:00,18:30,班,on_duty
US00027,2026-06-11,US202506160001,37,18:30,19:00,班,on_duty
US00027,2026-06-11,US202506160001,38,19:00,19:30,班,on_duty
US00027,2026-06-11,US202506160001,39,19:30,20:00,班,on_duty
US00027,2026-06-11,US202506160001,40,20:00,20:30,班,on_duty
US00027,2026-06-11,US202506160001,41,20:30,21:00,班,on_duty
US00027,2026-06-11,US202506160001,42,21:00,21:30,班,on_duty
US00027,2026-06-11,US202506160001,43,21:30,22:00,班,on_duty
US00027,2026-06-11,US202506160001,44,22:00,22:30,班,on_duty
US00027,2026-06-11,US202509300009,12,06:00,06:30,班,on_duty
US00027,2026-06-11,US202509300009,13,06:30,07:00,班,on_duty
US00027,2026-06-11,US202509300009,14,07:00,07:30,班,on_duty
US00027,2026-06-11,US202509300009,15,07:30,08:00,班,on_duty
US00027,2026-06-11,US202509300009,16,08:00,08:30,班,on_duty
US00027,2026-06-11,US202509300009,17,08:30,09:00,班,on_duty
US00027,2026-06-11,US202509300009,18,09:00,09:30,休,rest
US00027,2026-06-11,US202509300009,19,09:30,10:00,休,rest
US00027,2026-06-11,US202509300009,20,10:00,10:30,班,on_duty
US00027,2026-06-11,US202509300009,21,10:30,11:00,班,on_duty
US00027,2026-06-11,US202509300009,22,11:00,11:30,班,on_duty
US00027,2026-06-11,US202509300009,23,11:30,12:00,班,on_duty
US00027,2026-06-11,US202509300009,24,12:00,12:30,班,on_duty
US00027,2026-06-11,US202509300009,25,12:30,13:00,班,on_duty
US00027,2026-06-11,US202509300009,26,13:00,13:30,班,on_duty
US00027,2026-06-11,US202509300009,27,13:30,14:00,班,on_duty
US00027,2026-06-11,US202509300009,28,14:00,14:30,班,on_duty
US00027,2026-06-11,US202511180004,28,14:00,14:30,班,on_duty
US00027,2026-06-11,US202511180004,29,14:30,15:00,班,on_duty
US00027,2026-06-11,US202511180004,30,15:00,15:30,班,on_duty
US00027,2026-06-11,US202511180004,31,15:30,16:00,班,on_duty
US00027,2026-06-11,US202511180004,32,16:00,16:30,班,on_duty
US00027,2026-06-11,US202511180004,33,16:30,17:00,班,on_duty
US00027,2026-06-11,US202511180004,34,17:00,17:30,班,on_duty
US00027,2026-06-11,US202511180004,35,17:30,18:00,休,rest
US00027,2026-06-11,US202511180004,36,18:00,18:30,休,rest
US00027,2026-06-11,US202511180004,37,18:30,19:00,班,on_duty
US00027,2026-06-11,US202511180004,38,19:00,19:30,班,on_duty
US00027,2026-06-11,US202511180004,39,19:30,20:00,班,on_duty
US00027,2026-06-11,US202511180004,40,20:00,20:30,班,on_duty
US00027,2026-06-11,US202511180004,41,20:30,21:00,班,on_duty
US00027,2026-06-11,US202511180004,42,21:00,21:30,班,on_duty
US00027,2026-06-11,US202511180004,43,21:30,22:00,班,on_duty
US00027,2026-06-11,US202511180004,44,22:00,22:30,班,on_duty
US00027,2026-06-11,US202512020002,12,06:00,06:30,班,on_duty
US00027,2026-06-11,US202512020002,13,06:30,07:00,班,on_duty
US00027,2026-06-11,US202512020002,14,07:00,07:30,班,on_duty
US00027,2026-06-11,US202512020002,15,07:30,08:00,班,on_duty
US00027,2026-06-11,US202512020002,16,08:00,08:30,班,on_duty
US00027,2026-06-11,US202512020002,17,08:30,09:00,班,on_duty
US00027,2026-06-11,US202512020002,18,09:00,09:30,休,rest
US00027,2026-06-11,US202512020002,19,09:30,10:00,休,rest
US00027,2026-06-11,US202512020002,20,10:00,10:30,班,on_duty
US00027,2026-06-11,US202512020002,21,10:30,11:00,班,on_duty
US00027,2026-06-11,US202512020002,22,11:00,11:30,班,on_duty
US00027,2026-06-11,US202512020002,23,11:30,12:00,班,on_duty
US00027,2026-06-11,US202512020002,24,12:00,12:30,班,on_duty
US00027,2026-06-11,US202512020002,25,12:30,13:00,班,on_duty
US00027,2026-06-11,US202512020002,26,13:00,13:30,班,on_duty
US00027,2026-06-11,US202512020002,27,13:30,14:00,班,on_duty
US00027,2026-06-11,US202512020002,28,14:00,14:30,班,on_duty
US00027,2026-06-11,US202601270005,12,06:00,06:30,班,on_duty
US00027,2026-06-11,US202601270005,13,06:30,07:00,班,on_duty
US00027,2026-06-11,US202601270005,14,07:00,07:30,班,on_duty
US00027,2026-06-11,US202601270005,15,07:30,08:00,班,on_duty
US00027,2026-06-11,US202601270005,16,08:00,08:30,班,on_duty
US00027,2026-06-11,US202601270005,17,08:30,09:00,班,on_duty
US00027,2026-06-11,US202601270005,18,09:00,09:30,班,on_duty
US00027,2026-06-11,US202601270005,19,09:30,10:00,休,rest
US00027,2026-06-11,US202601270005,20,10:00,10:30,休,rest
US00027,2026-06-11,US202601270005,21,10:30,11:00,班,on_duty
US00027,2026-06-11,US202601270005,22,11:00,11:30,班,on_duty
US00027,2026-06-11,US202601270005,23,11:30,12:00,班,on_duty
US00027,2026-06-11,US202601270005,24,12:00,12:30,班,on_duty
US00027,2026-06-11,US202601270005,25,12:30,13:00,班,on_duty
US00027,2026-06-11,US202601270005,26,13:00,13:30,班,on_duty
US00027,2026-06-11,US202601270005,27,13:30,14:00,班,on_duty
US00027,2026-06-11,US202601270005,28,14:00,14:30,班,on_duty
US00027,2026-06-11,US202603260002,28,14:00,14:30,班,on_duty
US00027,2026-06-11,US202603260002,29,14:30,15:00,班,on_duty
US00027,2026-06-11,US202603260002,30,15:00,15:30,班,on_duty
US00027,2026-06-11,US202603260002,31,15:30,16:00,班,on_duty
US00027,2026-06-11,US202603260002,32,16:00,16:30,班,on_duty
US00027,2026-06-11,US202603260002,33,16:30,17:00,班,on_duty
US00027,2026-06-11,US202603260002,34,17:00,17:30,班,on_duty
US00027,2026-06-11,US202603260002,35,17:30,18:00,班,on_duty
US00027,2026-06-11,US202603260002,36,18:00,18:30,班,on_duty
US00027,2026-06-11,US202603260002,37,18:30,19:00,休,rest
US00027,2026-06-11,US202603260002,38,19:00,19:30,休,rest
US00027,2026-06-11,US202603260002,39,19:30,20:00,班,on_duty
US00027,2026-06-11,US202603260002,40,20:00,20:30,班,on_duty
US00027,2026-06-11,US202603260002,41,20:30,21:00,班,on_duty
US00027,2026-06-11,US202603260002,42,21:00,21:30,班,on_duty
US00027,2026-06-11,US202603260002,43,21:30,22:00,班,on_duty
US00027,2026-06-11,US202603260002,44,22:00,22:30,班,on_duty
US00027,2026-06-11,US202605120009,18,09:00,09:30,班,on_duty
US00027,2026-06-11,US202605120009,19,09:30,10:00,班,on_duty
US00027,2026-06-11,US202605120009,20,10:00,10:30,班,on_duty
US00027,2026-06-11,US202605120009,21,10:30,11:00,班,on_duty
US00027,2026-06-11,US202605120009,22,11:00,11:30,班,on_duty
US00027,2026-06-11,US202605120009,23,11:30,12:00,班,on_duty
US00027,2026-06-11,US202605120009,24,12:00,12:30,班,on_duty
US00027,2026-06-11,US202605120009,25,12:30,13:00,休,rest
US00027,2026-06-11,US202605120009,26,13:00,13:30,班,on_duty
US00027,2026-06-11,US202605120009,27,13:30,14:00,班,on_duty
US00027,2026-06-11,US202605120009,28,14:00,14:30,班,on_duty
US00027,2026-06-11,US202605120009,29,14:30,15:00,班,on_duty
US00027,2026-06-11,US202605120009,30,15:00,15:30,班,on_duty
US00027,2026-06-11,US202605120009,31,15:30,16:00,班,on_duty
US00027,2026-06-11,US202605120009,32,16:00,16:30,班,on_duty
US00027,2026-06-11,US202605120009,33,16:30,17:00,班,on_duty
US00027,2026-06-12,US202506160001,28,14:00,14:30,班,on_duty
US00027,2026-06-12,US202506160001,29,14:30,15:00,班,on_duty
US00027,2026-06-12,US202506160001,30,15:00,15:30,班,on_duty
US00027,2026-06-12,US202506160001,31,15:30,16:00,班,on_duty
US00027,2026-06-12,US202506160001,32,16:00,16:30,班,on_duty
US00027,2026-06-12,US202506160001,33,16:30,17:00,班,on_duty
US00027,2026-06-12,US202506160001,34,17:00,17:30,休,rest
US00027,2026-06-12,US202506160001,35,17:30,18:00,休,rest
US00027,2026-06-12,US202506160001,36,18:00,18:30,班,on_duty
US00027,2026-06-12,US202506160001,37,18:30,19:00,班,on_duty
US00027,2026-06-12,US202506160001,38,19:00,19:30,班,on_duty
US00027,2026-06-12,US202506160001,39,19:30,20:00,班,on_duty
US00027,2026-06-12,US202506160001,40,20:00,20:30,班,on_duty
US00027,2026-06-12,US202506160001,41,20:30,21:00,班,on_duty
US00027,2026-06-12,US202506160001,42,21:00,21:30,班,on_duty
US00027,2026-06-12,US202506160001,43,21:30,22:00,班,on_duty
US00027,2026-06-12,US202506160001,44,22:00,22:30,班,on_duty
US00027,2026-06-12,US202506180001,18,09:00,09:30,班,on_duty
US00027,2026-06-12,US202506180001,19,09:30,10:00,班,on_duty
US00027,2026-06-12,US202506180001,20,10:00,10:30,班,on_duty
US00027,2026-06-12,US202506180001,21,10:30,11:00,班,on_duty
US00027,2026-06-12,US202506180001,22,11:00,11:30,班,on_duty
US00027,2026-06-12,US202506180001,23,11:30,12:00,班,on_duty
US00027,2026-06-12,US202506180001,24,12:00,12:30,班,on_duty
US00027,2026-06-12,US202506180001,25,12:30,13:00,休,rest
US00027,2026-06-12,US202506180001,26,13:00,13:30,班,on_duty
US00027,2026-06-12,US202506180001,27,13:30,14:00,班,on_duty
US00027,2026-06-12,US202506180001,28,14:00,14:30,班,on_duty
US00027,2026-06-12,US202506180001,29,14:30,15:00,班,on_duty
US00027,2026-06-12,US202506180001,30,15:00,15:30,班,on_duty
US00027,2026-06-12,US202506180001,31,15:30,16:00,班,on_duty
US00027,2026-06-12,US202506180001,32,16:00,16:30,班,on_duty
US00027,2026-06-12,US202506180001,33,16:30,17:00,班,on_duty
US00027,2026-06-12,US202509300009,12,06:00,06:30,班,on_duty
US00027,2026-06-12,US202509300009,13,06:30,07:00,班,on_duty
US00027,2026-06-12,US202509300009,14,07:00,07:30,班,on_duty
US00027,2026-06-12,US202509300009,15,07:30,08:00,班,on_duty
US00027,2026-06-12,US202509300009,16,08:00,08:30,班,on_duty
US00027,2026-06-12,US202509300009,17,08:30,09:00,班,on_duty
US00027,2026-06-12,US202509300009,18,09:00,09:30,休,rest
US00027,2026-06-12,US202509300009,19,09:30,10:00,休,rest
US00027,2026-06-12,US202509300009,20,10:00,10:30,班,on_duty
US00027,2026-06-12,US202509300009,21,10:30,11:00,班,on_duty
US00027,2026-06-12,US202509300009,22,11:00,11:30,班,on_duty
US00027,2026-06-12,US202509300009,23,11:30,12:00,班,on_duty
US00027,2026-06-12,US202509300009,24,12:00,12:30,班,on_duty
US00027,2026-06-12,US202509300009,25,12:30,13:00,班,on_duty
US00027,2026-06-12,US202509300009,26,13:00,13:30,班,on_duty
US00027,2026-06-12,US202509300009,27,13:30,14:00,班,on_duty
US00027,2026-06-12,US202509300009,28,14:00,14:30,班,on_duty
US00027,2026-06-12,US202512170008,12,06:00,06:30,班,on_duty
US00027,2026-06-12,US202512170008,13,06:30,07:00,班,on_duty
US00027,2026-06-12,US202512170008,14,07:00,07:30,班,on_duty
US00027,2026-06-12,US202512170008,15,07:30,08:00,班,on_duty
US00027,2026-06-12,US202512170008,16,08:00,08:30,班,on_duty
US00027,2026-06-12,US202512170008,17,08:30,09:00,班,on_duty
US00027,2026-06-12,US202512170008,18,09:00,09:30,班,on_duty
US00027,2026-06-12,US202512170008,19,09:30,10:00,休,rest
US00027,2026-06-12,US202512170008,20,10:00,10:30,休,rest
US00027,2026-06-12,US202512170008,21,10:30,11:00,班,on_duty
US00027,2026-06-12,US202512170008,22,11:00,11:30,班,on_duty
US00027,2026-06-12,US202512170008,23,11:30,12:00,班,on_duty
US00027,2026-06-12,US202512170008,24,12:00,12:30,班,on_duty
US00027,2026-06-12,US202512170008,25,12:30,13:00,班,on_duty
US00027,2026-06-12,US202512170008,26,13:00,13:30,班,on_duty
US00027,2026-06-12,US202512170008,27,13:30,14:00,班,on_duty
US00027,2026-06-12,US202512170008,28,14:00,14:30,班,on_duty
US00027,2026-06-12,US202601270005,30,15:00,15:30,班,on_duty
US00027,2026-06-12,US202601270005,31,15:30,16:00,班,on_duty
US00027,2026-06-12,US202601270005,32,16:00,16:30,班,on_duty
US00027,2026-06-12,US202601270005,33,16:30,17:00,班,on_duty
US00027,2026-06-12,US202601270005,34,17:00,17:30,班,on_duty
US00027,2026-06-12,US202601270005,35,17:30,18:00,班,on_duty
US00027,2026-06-12,US202601270005,36,18:00,18:30,班,on_duty
US00027,2026-06-12,US202601270005,37,18:30,19:00,休,rest
US00027,2026-06-12,US202601270005,38,19:00,19:30,休,rest
US00027,2026-06-12,US202601270005,39,19:30,20:00,班,on_duty
US00027,2026-06-12,US202601270005,40,20:00,20:30,班,on_duty
US00027,2026-06-12,US202601270005,41,20:30,21:00,班,on_duty
US00027,2026-06-12,US202601270005,42,21:00,21:30,班,on_duty
US00027,2026-06-12,US202601270005,43,21:30,22:00,班,on_duty
US00027,2026-06-12,US202601270005,44,22:00,22:30,班,on_duty
US00027,2026-06-12,US202603260002,28,14:00,14:30,班,on_duty
US00027,2026-06-12,US202603260002,29,14:30,15:00,班,on_duty
US00027,2026-06-12,US202603260002,30,15:00,15:30,班,on_duty
US00027,2026-06-12,US202603260002,31,15:30,16:00,班,on_duty
US00027,2026-06-12,US202603260002,32,16:00,16:30,班,on_duty
US00027,2026-06-12,US202603260002,33,16:30,17:00,班,on_duty
US00027,2026-06-12,US202603260002,34,17:00,17:30,班,on_duty
US00027,2026-06-12,US202603260002,35,17:30,18:00,休,rest
US00027,2026-06-12,US202603260002,36,18:00,18:30,休,rest
US00027,2026-06-12,US202603260002,37,18:30,19:00,班,on_duty
US00027,2026-06-12,US202603260002,38,19:00,19:30,班,on_duty
US00027,2026-06-12,US202603260002,39,19:30,20:00,班,on_duty
US00027,2026-06-12,US202603260002,40,20:00,20:30,班,on_duty
US00027,2026-06-12,US202603260002,41,20:30,21:00,班,on_duty
US00027,2026-06-12,US202603260002,42,21:00,21:30,班,on_duty
US00027,2026-06-12,US202603260002,43,21:30,22:00,班,on_duty
US00027,2026-06-12,US202603260002,44,22:00,22:30,班,on_duty
US00027,2026-06-12,US202605120005,12,06:00,06:30,班,on_duty
US00027,2026-06-12,US202605120005,13,06:30,07:00,班,on_duty
US00027,2026-06-12,US202605120005,14,07:00,07:30,班,on_duty
US00027,2026-06-12,US202605120005,15,07:30,08:00,班,on_duty
US00027,2026-06-12,US202605120005,16,08:00,08:30,班,on_duty
US00027,2026-06-12,US202605120005,17,08:30,09:00,班,on_duty
US00027,2026-06-12,US202605120005,18,09:00,09:30,休,rest
US00027,2026-06-12,US202605120005,19,09:30,10:00,休,rest
US00027,2026-06-12,US202605120005,20,10:00,10:30,班,on_duty
US00027,2026-06-12,US202605120005,21,10:30,11:00,班,on_duty
US00027,2026-06-12,US202605120005,22,11:00,11:30,班,on_duty
US00027,2026-06-12,US202605120005,23,11:30,12:00,班,on_duty
US00027,2026-06-12,US202605120005,24,12:00,12:30,班,on_duty
US00027,2026-06-12,US202605120005,25,12:30,13:00,班,on_duty
US00027,2026-06-12,US202605120005,26,13:00,13:30,班,on_duty
US00027,2026-06-13,US202509300009,12,06:00,06:30,班,on_duty
US00027,2026-06-13,US202509300009,13,06:30,07:00,班,on_duty
US00027,2026-06-13,US202509300009,14,07:00,07:30,班,on_duty
US00027,2026-06-13,US202509300009,15,07:30,08:00,班,on_duty
US00027,2026-06-13,US202509300009,16,08:00,08:30,班,on_duty
US00027,2026-06-13,US202509300009,17,08:30,09:00,班,on_duty
US00027,2026-06-13,US202509300009,18,09:00,09:30,班,on_duty
US00027,2026-06-13,US202509300009,19,09:30,10:00,休,rest
US00027,2026-06-13,US202509300009,20,10:00,10:30,休,rest
US00027,2026-06-13,US202509300009,21,10:30,11:00,班,on_duty
US00027,2026-06-13,US202509300009,22,11:00,11:30,班,on_duty
US00027,2026-06-13,US202509300009,23,11:30,12:00,班,on_duty
US00027,2026-06-13,US202509300009,24,12:00,12:30,班,on_duty
US00027,2026-06-13,US202509300009,25,12:30,13:00,班,on_duty
US00027,2026-06-13,US202509300009,26,13:00,13:30,班,on_duty
US00027,2026-06-13,US202509300009,27,13:30,14:00,班,on_duty
US00027,2026-06-13,US202509300009,28,14:00,14:30,班,on_duty
US00027,2026-06-13,US202512020002,12,06:00,06:30,班,on_duty
US00027,2026-06-13,US202512020002,13,06:30,07:00,班,on_duty
US00027,2026-06-13,US202512020002,14,07:00,07:30,班,on_duty
US00027,2026-06-13,US202512020002,15,07:30,08:00,班,on_duty
US00027,2026-06-13,US202512020002,16,08:00,08:30,班,on_duty
US00027,2026-06-13,US202512020002,17,08:30,09:00,班,on_duty
US00027,2026-06-13,US202512020002,18,09:00,09:30,班,on_duty
US00027,2026-06-13,US202512020002,19,09:30,10:00,班,on_duty
US00027,2026-06-13,US202512020002,20,10:00,10:30,休,rest
US00027,2026-06-13,US202512020002,21,10:30,11:00,休,rest
US00027,2026-06-13,US202512020002,22,11:00,11:30,班,on_duty
US00027,2026-06-13,US202512020002,23,11:30,12:00,班,on_duty
US00027,2026-06-13,US202512020002,24,12:00,12:30,班,on_duty
US00027,2026-06-13,US202512020002,25,12:30,13:00,班,on_duty
US00027,2026-06-13,US202512020002,26,13:00,13:30,班,on_duty
US00027,2026-06-13,US202512020002,27,13:30,14:00,班,on_duty
US00027,2026-06-13,US202512020002,28,14:00,14:30,班,on_duty
US00027,2026-06-13,US202512170008,28,14:00,14:30,班,on_duty
US00027,2026-06-13,US202512170008,29,14:30,15:00,班,on_duty
US00027,2026-06-13,US202512170008,30,15:00,15:30,班,on_duty
US00027,2026-06-13,US202512170008,31,15:30,16:00,班,on_duty
US00027,2026-06-13,US202512170008,32,16:00,16:30,班,on_duty
US00027,2026-06-13,US202512170008,33,16:30,17:00,班,on_duty
US00027,2026-06-13,US202512170008,34,17:00,17:30,休,rest
US00027,2026-06-13,US202512170008,35,17:30,18:00,休,rest
US00027,2026-06-13,US202512170008,36,18:00,18:30,班,on_duty
US00027,2026-06-13,US202512170008,37,18:30,19:00,班,on_duty
US00027,2026-06-13,US202512170008,38,19:00,19:30,班,on_duty
US00027,2026-06-13,US202512170008,39,19:30,20:00,班,on_duty
US00027,2026-06-13,US202512170008,40,20:00,20:30,班,on_duty
US00027,2026-06-13,US202512170008,41,20:30,21:00,班,on_duty
US00027,2026-06-13,US202512170008,42,21:00,21:30,班,on_duty
US00027,2026-06-13,US202512170008,43,21:30,22:00,班,on_duty
US00027,2026-06-13,US202512170008,44,22:00,22:30,班,on_duty
US00027,2026-06-13,US202603260002,28,14:00,14:30,班,on_duty
US00027,2026-06-13,US202603260002,29,14:30,15:00,班,on_duty
US00027,2026-06-13,US202603260002,30,15:00,15:30,班,on_duty
US00027,2026-06-13,US202603260002,31,15:30,16:00,班,on_duty
US00027,2026-06-13,US202603260002,32,16:00,16:30,班,on_duty
US00027,2026-06-13,US202603260002,33,16:30,17:00,班,on_duty
US00027,2026-06-13,US202603260002,34,17:00,17:30,班,on_duty
US00027,2026-06-13,US202603260002,35,17:30,18:00,休,rest
US00027,2026-06-13,US202603260002,36,18:00,18:30,休,rest
US00027,2026-06-13,US202603260002,37,18:30,19:00,班,on_duty
US00027,2026-06-13,US202603260002,38,19:00,19:30,班,on_duty
US00027,2026-06-13,US202603260002,39,19:30,20:00,班,on_duty
US00027,2026-06-13,US202603260002,40,20:00,20:30,班,on_duty
US00027,2026-06-13,US202603260002,41,20:30,21:00,班,on_duty
US00027,2026-06-13,US202603260002,42,21:00,21:30,班,on_duty
US00027,2026-06-13,US202603260002,43,21:30,22:00,班,on_duty
US00027,2026-06-13,US202603260002,44,22:00,22:30,班,on_duty
US00027,2026-06-13,US202605120009,19,09:30,10:00,班,on_duty
US00027,2026-06-13,US202605120009,20,10:00,10:30,班,on_duty
US00027,2026-06-13,US202605120009,21,10:30,11:00,班,on_duty
US00027,2026-06-13,US202605120009,22,11:00,11:30,班,on_duty
US00027,2026-06-13,US202605120009,23,11:30,12:00,班,on_duty
US00027,2026-06-13,US202605120009,24,12:00,12:30,班,on_duty
US00027,2026-06-13,US202605120009,25,12:30,13:00,班,on_duty
US00027,2026-06-13,US202605120009,26,13:00,13:30,班,on_duty
US00027,2026-06-13,US202605120009,27,13:30,14:00,班,on_duty
US00027,2026-06-13,US202605120009,28,14:00,14:30,休,rest
US00027,2026-06-13,US202605120009,29,14:30,15:00,休,rest
US00027,2026-06-13,US202605120009,30,15:00,15:30,班,on_duty
US00027,2026-06-13,US202605120009,31,15:30,16:00,班,on_duty
US00027,2026-06-13,US202605120009,32,16:00,16:30,班,on_duty
US00027,2026-06-13,US202605120009,33,16:30,17:00,班,on_duty
US00027,2026-06-13,US202605120009,34,17:00,17:30,班,on_duty
US00027,2026-06-13,US202605120009,35,17:30,18:00,班,on_duty
US00027,2026-06-13,US202605120009,36,18:00,18:30,班,on_duty
US00027,2026-06-14,US202506160001,19,09:30,10:00,班,on_duty
US00027,2026-06-14,US202506160001,20,10:00,10:30,班,on_duty
US00027,2026-06-14,US202506160001,21,10:30,11:00,班,on_duty
US00027,2026-06-14,US202506160001,22,11:00,11:30,班,on_duty
US00027,2026-06-14,US202506160001,23,11:30,12:00,班,on_duty
US00027,2026-06-14,US202506160001,24,12:00,12:30,班,on_duty
US00027,2026-06-14,US202506160001,25,12:30,13:00,班,on_duty
US00027,2026-06-14,US202506160001,26,13:00,13:30,班,on_duty
US00027,2026-06-14,US202506160001,27,13:30,14:00,班,on_duty
US00027,2026-06-14,US202506160001,28,14:00,14:30,休,rest
US00027,2026-06-14,US202506160001,29,14:30,15:00,休,rest
US00027,2026-06-14,US202506160001,30,15:00,15:30,班,on_duty
US00027,2026-06-14,US202506160001,31,15:30,16:00,班,on_duty
US00027,2026-06-14,US202506160001,32,16:00,16:30,班,on_duty
US00027,2026-06-14,US202506160001,33,16:30,17:00,班,on_duty
US00027,2026-06-14,US202506160001,34,17:00,17:30,班,on_duty
US00027,2026-06-14,US202506160001,35,17:30,18:00,班,on_duty
US00027,2026-06-14,US202506160001,36,18:00,18:30,班,on_duty
US00027,2026-06-14,US202506180001,28,14:00,14:30,班,on_duty
US00027,2026-06-14,US202506180001,29,14:30,15:00,班,on_duty
US00027,2026-06-14,US202506180001,30,15:00,15:30,班,on_duty
US00027,2026-06-14,US202506180001,31,15:30,16:00,班,on_duty
US00027,2026-06-14,US202506180001,32,16:00,16:30,班,on_duty
US00027,2026-06-14,US202506180001,33,16:30,17:00,班,on_duty
US00027,2026-06-14,US202506180001,34,17:00,17:30,休,rest
US00027,2026-06-14,US202506180001,35,17:30,18:00,休,rest
US00027,2026-06-14,US202506180001,36,18:00,18:30,班,on_duty
US00027,2026-06-14,US202506180001,37,18:30,19:00,班,on_duty
US00027,2026-06-14,US202506180001,38,19:00,19:30,班,on_duty
US00027,2026-06-14,US202506180001,39,19:30,20:00,班,on_duty
US00027,2026-06-14,US202506180001,40,20:00,20:30,班,on_duty
US00027,2026-06-14,US202506180001,41,20:30,21:00,班,on_duty
US00027,2026-06-14,US202506180001,42,21:00,21:30,班,on_duty
US00027,2026-06-14,US202506180001,43,21:30,22:00,班,on_duty
US00027,2026-06-14,US202506180001,44,22:00,22:30,班,on_duty
US00027,2026-06-14,US202511180004,12,06:00,06:30,班,on_duty
US00027,2026-06-14,US202511180004,13,06:30,07:00,班,on_duty
US00027,2026-06-14,US202511180004,14,07:00,07:30,班,on_duty
US00027,2026-06-14,US202511180004,15,07:30,08:00,班,on_duty
US00027,2026-06-14,US202511180004,16,08:00,08:30,班,on_duty
US00027,2026-06-14,US202511180004,17,08:30,09:00,班,on_duty
US00027,2026-06-14,US202511180004,18,09:00,09:30,班,on_duty
US00027,2026-06-14,US202511180004,19,09:30,10:00,休,rest
US00027,2026-06-14,US202511180004,20,10:00,10:30,休,rest
US00027,2026-06-14,US202511180004,21,10:30,11:00,班,on_duty
US00027,2026-06-14,US202511180004,22,11:00,11:30,班,on_duty
US00027,2026-06-14,US202511180004,23,11:30,12:00,班,on_duty
US00027,2026-06-14,US202511180004,24,12:00,12:30,班,on_duty
US00027,2026-06-14,US202511180004,25,12:30,13:00,班,on_duty
US00027,2026-06-14,US202511180004,26,13:00,13:30,班,on_duty
US00027,2026-06-14,US202511180004,27,13:30,14:00,班,on_duty
US00027,2026-06-14,US202511180004,28,14:00,14:30,班,on_duty
US00027,2026-06-14,US202512020002,28,14:00,14:30,班,on_duty
US00027,2026-06-14,US202512020002,29,14:30,15:00,班,on_duty
US00027,2026-06-14,US202512020002,30,15:00,15:30,班,on_duty
US00027,2026-06-14,US202512020002,31,15:30,16:00,班,on_duty
US00027,2026-06-14,US202512020002,32,16:00,16:30,班,on_duty
US00027,2026-06-14,US202512020002,33,16:30,17:00,班,on_duty
US00027,2026-06-14,US202512020002,34,17:00,17:30,班,on_duty
US00027,2026-06-14,US202512020002,35,17:30,18:00,休,rest
US00027,2026-06-14,US202512020002,36,18:00,18:30,休,rest
US00027,2026-06-14,US202512020002,37,18:30,19:00,班,on_duty
US00027,2026-06-14,US202512020002,38,19:00,19:30,班,on_duty
US00027,2026-06-14,US202512020002,39,19:30,20:00,班,on_duty
US00027,2026-06-14,US202512020002,40,20:00,20:30,班,on_duty
US00027,2026-06-14,US202512020002,41,20:30,21:00,班,on_duty
US00027,2026-06-14,US202512020002,42,21:00,21:30,班,on_duty
US00027,2026-06-14,US202512020002,43,21:30,22:00,班,on_duty
US00027,2026-06-14,US202512020002,44,22:00,22:30,班,on_duty
US00027,2026-06-14,US202601270005,12,06:00,06:30,班,on_duty
US00027,2026-06-14,US202601270005,13,06:30,07:00,班,on_duty
US00027,2026-06-14,US202601270005,14,07:00,07:30,班,on_duty
US00027,2026-06-14,US202601270005,15,07:30,08:00,班,on_duty
US00027,2026-06-14,US202601270005,16,08:00,08:30,班,on_duty
US00027,2026-06-14,US202601270005,17,08:30,09:00,班,on_duty
US00027,2026-06-14,US202601270005,18,09:00,09:30,班,on_duty
US00027,2026-06-14,US202601270005,19,09:30,10:00,班,on_duty
US00027,2026-06-14,US202601270005,20,10:00,10:30,休,rest
US00027,2026-06-14,US202601270005,21,10:30,11:00,休,rest
US00027,2026-06-14,US202601270005,22,11:00,11:30,班,on_duty
US00027,2026-06-14,US202601270005,23,11:30,12:00,班,on_duty
US00027,2026-06-14,US202601270005,24,12:00,12:30,班,on_duty
US00027,2026-06-14,US202601270005,25,12:30,13:00,班,on_duty
US00027,2026-06-14,US202601270005,26,13:00,13:30,班,on_duty
US00027,2026-06-14,US202601270005,27,13:30,14:00,班,on_duty
US00027,2026-06-14,US202601270005,28,14:00,14:30,班,on_duty
